year,eventYears,numAchieved,numEvents,numEventsAll,eventLength,eventLengthAchieved,totalEventDays,totalEventDaysAchieved,maxEventDays,maxRollingEvents,maxRollingAchievement,missingDays,totalPossibleDays,ewrCode,scenario,gauge,pu,state,SWSDLName,multigauge,rollingMaxInterEvent,rollingMaxInterEventAchieved
2019,0.0,0.0,0.0,0.0,0.0,0.0,0.0,0.0,0.0,0.0,0.0,0.0,183.0,BF1_b,hydrographs_LowerDarling,425010,Murray River - Lock 10 to Lock 9,NSW,Lower Darling,,183,1
2020,0.0,0.0,0.0,4.0,23.75,23.75,95.0,95.0,41.0,41.0,0.0,0.0,365.0,BF1_b,hydrographs_LowerDarling,425010,Murray River - Lock 10 to Lock 9,NSW,Lower Darling,,202,1
2021,1.0,1.0,1.0,1.0,176.0,176.0,176.0,176.0,176.0,176.0,1.0,0.0,365.0,BF1_b,hydrographs_LowerDarling,425010,Murray River - Lock 10 to Lock 9,NSW,Lower Darling,,210,1
2022,1.0,1.0,1.0,1.0,184.0,184.0,184.0,184.0,184.0,184.0,1.0,0.0,365.0,BF1_b,hydrographs_LowerDarling,425010,Murray River - Lock 10 to Lock 9,NSW,Lower Darling,,181,1
2023,1.0,1.0,1.0,1.0,178.0,178.0,178.0,178.0,178.0,178.0,1.0,0.0,366.0,BF1_b,hydrographs_LowerDarling,425010,Murray River - Lock 10 to Lock 9,NSW,Lower Darling,,188,1
2024,0.0,0.0,0.0,2.0,49.5,49.5,99.0,99.0,80.0,80.0,0.0,0.0,281.0,BF1_b,hydrographs_LowerDarling,425010,Murray River - Lock 10 to Lock 9,NSW,Lower Darling,,200,1
2019,0.0,0.0,0.0,0.0,0.0,0.0,0.0,0.0,0.0,0.0,0.0,0.0,183.0,BK1_P,hydrographs_LowerDarling,425010,Murray River - Lock 10 to Lock 9,NSW,Lower Darling,,183,1
2020,0.0,0.0,0.0,0.0,0.0,0.0,0.0,0.0,0.0,0.0,0.0,0.0,365.0,BK1_P,hydrographs_LowerDarling,425010,Murray River - Lock 10 to Lock 9,NSW,Lower Darling,,548,1
2021,0.0,0.0,0.0,0.0,0.0,0.0,0.0,0.0,0.0,0.0,0.0,0.0,365.0,BK1_P,hydrographs_LowerDarling,425010,Murray River - Lock 10 to Lock 9,NSW,Lower Darling,,913,1
2022,1.0,1.0,1.0,1.0,192.0,192.0,192.0,192.0,192.0,192.0,1.0,0.0,365.0,BK1_P,hydrographs_LowerDarling,425010,Murray River - Lock 10 to Lock 9,NSW,Lower Darling,,944,1
2023,1.0,1.0,1.0,1.0,42.0,42.0,42.0,42.0,42.0,42.0,1.0,0.0,366.0,BK1_P,hydrographs_LowerDarling,425010,Murray River - Lock 10 to Lock 9,NSW,Lower Darling,,293,1
2024,0.0,0.0,0.0,0.0,0.0,0.0,0.0,0.0,0.0,0.0,0.0,0.0,281.0,BK1_P,hydrographs_LowerDarling,425010,Murray River - Lock 10 to Lock 9,NSW,Lower Darling,,574,1
2019,0.0,0.0,0.0,0.0,0.0,0.0,0.0,0.0,0.0,0.0,0.0,0.0,183.0,OB4,hydrographs_LowerDarling,425010,Murray River - Lock 10 to Lock 9,NSW,Lower Darling,,183,1
2020,0.0,0.0,0.0,0.0,0.0,0.0,0.0,0.0,0.0,0.0,0.0,0.0,365.0,OB4,hydrographs_LowerDarling,425010,Murray River - Lock 10 to Lock 9,NSW,Lower Darling,,548,1
2021,0.0,0.0,0.0,0.0,0.0,0.0,0.0,0.0,0.0,0.0,0.0,0.0,365.0,OB4,hydrographs_LowerDarling,425010,Murray River - Lock 10 to Lock 9,NSW,Lower Darling,,913,1
2022,1.0,1.0,1.0,1.0,74.0,74.0,74.0,74.0,74.0,74.0,1.0,0.0,365.0,OB4,hydrographs_LowerDarling,425010,Murray River - Lock 10 to Lock 9,NSW,Lower Darling,,1043,1
2023,0.0,0.0,0.0,0.0,0.0,0.0,0.0,0.0,0.0,0.0,0.0,0.0,366.0,OB4,hydrographs_LowerDarling,425010,Murray River - Lock 10 to Lock 9,NSW,Lower Darling,,527,1
2024,0.0,0.0,0.0,0.0,0.0,0.0,0.0,0.0,0.0,0.0,0.0,0.0,281.0,OB4,hydrographs_LowerDarling,425010,Murray River - Lock 10 to Lock 9,NSW,Lower Darling,,808,1
2019,0.0,0.0,0.0,0.0,0.0,0.0,0.0,0.0,0.0,0.0,0.0,0.0,183.0,OB2,hydrographs_LowerDarling,425010,Murray River - Lock 10 to Lock 9,NSW,Lower Darling,,183,1
2020,0.0,0.0,0.0,0.0,0.0,0.0,0.0,0.0,0.0,0.0,0.0,0.0,365.0,OB2,hydrographs_LowerDarling,425010,Murray River - Lock 10 to Lock 9,NSW,Lower Darling,,548,1
2021,0.0,0.0,0.0,0.0,0.0,0.0,0.0,0.0,0.0,0.0,0.0,0.0,365.0,OB2,hydrographs_LowerDarling,425010,Murray River - Lock 10 to Lock 9,NSW,Lower Darling,,913,1
2022,1.0,1.0,1.0,1.0,111.0,111.0,111.0,111.0,111.0,111.0,1.0,0.0,365.0,OB2,hydrographs_LowerDarling,425010,Murray River - Lock 10 to Lock 9,NSW,Lower Darling,,1011,1
2023,0.0,0.0,0.0,0.0,0.0,0.0,0.0,0.0,0.0,0.0,0.0,0.0,366.0,OB2,hydrographs_LowerDarling,425010,Murray River - Lock 10 to Lock 9,NSW,Lower Darling,,522,1
2024,0.0,0.0,0.0,0.0,0.0,0.0,0.0,0.0,0.0,0.0,0.0,0.0,281.0,OB2,hydrographs_LowerDarling,425010,Murray River - Lock 10 to Lock 9,NSW,Lower Darling,,803,1
2019,0.0,0.0,0.0,5.0,35.2,35.2,176.0,176.0,76.0,76.0,0.0,0.0,183.0,VF,hydrographs_LowerDarling,425010,Murray River - Lock 10 to Lock 9,NSW,Lower Darling,,4,0
2020,1.0,1.0,1.0,1.0,365.0,365.0,365.0,365.0,365.0,365.0,1.0,0.0,365.0,VF,hydrographs_LowerDarling,425010,Murray River - Lock 10 to Lock 9,NSW,Lower Darling,,0,1
2021,1.0,1.0,1.0,1.0,365.0,365.0,365.0,365.0,365.0,365.0,1.0,0.0,365.0,VF,hydrographs_LowerDarling,425010,Murray River - Lock 10 to Lock 9,NSW,Lower Darling,,0,1
2022,1.0,1.0,1.0,1.0,365.0,365.0,365.0,365.0,365.0,365.0,1.0,0.0,365.0,VF,hydrographs_LowerDarling,425010,Murray River - Lock 10 to Lock 9,NSW,Lower Darling,,0,1
2023,1.0,1.0,1.0,1.0,366.0,366.0,366.0,366.0,366.0,366.0,1.0,0.0,366.0,VF,hydrographs_LowerDarling,425010,Murray River - Lock 10 to Lock 9,NSW,Lower Darling,,0,1
2024,0.0,0.0,0.0,5.0,54.2,54.2,271.0,271.0,194.0,194.0,0.0,0.0,281.0,VF,hydrographs_LowerDarling,425010,Murray River - Lock 10 to Lock 9,NSW,Lower Darling,,4,0
2019,0.0,0.0,0.0,0.0,0.0,0.0,0.0,0.0,0.0,0.0,0.0,0.0,183.0,LF1,hydrographs_LowerDarling,425010,Murray River - Lock 10 to Lock 9,NSW,Lower Darling,,183,1
2020,0.0,0.0,0.0,0.0,0.0,0.0,0.0,0.0,0.0,0.0,0.0,0.0,365.0,LF1,hydrographs_LowerDarling,425010,Murray River - Lock 10 to Lock 9,NSW,Lower Darling,,548,1
2021,1.0,1.0,1.0,1.0,181.0,181.0,181.0,181.0,181.0,181.0,1.0,0.0,365.0,LF1,hydrographs_LowerDarling,425010,Murray River - Lock 10 to Lock 9,NSW,Lower Darling,,610,1
2022,1.0,1.0,1.0,1.0,181.0,181.0,181.0,181.0,181.0,181.0,1.0,0.0,365.0,LF1,hydrographs_LowerDarling,425010,Murray River - Lock 10 to Lock 9,NSW,Lower Darling,,184,1
2023,1.0,2.0,2.0,3.0,35.333333333333336,50.0,106.0,100.0,79.0,79.0,1.0,0.0,366.0,LF1,hydrographs_LowerDarling,425010,Murray River - Lock 10 to Lock 9,NSW,Lower Darling,,184,1
2024,0.0,0.0,0.0,1.0,13.0,0.0,13.0,0.0,13.0,13.0,0.0,0.0,281.0,LF1,hydrographs_LowerDarling,425010,Murray River - Lock 10 to Lock 9,NSW,Lower Darling,,424,1
2019,0.0,0.0,0.0,0.0,0.0,0.0,0.0,0.0,0.0,0.0,0.0,0.0,183.0,BK1_S,hydrographs_LowerDarling,425010,Murray River - Lock 10 to Lock 9,NSW,Lower Darling,,183,1
2020,0.0,0.0,0.0,0.0,0.0,0.0,0.0,0.0,0.0,0.0,0.0,0.0,365.0,BK1_S,hydrographs_LowerDarling,425010,Murray River - Lock 10 to Lock 9,NSW,Lower Darling,,548,1
2021,0.0,0.0,0.0,1.0,1.0,0.0,1.0,0.0,1.0,1.0,0.0,0.0,365.0,BK1_S,hydrographs_LowerDarling,425010,Murray River - Lock 10 to Lock 9,NSW,Lower Darling,,913,1
2022,1.0,1.0,1.0,1.0,222.0,222.0,222.0,222.0,222.0,222.0,1.0,0.0,365.0,BK1_S,hydrographs_LowerDarling,425010,Murray River - Lock 10 to Lock 9,NSW,Lower Darling,,914,1
2023,1.0,1.0,1.0,1.0,53.0,53.0,53.0,53.0,53.0,53.0,1.0,0.0,366.0,BK1_S,hydrographs_LowerDarling,425010,Murray River - Lock 10 to Lock 9,NSW,Lower Darling,,293,1
2024,0.0,0.0,0.0,0.0,0.0,0.0,0.0,0.0,0.0,0.0,0.0,0.0,281.0,BK1_S,hydrographs_LowerDarling,425010,Murray River - Lock 10 to Lock 9,NSW,Lower Darling,,574,1
2019,0.0,0.0,0.0,0.0,0.0,0.0,0.0,0.0,0.0,0.0,0.0,0.0,183.0,OB1_S,hydrographs_LowerDarling,425010,Murray River - Lock 10 to Lock 9,NSW,Lower Darling,,183,1
2020,0.0,0.0,0.0,0.0,0.0,0.0,0.0,0.0,0.0,0.0,0.0,0.0,365.0,OB1_S,hydrographs_LowerDarling,425010,Murray River - Lock 10 to Lock 9,NSW,Lower Darling,,548,1
2021,0.0,0.0,0.0,0.0,0.0,0.0,0.0,0.0,0.0,0.0,0.0,0.0,365.0,OB1_S,hydrographs_LowerDarling,425010,Murray River - Lock 10 to Lock 9,NSW,Lower Darling,,913,1
2022,1.0,1.0,1.0,1.0,139.0,139.0,139.0,139.0,139.0,139.0,1.0,0.0,365.0,OB1_S,hydrographs_LowerDarling,425010,Murray River - Lock 10 to Lock 9,NSW,Lower Darling,,986,1
2023,0.0,0.0,0.0,1.0,17.0,0.0,17.0,0.0,17.0,17.0,0.0,0.0,366.0,OB1_S,hydrographs_LowerDarling,425010,Murray River - Lock 10 to Lock 9,NSW,Lower Darling,,519,1
2024,0.0,0.0,0.0,0.0,0.0,0.0,0.0,0.0,0.0,0.0,0.0,0.0,281.0,OB1_S,hydrographs_LowerDarling,425010,Murray River - Lock 10 to Lock 9,NSW,Lower Darling,,800,1
2019,0.0,0.0,0.0,0.0,0.0,0.0,0.0,0.0,0.0,0.0,0.0,0.0,183.0,BF1_a,hydrographs_LowerDarling,425010,Murray River - Lock 10 to Lock 9,NSW,Lower Darling,,183,1
2020,0.0,0.0,0.0,4.0,23.75,23.75,95.0,95.0,41.0,41.0,0.0,0.0,365.0,BF1_a,hydrographs_LowerDarling,425010,Murray River - Lock 10 to Lock 9,NSW,Lower Darling,,202,1
2021,0.0,0.0,0.0,1.0,176.0,176.0,176.0,176.0,176.0,176.0,0.0,0.0,365.0,BF1_a,hydrographs_LowerDarling,425010,Murray River - Lock 10 to Lock 9,NSW,Lower Darling,,210,1
2022,1.0,1.0,1.0,1.0,184.0,184.0,184.0,184.0,184.0,184.0,1.0,0.0,365.0,BF1_a,hydrographs_LowerDarling,425010,Murray River - Lock 10 to Lock 9,NSW,Lower Darling,,181,1
2023,0.0,0.0,0.0,1.0,178.0,178.0,178.0,178.0,178.0,178.0,0.0,0.0,366.0,BF1_a,hydrographs_LowerDarling,425010,Murray River - Lock 10 to Lock 9,NSW,Lower Darling,,188,1
2024,0.0,0.0,0.0,2.0,49.5,49.5,99.0,99.0,80.0,80.0,0.0,0.0,281.0,BF1_a,hydrographs_LowerDarling,425010,Murray River - Lock 10 to Lock 9,NSW,Lower Darling,,200,1
2019,0.0,0.0,0.0,0.0,0.0,0.0,0.0,0.0,0.0,0.0,0.0,0.0,183.0,LF2,hydrographs_LowerDarling,425010,Murray River - Lock 10 to Lock 9,NSW,Lower Darling,,183,1
2020,0.0,0.0,0.0,0.0,0.0,0.0,0.0,0.0,0.0,0.0,0.0,0.0,365.0,LF2,hydrographs_LowerDarling,425010,Murray River - Lock 10 to Lock 9,NSW,Lower Darling,,548,1
2021,1.0,1.0,1.0,1.0,186.0,186.0,186.0,186.0,186.0,186.0,1.0,0.0,365.0,LF2,hydrographs_LowerDarling,425010,Murray River - Lock 10 to Lock 9,NSW,Lower Darling,,610,1
2022,1.0,1.0,1.0,1.0,189.0,189.0,189.0,189.0,189.0,189.0,1.0,0.0,365.0,LF2,hydrographs_LowerDarling,425010,Murray River - Lock 10 to Lock 9,NSW,Lower Darling,,179,1
2023,1.0,1.0,1.0,3.0,35.333333333333336,79.0,106.0,79.0,79.0,79.0,1.0,0.0,366.0,LF2,hydrographs_LowerDarling,425010,Murray River - Lock 10 to Lock 9,NSW,Lower Darling,,225,1
2024,0.0,0.0,0.0,1.0,13.0,0.0,13.0,0.0,13.0,13.0,0.0,0.0,281.0,LF2,hydrographs_LowerDarling,425010,Murray River - Lock 10 to Lock 9,NSW,Lower Darling,,506,1
2019,0.0,0.0,0.0,0.0,0.0,0.0,0.0,0.0,0.0,0.0,0.0,0.0,183.0,OB1_P,hydrographs_LowerDarling,425010,Murray River - Lock 10 to Lock 9,NSW,Lower Darling,,183,1
2020,0.0,0.0,0.0,0.0,0.0,0.0,0.0,0.0,0.0,0.0,0.0,0.0,365.0,OB1_P,hydrographs_LowerDarling,425010,Murray River - Lock 10 to Lock 9,NSW,Lower Darling,,548,1
2021,0.0,0.0,0.0,0.0,0.0,0.0,0.0,0.0,0.0,0.0,0.0,0.0,365.0,OB1_P,hydrographs_LowerDarling,425010,Murray River - Lock 10 to Lock 9,NSW,Lower Darling,,913,1
2022,1.0,1.0,1.0,1.0,139.0,139.0,139.0,139.0,139.0,139.0,1.0,0.0,365.0,OB1_P,hydrographs_LowerDarling,425010,Murray River - Lock 10 to Lock 9,NSW,Lower Darling,,986,1
2023,0.0,0.0,0.0,1.0,17.0,0.0,17.0,0.0,17.0,17.0,0.0,0.0,366.0,OB1_P,hydrographs_LowerDarling,425010,Murray River - Lock 10 to Lock 9,NSW,Lower Darling,,519,1
2024,0.0,0.0,0.0,0.0,0.0,0.0,0.0,0.0,0.0,0.0,0.0,0.0,281.0,OB1_P,hydrographs_LowerDarling,425010,Murray River - Lock 10 to Lock 9,NSW,Lower Darling,,800,1
2019,0.0,0.0,0.0,0.0,0.0,0.0,0.0,0.0,0.0,0.0,0.0,0.0,183.0,SF2,hydrographs_LowerDarling,425010,Murray River - Lock 10 to Lock 9,NSW,Lower Darling,,183,1
2020,0.0,0.0,0.0,0.0,0.0,0.0,0.0,0.0,0.0,0.0,0.0,0.0,365.0,SF2,hydrographs_LowerDarling,425010,Murray River - Lock 10 to Lock 9,NSW,Lower Darling,,548,1
2021,1.0,1.0,1.0,1.0,212.0,212.0,212.0,212.0,212.0,212.0,1.0,0.0,365.0,SF2,hydrographs_LowerDarling,425010,Murray River - Lock 10 to Lock 9,NSW,Lower Darling,,640,1
2022,1.0,2.0,2.0,3.0,66.33333333333333,97.0,199.0,194.0,168.0,168.0,1.0,0.0,365.0,SF2,hydrographs_LowerDarling,425010,Murray River - Lock 10 to Lock 9,NSW,Lower Darling,,153,1
2023,1.0,2.0,2.0,2.0,56.0,56.0,112.0,112.0,77.0,77.0,1.0,0.0,366.0,SF2,hydrographs_LowerDarling,425010,Murray River - Lock 10 to Lock 9,NSW,Lower Darling,,153,1
2024,1.0,1.0,1.0,1.0,69.0,69.0,69.0,69.0,69.0,69.0,1.0,0.0,281.0,SF2,hydrographs_LowerDarling,425010,Murray River - Lock 10 to Lock 9,NSW,Lower Darling,,240,1
2019,0.0,0.0,0.0,0.0,0.0,0.0,0.0,0.0,0.0,0.0,0.0,0.0,183.0,OB3,hydrographs_LowerDarling,425010,Murray River - Lock 10 to Lock 9,NSW,Lower Darling,,183,1
2020,0.0,0.0,0.0,0.0,0.0,0.0,0.0,0.0,0.0,0.0,0.0,0.0,365.0,OB3,hydrographs_LowerDarling,425010,Murray River - Lock 10 to Lock 9,NSW,Lower Darling,,548,1
2021,0.0,0.0,0.0,0.0,0.0,0.0,0.0,0.0,0.0,0.0,0.0,0.0,365.0,OB3,hydrographs_LowerDarling,425010,Murray River - Lock 10 to Lock 9,NSW,Lower Darling,,913,1
2022,1.0,1.0,1.0,1.0,97.0,97.0,97.0,97.0,97.0,97.0,1.0,0.0,365.0,OB3,hydrographs_LowerDarling,425010,Murray River - Lock 10 to Lock 9,NSW,Lower Darling,,1023,1
2023,0.0,0.0,0.0,0.0,0.0,0.0,0.0,0.0,0.0,0.0,0.0,0.0,366.0,OB3,hydrographs_LowerDarling,425010,Murray River - Lock 10 to Lock 9,NSW,Lower Darling,,524,1
2024,0.0,0.0,0.0,0.0,0.0,0.0,0.0,0.0,0.0,0.0,0.0,0.0,281.0,OB3,hydrographs_LowerDarling,425010,Murray River - Lock 10 to Lock 9,NSW,Lower Darling,,805,1
2019,0.0,0.0,0.0,0.0,0.0,0.0,0.0,0.0,0.0,0.0,0.0,0.0,153.0,SF1,hydrographs_LowerDarling,425010,Murray River - Lock 10 to Lock 9,NSW,Lower Darling,,153,1
2020,0.0,0.0,0.0,3.0,5.666666666666667,0.0,17.0,0.0,7.0,7.0,0.0,0.0,365.0,SF1,hydrographs_LowerDarling,425010,Murray River - Lock 10 to Lock 9,NSW,Lower Darling,,518,0
2021,1.0,1.0,1.0,1.0,81.0,81.0,81.0,81.0,81.0,81.0,1.0,0.0,365.0,SF1,hydrographs_LowerDarling,425010,Murray River - Lock 10 to Lock 9,NSW,Lower Darling,,559,0
2022,1.0,1.0,1.0,1.0,122.0,122.0,122.0,122.0,122.0,122.0,1.0,0.0,365.0,SF1,hydrographs_LowerDarling,425010,Murray River - Lock 10 to Lock 9,NSW,Lower Darling,,243,1
2023,1.0,1.0,1.0,1.0,104.0,104.0,104.0,104.0,104.0,104.0,1.0,0.0,366.0,SF1,hydrographs_LowerDarling,425010,Murray River - Lock 10 to Lock 9,NSW,Lower Darling,,261,1
2024,0.0,0.0,0.0,0.0,0.0,0.0,0.0,0.0,0.0,0.0,0.0,0.0,311.0,SF1,hydrographs_LowerDarling,425010,Murray River - Lock 10 to Lock 9,NSW,Lower Darling,,555,0
2019,0.0,0.0,0.0,0.0,0.0,0.0,0.0,0.0,0.0,0.0,0.0,0.0,183.0,BF1_b,hydrographs_LowerDarling,414203,Murray River - Lock 15 weir pool to Lock 10,NSW,Lower Darling,,0,1
2020,0.0,0.0,0.0,0.0,0.0,0.0,0.0,0.0,0.0,0.0,0.0,0.0,365.0,BF1_b,hydrographs_LowerDarling,414203,Murray River - Lock 15 weir pool to Lock 10,NSW,Lower Darling,,0,1
2021,0.0,0.0,0.0,0.0,0.0,0.0,0.0,0.0,0.0,0.0,0.0,0.0,365.0,BF1_b,hydrographs_LowerDarling,414203,Murray River - Lock 15 weir pool to Lock 10,NSW,Lower Darling,,0,1
2022,0.0,0.0,0.0,0.0,0.0,0.0,0.0,0.0,0.0,0.0,0.0,0.0,365.0,BF1_b,hydrographs_LowerDarling,414203,Murray River - Lock 15 weir pool to Lock 10,NSW,Lower Darling,,0,1
2023,0.0,0.0,0.0,0.0,0.0,0.0,0.0,0.0,0.0,0.0,0.0,0.0,366.0,BF1_b,hydrographs_LowerDarling,414203,Murray River - Lock 15 weir pool to Lock 10,NSW,Lower Darling,,0,1
2024,0.0,0.0,0.0,0.0,0.0,0.0,0.0,0.0,0.0,0.0,0.0,0.0,281.0,BF1_b,hydrographs_LowerDarling,414203,Murray River - Lock 15 weir pool to Lock 10,NSW,Lower Darling,,0,1
2019,0.0,0.0,0.0,0.0,0.0,0.0,0.0,0.0,0.0,0.0,0.0,0.0,183.0,BK1_P,hydrographs_LowerDarling,414203,Murray River - Lock 15 weir pool to Lock 10,NSW,Lower Darling,,0,1
2020,0.0,0.0,0.0,0.0,0.0,0.0,0.0,0.0,0.0,0.0,0.0,0.0,365.0,BK1_P,hydrographs_LowerDarling,414203,Murray River - Lock 15 weir pool to Lock 10,NSW,Lower Darling,,0,1
2021,0.0,0.0,0.0,0.0,0.0,0.0,0.0,0.0,0.0,0.0,0.0,0.0,365.0,BK1_P,hydrographs_LowerDarling,414203,Murray River - Lock 15 weir pool to Lock 10,NSW,Lower Darling,,0,1
2022,0.0,0.0,0.0,0.0,0.0,0.0,0.0,0.0,0.0,0.0,0.0,0.0,365.0,BK1_P,hydrographs_LowerDarling,414203,Murray River - Lock 15 weir pool to Lock 10,NSW,Lower Darling,,0,1
2023,0.0,0.0,0.0,0.0,0.0,0.0,0.0,0.0,0.0,0.0,0.0,0.0,366.0,BK1_P,hydrographs_LowerDarling,414203,Murray River - Lock 15 weir pool to Lock 10,NSW,Lower Darling,,0,1
2024,0.0,0.0,0.0,0.0,0.0,0.0,0.0,0.0,0.0,0.0,0.0,0.0,281.0,BK1_P,hydrographs_LowerDarling,414203,Murray River - Lock 15 weir pool to Lock 10,NSW,Lower Darling,,0,1
2019,0.0,0.0,0.0,0.0,0.0,0.0,0.0,0.0,0.0,0.0,0.0,0.0,183.0,OB4,hydrographs_LowerDarling,414203,Murray River - Lock 15 weir pool to Lock 10,NSW,Lower Darling,,0,1
2020,0.0,0.0,0.0,0.0,0.0,0.0,0.0,0.0,0.0,0.0,0.0,0.0,365.0,OB4,hydrographs_LowerDarling,414203,Murray River - Lock 15 weir pool to Lock 10,NSW,Lower Darling,,0,1
2021,0.0,0.0,0.0,0.0,0.0,0.0,0.0,0.0,0.0,0.0,0.0,0.0,365.0,OB4,hydrographs_LowerDarling,414203,Murray River - Lock 15 weir pool to Lock 10,NSW,Lower Darling,,0,1
2022,0.0,0.0,0.0,0.0,0.0,0.0,0.0,0.0,0.0,0.0,0.0,0.0,365.0,OB4,hydrographs_LowerDarling,414203,Murray River - Lock 15 weir pool to Lock 10,NSW,Lower Darling,,0,1
2023,0.0,0.0,0.0,0.0,0.0,0.0,0.0,0.0,0.0,0.0,0.0,0.0,366.0,OB4,hydrographs_LowerDarling,414203,Murray River - Lock 15 weir pool to Lock 10,NSW,Lower Darling,,0,1
2024,0.0,0.0,0.0,0.0,0.0,0.0,0.0,0.0,0.0,0.0,0.0,0.0,281.0,OB4,hydrographs_LowerDarling,414203,Murray River - Lock 15 weir pool to Lock 10,NSW,Lower Darling,,0,1
2019,0.0,0.0,0.0,0.0,0.0,0.0,0.0,0.0,0.0,0.0,0.0,0.0,183.0,OB2,hydrographs_LowerDarling,414203,Murray River - Lock 15 weir pool to Lock 10,NSW,Lower Darling,,0,1
2020,0.0,0.0,0.0,0.0,0.0,0.0,0.0,0.0,0.0,0.0,0.0,0.0,365.0,OB2,hydrographs_LowerDarling,414203,Murray River - Lock 15 weir pool to Lock 10,NSW,Lower Darling,,0,1
2021,0.0,0.0,0.0,0.0,0.0,0.0,0.0,0.0,0.0,0.0,0.0,0.0,365.0,OB2,hydrographs_LowerDarling,414203,Murray River - Lock 15 weir pool to Lock 10,NSW,Lower Darling,,0,1
2022,0.0,0.0,0.0,0.0,0.0,0.0,0.0,0.0,0.0,0.0,0.0,0.0,365.0,OB2,hydrographs_LowerDarling,414203,Murray River - Lock 15 weir pool to Lock 10,NSW,Lower Darling,,0,1
2023,0.0,0.0,0.0,0.0,0.0,0.0,0.0,0.0,0.0,0.0,0.0,0.0,366.0,OB2,hydrographs_LowerDarling,414203,Murray River - Lock 15 weir pool to Lock 10,NSW,Lower Darling,,0,1
2024,0.0,0.0,0.0,0.0,0.0,0.0,0.0,0.0,0.0,0.0,0.0,0.0,281.0,OB2,hydrographs_LowerDarling,414203,Murray River - Lock 15 weir pool to Lock 10,NSW,Lower Darling,,0,1
2019,0.0,0.0,0.0,0.0,0.0,0.0,0.0,0.0,0.0,0.0,0.0,0.0,153.0,LF1,hydrographs_LowerDarling,414203,Murray River - Lock 15 weir pool to Lock 10,NSW,Lower Darling,,0,1
2020,0.0,0.0,0.0,0.0,0.0,0.0,0.0,0.0,0.0,0.0,0.0,0.0,365.0,LF1,hydrographs_LowerDarling,414203,Murray River - Lock 15 weir pool to Lock 10,NSW,Lower Darling,,0,1
2021,0.0,0.0,0.0,0.0,0.0,0.0,0.0,0.0,0.0,0.0,0.0,0.0,365.0,LF1,hydrographs_LowerDarling,414203,Murray River - Lock 15 weir pool to Lock 10,NSW,Lower Darling,,0,1
2022,0.0,0.0,0.0,0.0,0.0,0.0,0.0,0.0,0.0,0.0,0.0,0.0,365.0,LF1,hydrographs_LowerDarling,414203,Murray River - Lock 15 weir pool to Lock 10,NSW,Lower Darling,,0,1
2023,0.0,0.0,0.0,0.0,0.0,0.0,0.0,0.0,0.0,0.0,0.0,0.0,366.0,LF1,hydrographs_LowerDarling,414203,Murray River - Lock 15 weir pool to Lock 10,NSW,Lower Darling,,0,1
2024,0.0,0.0,0.0,0.0,0.0,0.0,0.0,0.0,0.0,0.0,0.0,0.0,311.0,LF1,hydrographs_LowerDarling,414203,Murray River - Lock 15 weir pool to Lock 10,NSW,Lower Darling,,0,1
2019,0.0,0.0,0.0,0.0,0.0,0.0,0.0,0.0,0.0,0.0,0.0,0.0,183.0,BK1_S,hydrographs_LowerDarling,414203,Murray River - Lock 15 weir pool to Lock 10,NSW,Lower Darling,,0,1
2020,0.0,0.0,0.0,0.0,0.0,0.0,0.0,0.0,0.0,0.0,0.0,0.0,365.0,BK1_S,hydrographs_LowerDarling,414203,Murray River - Lock 15 weir pool to Lock 10,NSW,Lower Darling,,0,1
2021,0.0,0.0,0.0,0.0,0.0,0.0,0.0,0.0,0.0,0.0,0.0,0.0,365.0,BK1_S,hydrographs_LowerDarling,414203,Murray River - Lock 15 weir pool to Lock 10,NSW,Lower Darling,,0,1
2022,0.0,0.0,0.0,0.0,0.0,0.0,0.0,0.0,0.0,0.0,0.0,0.0,365.0,BK1_S,hydrographs_LowerDarling,414203,Murray River - Lock 15 weir pool to Lock 10,NSW,Lower Darling,,0,1
2023,0.0,0.0,0.0,0.0,0.0,0.0,0.0,0.0,0.0,0.0,0.0,0.0,366.0,BK1_S,hydrographs_LowerDarling,414203,Murray River - Lock 15 weir pool to Lock 10,NSW,Lower Darling,,0,1
2024,0.0,0.0,0.0,0.0,0.0,0.0,0.0,0.0,0.0,0.0,0.0,0.0,281.0,BK1_S,hydrographs_LowerDarling,414203,Murray River - Lock 15 weir pool to Lock 10,NSW,Lower Darling,,0,1
2019,0.0,0.0,0.0,0.0,0.0,0.0,0.0,0.0,0.0,0.0,0.0,0.0,183.0,OB1_S,hydrographs_LowerDarling,414203,Murray River - Lock 15 weir pool to Lock 10,NSW,Lower Darling,,0,1
2020,0.0,0.0,0.0,0.0,0.0,0.0,0.0,0.0,0.0,0.0,0.0,0.0,365.0,OB1_S,hydrographs_LowerDarling,414203,Murray River - Lock 15 weir pool to Lock 10,NSW,Lower Darling,,0,1
2021,0.0,0.0,0.0,0.0,0.0,0.0,0.0,0.0,0.0,0.0,0.0,0.0,365.0,OB1_S,hydrographs_LowerDarling,414203,Murray River - Lock 15 weir pool to Lock 10,NSW,Lower Darling,,0,1
2022,0.0,0.0,0.0,0.0,0.0,0.0,0.0,0.0,0.0,0.0,0.0,0.0,365.0,OB1_S,hydrographs_LowerDarling,414203,Murray River - Lock 15 weir pool to Lock 10,NSW,Lower Darling,,0,1
2023,0.0,0.0,0.0,0.0,0.0,0.0,0.0,0.0,0.0,0.0,0.0,0.0,366.0,OB1_S,hydrographs_LowerDarling,414203,Murray River - Lock 15 weir pool to Lock 10,NSW,Lower Darling,,0,1
2024,0.0,0.0,0.0,0.0,0.0,0.0,0.0,0.0,0.0,0.0,0.0,0.0,281.0,OB1_S,hydrographs_LowerDarling,414203,Murray River - Lock 15 weir pool to Lock 10,NSW,Lower Darling,,0,1
2019,0.0,0.0,0.0,0.0,0.0,0.0,0.0,0.0,0.0,0.0,0.0,0.0,183.0,OB5,hydrographs_LowerDarling,414203,Murray River - Lock 15 weir pool to Lock 10,NSW,Lower Darling,,0,1
2020,0.0,0.0,0.0,0.0,0.0,0.0,0.0,0.0,0.0,0.0,0.0,0.0,365.0,OB5,hydrographs_LowerDarling,414203,Murray River - Lock 15 weir pool to Lock 10,NSW,Lower Darling,,0,1
2021,0.0,0.0,0.0,0.0,0.0,0.0,0.0,0.0,0.0,0.0,0.0,0.0,365.0,OB5,hydrographs_LowerDarling,414203,Murray River - Lock 15 weir pool to Lock 10,NSW,Lower Darling,,0,1
2022,0.0,0.0,0.0,0.0,0.0,0.0,0.0,0.0,0.0,0.0,0.0,0.0,365.0,OB5,hydrographs_LowerDarling,414203,Murray River - Lock 15 weir pool to Lock 10,NSW,Lower Darling,,0,1
2023,0.0,0.0,0.0,0.0,0.0,0.0,0.0,0.0,0.0,0.0,0.0,0.0,366.0,OB5,hydrographs_LowerDarling,414203,Murray River - Lock 15 weir pool to Lock 10,NSW,Lower Darling,,0,1
2024,0.0,0.0,0.0,0.0,0.0,0.0,0.0,0.0,0.0,0.0,0.0,0.0,281.0,OB5,hydrographs_LowerDarling,414203,Murray River - Lock 15 weir pool to Lock 10,NSW,Lower Darling,,0,1
2019,0.0,0.0,0.0,0.0,0.0,0.0,0.0,0.0,0.0,0.0,0.0,0.0,183.0,VF,hydrographs_LowerDarling,414203,Murray River - Lock 15 weir pool to Lock 10,NSW,Lower Darling,,0,1
2020,0.0,0.0,0.0,0.0,0.0,0.0,0.0,0.0,0.0,0.0,0.0,0.0,365.0,VF,hydrographs_LowerDarling,414203,Murray River - Lock 15 weir pool to Lock 10,NSW,Lower Darling,,0,1
2021,0.0,0.0,0.0,0.0,0.0,0.0,0.0,0.0,0.0,0.0,0.0,0.0,365.0,VF,hydrographs_LowerDarling,414203,Murray River - Lock 15 weir pool to Lock 10,NSW,Lower Darling,,0,1
2022,0.0,0.0,0.0,0.0,0.0,0.0,0.0,0.0,0.0,0.0,0.0,0.0,365.0,VF,hydrographs_LowerDarling,414203,Murray River - Lock 15 weir pool to Lock 10,NSW,Lower Darling,,0,1
2023,0.0,0.0,0.0,0.0,0.0,0.0,0.0,0.0,0.0,0.0,0.0,0.0,366.0,VF,hydrographs_LowerDarling,414203,Murray River - Lock 15 weir pool to Lock 10,NSW,Lower Darling,,0,1
2024,0.0,0.0,0.0,0.0,0.0,0.0,0.0,0.0,0.0,0.0,0.0,0.0,281.0,VF,hydrographs_LowerDarling,414203,Murray River - Lock 15 weir pool to Lock 10,NSW,Lower Darling,,0,1
2019,0.0,0.0,0.0,0.0,0.0,0.0,0.0,0.0,0.0,0.0,0.0,0.0,183.0,SF2_S,hydrographs_LowerDarling,414203,Murray River - Lock 15 weir pool to Lock 10,NSW,Lower Darling,,0,1
2020,0.0,0.0,0.0,0.0,0.0,0.0,0.0,0.0,0.0,0.0,0.0,0.0,365.0,SF2_S,hydrographs_LowerDarling,414203,Murray River - Lock 15 weir pool to Lock 10,NSW,Lower Darling,,0,1
2021,0.0,0.0,0.0,0.0,0.0,0.0,0.0,0.0,0.0,0.0,0.0,0.0,365.0,SF2_S,hydrographs_LowerDarling,414203,Murray River - Lock 15 weir pool to Lock 10,NSW,Lower Darling,,0,1
2022,0.0,0.0,0.0,0.0,0.0,0.0,0.0,0.0,0.0,0.0,0.0,0.0,365.0,SF2_S,hydrographs_LowerDarling,414203,Murray River - Lock 15 weir pool to Lock 10,NSW,Lower Darling,,0,1
2023,0.0,0.0,0.0,0.0,0.0,0.0,0.0,0.0,0.0,0.0,0.0,0.0,366.0,SF2_S,hydrographs_LowerDarling,414203,Murray River - Lock 15 weir pool to Lock 10,NSW,Lower Darling,,0,1
2024,0.0,0.0,0.0,0.0,0.0,0.0,0.0,0.0,0.0,0.0,0.0,0.0,281.0,SF2_S,hydrographs_LowerDarling,414203,Murray River - Lock 15 weir pool to Lock 10,NSW,Lower Darling,,0,1
2019,0.0,0.0,0.0,0.0,0.0,0.0,0.0,0.0,0.0,0.0,0.0,0.0,183.0,BF1_a,hydrographs_LowerDarling,414203,Murray River - Lock 15 weir pool to Lock 10,NSW,Lower Darling,,0,1
2020,0.0,0.0,0.0,0.0,0.0,0.0,0.0,0.0,0.0,0.0,0.0,0.0,365.0,BF1_a,hydrographs_LowerDarling,414203,Murray River - Lock 15 weir pool to Lock 10,NSW,Lower Darling,,0,1
2021,0.0,0.0,0.0,0.0,0.0,0.0,0.0,0.0,0.0,0.0,0.0,0.0,365.0,BF1_a,hydrographs_LowerDarling,414203,Murray River - Lock 15 weir pool to Lock 10,NSW,Lower Darling,,0,1
2022,0.0,0.0,0.0,0.0,0.0,0.0,0.0,0.0,0.0,0.0,0.0,0.0,365.0,BF1_a,hydrographs_LowerDarling,414203,Murray River - Lock 15 weir pool to Lock 10,NSW,Lower Darling,,0,1
2023,0.0,0.0,0.0,0.0,0.0,0.0,0.0,0.0,0.0,0.0,0.0,0.0,366.0,BF1_a,hydrographs_LowerDarling,414203,Murray River - Lock 15 weir pool to Lock 10,NSW,Lower Darling,,0,1
2024,0.0,0.0,0.0,0.0,0.0,0.0,0.0,0.0,0.0,0.0,0.0,0.0,281.0,BF1_a,hydrographs_LowerDarling,414203,Murray River - Lock 15 weir pool to Lock 10,NSW,Lower Darling,,0,1
2019,0.0,0.0,0.0,0.0,0.0,0.0,0.0,0.0,0.0,0.0,0.0,0.0,183.0,LF2,hydrographs_LowerDarling,414203,Murray River - Lock 15 weir pool to Lock 10,NSW,Lower Darling,,0,1
2020,0.0,0.0,0.0,0.0,0.0,0.0,0.0,0.0,0.0,0.0,0.0,0.0,365.0,LF2,hydrographs_LowerDarling,414203,Murray River - Lock 15 weir pool to Lock 10,NSW,Lower Darling,,0,1
2021,0.0,0.0,0.0,0.0,0.0,0.0,0.0,0.0,0.0,0.0,0.0,0.0,365.0,LF2,hydrographs_LowerDarling,414203,Murray River - Lock 15 weir pool to Lock 10,NSW,Lower Darling,,0,1
2022,0.0,0.0,0.0,0.0,0.0,0.0,0.0,0.0,0.0,0.0,0.0,0.0,365.0,LF2,hydrographs_LowerDarling,414203,Murray River - Lock 15 weir pool to Lock 10,NSW,Lower Darling,,0,1
2023,0.0,0.0,0.0,0.0,0.0,0.0,0.0,0.0,0.0,0.0,0.0,0.0,366.0,LF2,hydrographs_LowerDarling,414203,Murray River - Lock 15 weir pool to Lock 10,NSW,Lower Darling,,0,1
2024,0.0,0.0,0.0,0.0,0.0,0.0,0.0,0.0,0.0,0.0,0.0,0.0,281.0,LF2,hydrographs_LowerDarling,414203,Murray River - Lock 15 weir pool to Lock 10,NSW,Lower Darling,,0,1
2019,0.0,0.0,0.0,0.0,0.0,0.0,0.0,0.0,0.0,0.0,0.0,0.0,183.0,OB1_P,hydrographs_LowerDarling,414203,Murray River - Lock 15 weir pool to Lock 10,NSW,Lower Darling,,0,1
2020,0.0,0.0,0.0,0.0,0.0,0.0,0.0,0.0,0.0,0.0,0.0,0.0,365.0,OB1_P,hydrographs_LowerDarling,414203,Murray River - Lock 15 weir pool to Lock 10,NSW,Lower Darling,,0,1
2021,0.0,0.0,0.0,0.0,0.0,0.0,0.0,0.0,0.0,0.0,0.0,0.0,365.0,OB1_P,hydrographs_LowerDarling,414203,Murray River - Lock 15 weir pool to Lock 10,NSW,Lower Darling,,0,1
2022,0.0,0.0,0.0,0.0,0.0,0.0,0.0,0.0,0.0,0.0,0.0,0.0,365.0,OB1_P,hydrographs_LowerDarling,414203,Murray River - Lock 15 weir pool to Lock 10,NSW,Lower Darling,,0,1
2023,0.0,0.0,0.0,0.0,0.0,0.0,0.0,0.0,0.0,0.0,0.0,0.0,366.0,OB1_P,hydrographs_LowerDarling,414203,Murray River - Lock 15 weir pool to Lock 10,NSW,Lower Darling,,0,1
2024,0.0,0.0,0.0,0.0,0.0,0.0,0.0,0.0,0.0,0.0,0.0,0.0,281.0,OB1_P,hydrographs_LowerDarling,414203,Murray River - Lock 15 weir pool to Lock 10,NSW,Lower Darling,,0,1
2019,0.0,0.0,0.0,0.0,0.0,0.0,0.0,0.0,0.0,0.0,0.0,0.0,183.0,SF2_P,hydrographs_LowerDarling,414203,Murray River - Lock 15 weir pool to Lock 10,NSW,Lower Darling,,0,1
2020,0.0,0.0,0.0,0.0,0.0,0.0,0.0,0.0,0.0,0.0,0.0,0.0,365.0,SF2_P,hydrographs_LowerDarling,414203,Murray River - Lock 15 weir pool to Lock 10,NSW,Lower Darling,,0,1
2021,0.0,0.0,0.0,0.0,0.0,0.0,0.0,0.0,0.0,0.0,0.0,0.0,365.0,SF2_P,hydrographs_LowerDarling,414203,Murray River - Lock 15 weir pool to Lock 10,NSW,Lower Darling,,0,1
2022,0.0,0.0,0.0,0.0,0.0,0.0,0.0,0.0,0.0,0.0,0.0,0.0,365.0,SF2_P,hydrographs_LowerDarling,414203,Murray River - Lock 15 weir pool to Lock 10,NSW,Lower Darling,,0,1
2023,0.0,0.0,0.0,0.0,0.0,0.0,0.0,0.0,0.0,0.0,0.0,0.0,366.0,SF2_P,hydrographs_LowerDarling,414203,Murray River - Lock 15 weir pool to Lock 10,NSW,Lower Darling,,0,1
2024,0.0,0.0,0.0,0.0,0.0,0.0,0.0,0.0,0.0,0.0,0.0,0.0,281.0,SF2_P,hydrographs_LowerDarling,414203,Murray River - Lock 15 weir pool to Lock 10,NSW,Lower Darling,,0,1
2019,0.0,0.0,0.0,0.0,0.0,0.0,0.0,0.0,0.0,0.0,0.0,0.0,183.0,OB3,hydrographs_LowerDarling,414203,Murray River - Lock 15 weir pool to Lock 10,NSW,Lower Darling,,0,1
2020,0.0,0.0,0.0,0.0,0.0,0.0,0.0,0.0,0.0,0.0,0.0,0.0,365.0,OB3,hydrographs_LowerDarling,414203,Murray River - Lock 15 weir pool to Lock 10,NSW,Lower Darling,,0,1
2021,0.0,0.0,0.0,0.0,0.0,0.0,0.0,0.0,0.0,0.0,0.0,0.0,365.0,OB3,hydrographs_LowerDarling,414203,Murray River - Lock 15 weir pool to Lock 10,NSW,Lower Darling,,0,1
2022,0.0,0.0,0.0,0.0,0.0,0.0,0.0,0.0,0.0,0.0,0.0,0.0,365.0,OB3,hydrographs_LowerDarling,414203,Murray River - Lock 15 weir pool to Lock 10,NSW,Lower Darling,,0,1
2023,0.0,0.0,0.0,0.0,0.0,0.0,0.0,0.0,0.0,0.0,0.0,0.0,366.0,OB3,hydrographs_LowerDarling,414203,Murray River - Lock 15 weir pool to Lock 10,NSW,Lower Darling,,0,1
2024,0.0,0.0,0.0,0.0,0.0,0.0,0.0,0.0,0.0,0.0,0.0,0.0,281.0,OB3,hydrographs_LowerDarling,414203,Murray River - Lock 15 weir pool to Lock 10,NSW,Lower Darling,,0,1
2019,0.0,0.0,0.0,0.0,0.0,0.0,0.0,0.0,0.0,0.0,0.0,0.0,153.0,SF1,hydrographs_LowerDarling,414203,Murray River - Lock 15 weir pool to Lock 10,NSW,Lower Darling,,0,1
2020,0.0,0.0,0.0,0.0,0.0,0.0,0.0,0.0,0.0,0.0,0.0,0.0,365.0,SF1,hydrographs_LowerDarling,414203,Murray River - Lock 15 weir pool to Lock 10,NSW,Lower Darling,,0,1
2021,0.0,0.0,0.0,0.0,0.0,0.0,0.0,0.0,0.0,0.0,0.0,0.0,365.0,SF1,hydrographs_LowerDarling,414203,Murray River - Lock 15 weir pool to Lock 10,NSW,Lower Darling,,0,1
2022,0.0,0.0,0.0,0.0,0.0,0.0,0.0,0.0,0.0,0.0,0.0,0.0,365.0,SF1,hydrographs_LowerDarling,414203,Murray River - Lock 15 weir pool to Lock 10,NSW,Lower Darling,,0,1
2023,0.0,0.0,0.0,0.0,0.0,0.0,0.0,0.0,0.0,0.0,0.0,0.0,366.0,SF1,hydrographs_LowerDarling,414203,Murray River - Lock 15 weir pool to Lock 10,NSW,Lower Darling,,0,1
2024,0.0,0.0,0.0,0.0,0.0,0.0,0.0,0.0,0.0,0.0,0.0,0.0,311.0,SF1,hydrographs_LowerDarling,414203,Murray River - Lock 15 weir pool to Lock 10,NSW,Lower Darling,,0,1
2019,0.0,0.0,0.0,0.0,0.0,0.0,0.0,0.0,0.0,0.0,0.0,13.0,183.0,BF1_b,hydrographs_LowerDarling,A4260507,Murray River - Lock 9 to Lock 7,NSW,Lower Darling,,0,1
2020,0.0,0.0,0.0,0.0,0.0,0.0,0.0,0.0,0.0,0.0,0.0,365.0,365.0,BF1_b,hydrographs_LowerDarling,A4260507,Murray River - Lock 9 to Lock 7,NSW,Lower Darling,,0,1
2021,0.0,0.0,0.0,0.0,0.0,0.0,0.0,0.0,0.0,0.0,0.0,365.0,365.0,BF1_b,hydrographs_LowerDarling,A4260507,Murray River - Lock 9 to Lock 7,NSW,Lower Darling,,0,1
2022,0.0,0.0,0.0,0.0,0.0,0.0,0.0,0.0,0.0,0.0,0.0,365.0,365.0,BF1_b,hydrographs_LowerDarling,A4260507,Murray River - Lock 9 to Lock 7,NSW,Lower Darling,,0,1
2023,0.0,0.0,0.0,0.0,0.0,0.0,0.0,0.0,0.0,0.0,0.0,366.0,366.0,BF1_b,hydrographs_LowerDarling,A4260507,Murray River - Lock 9 to Lock 7,NSW,Lower Darling,,0,1
2024,0.0,0.0,0.0,0.0,0.0,0.0,0.0,0.0,0.0,0.0,0.0,281.0,281.0,BF1_b,hydrographs_LowerDarling,A4260507,Murray River - Lock 9 to Lock 7,NSW,Lower Darling,,0,1
2019,0.0,0.0,0.0,0.0,0.0,0.0,0.0,0.0,0.0,0.0,0.0,13.0,183.0,BK1_P,hydrographs_LowerDarling,A4260507,Murray River - Lock 9 to Lock 7,NSW,Lower Darling,,0,1
2020,0.0,0.0,0.0,0.0,0.0,0.0,0.0,0.0,0.0,0.0,0.0,365.0,365.0,BK1_P,hydrographs_LowerDarling,A4260507,Murray River - Lock 9 to Lock 7,NSW,Lower Darling,,0,1
2021,0.0,0.0,0.0,0.0,0.0,0.0,0.0,0.0,0.0,0.0,0.0,365.0,365.0,BK1_P,hydrographs_LowerDarling,A4260507,Murray River - Lock 9 to Lock 7,NSW,Lower Darling,,0,1
2022,0.0,0.0,0.0,0.0,0.0,0.0,0.0,0.0,0.0,0.0,0.0,365.0,365.0,BK1_P,hydrographs_LowerDarling,A4260507,Murray River - Lock 9 to Lock 7,NSW,Lower Darling,,0,1
2023,0.0,0.0,0.0,0.0,0.0,0.0,0.0,0.0,0.0,0.0,0.0,366.0,366.0,BK1_P,hydrographs_LowerDarling,A4260507,Murray River - Lock 9 to Lock 7,NSW,Lower Darling,,0,1
2024,0.0,0.0,0.0,0.0,0.0,0.0,0.0,0.0,0.0,0.0,0.0,281.0,281.0,BK1_P,hydrographs_LowerDarling,A4260507,Murray River - Lock 9 to Lock 7,NSW,Lower Darling,,0,1
2019,0.0,0.0,0.0,0.0,0.0,0.0,0.0,0.0,0.0,0.0,0.0,13.0,183.0,OB4,hydrographs_LowerDarling,A4260507,Murray River - Lock 9 to Lock 7,NSW,Lower Darling,,0,1
2020,0.0,0.0,0.0,0.0,0.0,0.0,0.0,0.0,0.0,0.0,0.0,365.0,365.0,OB4,hydrographs_LowerDarling,A4260507,Murray River - Lock 9 to Lock 7,NSW,Lower Darling,,0,1
2021,0.0,0.0,0.0,0.0,0.0,0.0,0.0,0.0,0.0,0.0,0.0,365.0,365.0,OB4,hydrographs_LowerDarling,A4260507,Murray River - Lock 9 to Lock 7,NSW,Lower Darling,,0,1
2022,0.0,0.0,0.0,0.0,0.0,0.0,0.0,0.0,0.0,0.0,0.0,365.0,365.0,OB4,hydrographs_LowerDarling,A4260507,Murray River - Lock 9 to Lock 7,NSW,Lower Darling,,0,1
2023,0.0,0.0,0.0,0.0,0.0,0.0,0.0,0.0,0.0,0.0,0.0,366.0,366.0,OB4,hydrographs_LowerDarling,A4260507,Murray River - Lock 9 to Lock 7,NSW,Lower Darling,,0,1
2024,0.0,0.0,0.0,0.0,0.0,0.0,0.0,0.0,0.0,0.0,0.0,281.0,281.0,OB4,hydrographs_LowerDarling,A4260507,Murray River - Lock 9 to Lock 7,NSW,Lower Darling,,0,1
2019,0.0,0.0,0.0,0.0,0.0,0.0,0.0,0.0,0.0,0.0,0.0,13.0,183.0,OB2,hydrographs_LowerDarling,A4260507,Murray River - Lock 9 to Lock 7,NSW,Lower Darling,,0,1
2020,0.0,0.0,0.0,0.0,0.0,0.0,0.0,0.0,0.0,0.0,0.0,365.0,365.0,OB2,hydrographs_LowerDarling,A4260507,Murray River - Lock 9 to Lock 7,NSW,Lower Darling,,0,1
2021,0.0,0.0,0.0,0.0,0.0,0.0,0.0,0.0,0.0,0.0,0.0,365.0,365.0,OB2,hydrographs_LowerDarling,A4260507,Murray River - Lock 9 to Lock 7,NSW,Lower Darling,,0,1
2022,0.0,0.0,0.0,0.0,0.0,0.0,0.0,0.0,0.0,0.0,0.0,365.0,365.0,OB2,hydrographs_LowerDarling,A4260507,Murray River - Lock 9 to Lock 7,NSW,Lower Darling,,0,1
2023,0.0,0.0,0.0,0.0,0.0,0.0,0.0,0.0,0.0,0.0,0.0,366.0,366.0,OB2,hydrographs_LowerDarling,A4260507,Murray River - Lock 9 to Lock 7,NSW,Lower Darling,,0,1
2024,0.0,0.0,0.0,0.0,0.0,0.0,0.0,0.0,0.0,0.0,0.0,281.0,281.0,OB2,hydrographs_LowerDarling,A4260507,Murray River - Lock 9 to Lock 7,NSW,Lower Darling,,0,1
2019,0.0,0.0,0.0,0.0,0.0,0.0,0.0,0.0,0.0,0.0,0.0,13.0,183.0,VF,hydrographs_LowerDarling,A4260507,Murray River - Lock 9 to Lock 7,NSW,Lower Darling,,0,1
2020,0.0,0.0,0.0,0.0,0.0,0.0,0.0,0.0,0.0,0.0,0.0,365.0,365.0,VF,hydrographs_LowerDarling,A4260507,Murray River - Lock 9 to Lock 7,NSW,Lower Darling,,0,1
2021,0.0,0.0,0.0,0.0,0.0,0.0,0.0,0.0,0.0,0.0,0.0,365.0,365.0,VF,hydrographs_LowerDarling,A4260507,Murray River - Lock 9 to Lock 7,NSW,Lower Darling,,0,1
2022,0.0,0.0,0.0,0.0,0.0,0.0,0.0,0.0,0.0,0.0,0.0,365.0,365.0,VF,hydrographs_LowerDarling,A4260507,Murray River - Lock 9 to Lock 7,NSW,Lower Darling,,0,1
2023,0.0,0.0,0.0,0.0,0.0,0.0,0.0,0.0,0.0,0.0,0.0,366.0,366.0,VF,hydrographs_LowerDarling,A4260507,Murray River - Lock 9 to Lock 7,NSW,Lower Darling,,0,1
2024,0.0,0.0,0.0,0.0,0.0,0.0,0.0,0.0,0.0,0.0,0.0,281.0,281.0,VF,hydrographs_LowerDarling,A4260507,Murray River - Lock 9 to Lock 7,NSW,Lower Darling,,0,1
2019,0.0,0.0,0.0,0.0,0.0,0.0,0.0,0.0,0.0,0.0,0.0,13.0,183.0,LF1,hydrographs_LowerDarling,A4260507,Murray River - Lock 9 to Lock 7,NSW,Lower Darling,,0,1
2020,0.0,0.0,0.0,0.0,0.0,0.0,0.0,0.0,0.0,0.0,0.0,365.0,365.0,LF1,hydrographs_LowerDarling,A4260507,Murray River - Lock 9 to Lock 7,NSW,Lower Darling,,0,1
2021,0.0,0.0,0.0,0.0,0.0,0.0,0.0,0.0,0.0,0.0,0.0,365.0,365.0,LF1,hydrographs_LowerDarling,A4260507,Murray River - Lock 9 to Lock 7,NSW,Lower Darling,,0,1
2022,0.0,0.0,0.0,0.0,0.0,0.0,0.0,0.0,0.0,0.0,0.0,365.0,365.0,LF1,hydrographs_LowerDarling,A4260507,Murray River - Lock 9 to Lock 7,NSW,Lower Darling,,0,1
2023,0.0,0.0,0.0,0.0,0.0,0.0,0.0,0.0,0.0,0.0,0.0,366.0,366.0,LF1,hydrographs_LowerDarling,A4260507,Murray River - Lock 9 to Lock 7,NSW,Lower Darling,,0,1
2024,0.0,0.0,0.0,0.0,0.0,0.0,0.0,0.0,0.0,0.0,0.0,281.0,281.0,LF1,hydrographs_LowerDarling,A4260507,Murray River - Lock 9 to Lock 7,NSW,Lower Darling,,0,1
2019,0.0,0.0,0.0,0.0,0.0,0.0,0.0,0.0,0.0,0.0,0.0,13.0,183.0,BK1_S,hydrographs_LowerDarling,A4260507,Murray River - Lock 9 to Lock 7,NSW,Lower Darling,,0,1
2020,0.0,0.0,0.0,0.0,0.0,0.0,0.0,0.0,0.0,0.0,0.0,365.0,365.0,BK1_S,hydrographs_LowerDarling,A4260507,Murray River - Lock 9 to Lock 7,NSW,Lower Darling,,0,1
2021,0.0,0.0,0.0,0.0,0.0,0.0,0.0,0.0,0.0,0.0,0.0,365.0,365.0,BK1_S,hydrographs_LowerDarling,A4260507,Murray River - Lock 9 to Lock 7,NSW,Lower Darling,,0,1
2022,0.0,0.0,0.0,0.0,0.0,0.0,0.0,0.0,0.0,0.0,0.0,365.0,365.0,BK1_S,hydrographs_LowerDarling,A4260507,Murray River - Lock 9 to Lock 7,NSW,Lower Darling,,0,1
2023,0.0,0.0,0.0,0.0,0.0,0.0,0.0,0.0,0.0,0.0,0.0,366.0,366.0,BK1_S,hydrographs_LowerDarling,A4260507,Murray River - Lock 9 to Lock 7,NSW,Lower Darling,,0,1
2024,0.0,0.0,0.0,0.0,0.0,0.0,0.0,0.0,0.0,0.0,0.0,281.0,281.0,BK1_S,hydrographs_LowerDarling,A4260507,Murray River - Lock 9 to Lock 7,NSW,Lower Darling,,0,1
2019,0.0,0.0,0.0,0.0,0.0,0.0,0.0,0.0,0.0,0.0,0.0,13.0,183.0,OB1_S,hydrographs_LowerDarling,A4260507,Murray River - Lock 9 to Lock 7,NSW,Lower Darling,,0,1
2020,0.0,0.0,0.0,0.0,0.0,0.0,0.0,0.0,0.0,0.0,0.0,365.0,365.0,OB1_S,hydrographs_LowerDarling,A4260507,Murray River - Lock 9 to Lock 7,NSW,Lower Darling,,0,1
2021,0.0,0.0,0.0,0.0,0.0,0.0,0.0,0.0,0.0,0.0,0.0,365.0,365.0,OB1_S,hydrographs_LowerDarling,A4260507,Murray River - Lock 9 to Lock 7,NSW,Lower Darling,,0,1
2022,0.0,0.0,0.0,0.0,0.0,0.0,0.0,0.0,0.0,0.0,0.0,365.0,365.0,OB1_S,hydrographs_LowerDarling,A4260507,Murray River - Lock 9 to Lock 7,NSW,Lower Darling,,0,1
2023,0.0,0.0,0.0,0.0,0.0,0.0,0.0,0.0,0.0,0.0,0.0,366.0,366.0,OB1_S,hydrographs_LowerDarling,A4260507,Murray River - Lock 9 to Lock 7,NSW,Lower Darling,,0,1
2024,0.0,0.0,0.0,0.0,0.0,0.0,0.0,0.0,0.0,0.0,0.0,281.0,281.0,OB1_S,hydrographs_LowerDarling,A4260507,Murray River - Lock 9 to Lock 7,NSW,Lower Darling,,0,1
2019,0.0,0.0,0.0,0.0,0.0,0.0,0.0,0.0,0.0,0.0,0.0,13.0,183.0,BF1_a,hydrographs_LowerDarling,A4260507,Murray River - Lock 9 to Lock 7,NSW,Lower Darling,,0,1
2020,0.0,0.0,0.0,0.0,0.0,0.0,0.0,0.0,0.0,0.0,0.0,365.0,365.0,BF1_a,hydrographs_LowerDarling,A4260507,Murray River - Lock 9 to Lock 7,NSW,Lower Darling,,0,1
2021,0.0,0.0,0.0,0.0,0.0,0.0,0.0,0.0,0.0,0.0,0.0,365.0,365.0,BF1_a,hydrographs_LowerDarling,A4260507,Murray River - Lock 9 to Lock 7,NSW,Lower Darling,,0,1
2022,0.0,0.0,0.0,0.0,0.0,0.0,0.0,0.0,0.0,0.0,0.0,365.0,365.0,BF1_a,hydrographs_LowerDarling,A4260507,Murray River - Lock 9 to Lock 7,NSW,Lower Darling,,0,1
2023,0.0,0.0,0.0,0.0,0.0,0.0,0.0,0.0,0.0,0.0,0.0,366.0,366.0,BF1_a,hydrographs_LowerDarling,A4260507,Murray River - Lock 9 to Lock 7,NSW,Lower Darling,,0,1
2024,0.0,0.0,0.0,0.0,0.0,0.0,0.0,0.0,0.0,0.0,0.0,281.0,281.0,BF1_a,hydrographs_LowerDarling,A4260507,Murray River - Lock 9 to Lock 7,NSW,Lower Darling,,0,1
2019,0.0,0.0,0.0,0.0,0.0,0.0,0.0,0.0,0.0,0.0,0.0,13.0,183.0,LF2,hydrographs_LowerDarling,A4260507,Murray River - Lock 9 to Lock 7,NSW,Lower Darling,,0,1
2020,0.0,0.0,0.0,0.0,0.0,0.0,0.0,0.0,0.0,0.0,0.0,365.0,365.0,LF2,hydrographs_LowerDarling,A4260507,Murray River - Lock 9 to Lock 7,NSW,Lower Darling,,0,1
2021,0.0,0.0,0.0,0.0,0.0,0.0,0.0,0.0,0.0,0.0,0.0,365.0,365.0,LF2,hydrographs_LowerDarling,A4260507,Murray River - Lock 9 to Lock 7,NSW,Lower Darling,,0,1
2022,0.0,0.0,0.0,0.0,0.0,0.0,0.0,0.0,0.0,0.0,0.0,365.0,365.0,LF2,hydrographs_LowerDarling,A4260507,Murray River - Lock 9 to Lock 7,NSW,Lower Darling,,0,1
2023,0.0,0.0,0.0,0.0,0.0,0.0,0.0,0.0,0.0,0.0,0.0,366.0,366.0,LF2,hydrographs_LowerDarling,A4260507,Murray River - Lock 9 to Lock 7,NSW,Lower Darling,,0,1
2024,0.0,0.0,0.0,0.0,0.0,0.0,0.0,0.0,0.0,0.0,0.0,281.0,281.0,LF2,hydrographs_LowerDarling,A4260507,Murray River - Lock 9 to Lock 7,NSW,Lower Darling,,0,1
2019,0.0,0.0,0.0,0.0,0.0,0.0,0.0,0.0,0.0,0.0,0.0,13.0,183.0,OB1_P,hydrographs_LowerDarling,A4260507,Murray River - Lock 9 to Lock 7,NSW,Lower Darling,,0,1
2020,0.0,0.0,0.0,0.0,0.0,0.0,0.0,0.0,0.0,0.0,0.0,365.0,365.0,OB1_P,hydrographs_LowerDarling,A4260507,Murray River - Lock 9 to Lock 7,NSW,Lower Darling,,0,1
2021,0.0,0.0,0.0,0.0,0.0,0.0,0.0,0.0,0.0,0.0,0.0,365.0,365.0,OB1_P,hydrographs_LowerDarling,A4260507,Murray River - Lock 9 to Lock 7,NSW,Lower Darling,,0,1
2022,0.0,0.0,0.0,0.0,0.0,0.0,0.0,0.0,0.0,0.0,0.0,365.0,365.0,OB1_P,hydrographs_LowerDarling,A4260507,Murray River - Lock 9 to Lock 7,NSW,Lower Darling,,0,1
2023,0.0,0.0,0.0,0.0,0.0,0.0,0.0,0.0,0.0,0.0,0.0,366.0,366.0,OB1_P,hydrographs_LowerDarling,A4260507,Murray River - Lock 9 to Lock 7,NSW,Lower Darling,,0,1
2024,0.0,0.0,0.0,0.0,0.0,0.0,0.0,0.0,0.0,0.0,0.0,281.0,281.0,OB1_P,hydrographs_LowerDarling,A4260507,Murray River - Lock 9 to Lock 7,NSW,Lower Darling,,0,1
2019,0.0,0.0,0.0,0.0,0.0,0.0,0.0,0.0,0.0,0.0,0.0,13.0,183.0,SF2,hydrographs_LowerDarling,A4260507,Murray River - Lock 9 to Lock 7,NSW,Lower Darling,,0,1
2020,0.0,0.0,0.0,0.0,0.0,0.0,0.0,0.0,0.0,0.0,0.0,365.0,365.0,SF2,hydrographs_LowerDarling,A4260507,Murray River - Lock 9 to Lock 7,NSW,Lower Darling,,0,1
2021,0.0,0.0,0.0,0.0,0.0,0.0,0.0,0.0,0.0,0.0,0.0,365.0,365.0,SF2,hydrographs_LowerDarling,A4260507,Murray River - Lock 9 to Lock 7,NSW,Lower Darling,,0,1
2022,0.0,0.0,0.0,0.0,0.0,0.0,0.0,0.0,0.0,0.0,0.0,365.0,365.0,SF2,hydrographs_LowerDarling,A4260507,Murray River - Lock 9 to Lock 7,NSW,Lower Darling,,0,1
2023,0.0,0.0,0.0,0.0,0.0,0.0,0.0,0.0,0.0,0.0,0.0,366.0,366.0,SF2,hydrographs_LowerDarling,A4260507,Murray River - Lock 9 to Lock 7,NSW,Lower Darling,,0,1
2024,0.0,0.0,0.0,0.0,0.0,0.0,0.0,0.0,0.0,0.0,0.0,281.0,281.0,SF2,hydrographs_LowerDarling,A4260507,Murray River - Lock 9 to Lock 7,NSW,Lower Darling,,0,1
2019,0.0,0.0,0.0,0.0,0.0,0.0,0.0,0.0,0.0,0.0,0.0,13.0,183.0,OB3,hydrographs_LowerDarling,A4260507,Murray River - Lock 9 to Lock 7,NSW,Lower Darling,,0,1
2020,0.0,0.0,0.0,0.0,0.0,0.0,0.0,0.0,0.0,0.0,0.0,365.0,365.0,OB3,hydrographs_LowerDarling,A4260507,Murray River - Lock 9 to Lock 7,NSW,Lower Darling,,0,1
2021,0.0,0.0,0.0,0.0,0.0,0.0,0.0,0.0,0.0,0.0,0.0,365.0,365.0,OB3,hydrographs_LowerDarling,A4260507,Murray River - Lock 9 to Lock 7,NSW,Lower Darling,,0,1
2022,0.0,0.0,0.0,0.0,0.0,0.0,0.0,0.0,0.0,0.0,0.0,365.0,365.0,OB3,hydrographs_LowerDarling,A4260507,Murray River - Lock 9 to Lock 7,NSW,Lower Darling,,0,1
2023,0.0,0.0,0.0,0.0,0.0,0.0,0.0,0.0,0.0,0.0,0.0,366.0,366.0,OB3,hydrographs_LowerDarling,A4260507,Murray River - Lock 9 to Lock 7,NSW,Lower Darling,,0,1
2024,0.0,0.0,0.0,0.0,0.0,0.0,0.0,0.0,0.0,0.0,0.0,281.0,281.0,OB3,hydrographs_LowerDarling,A4260507,Murray River - Lock 9 to Lock 7,NSW,Lower Darling,,0,1
2019,0.0,0.0,0.0,0.0,0.0,0.0,0.0,0.0,0.0,0.0,0.0,0.0,153.0,SF1,hydrographs_LowerDarling,A4260507,Murray River - Lock 9 to Lock 7,NSW,Lower Darling,,0,1
2020,0.0,0.0,0.0,0.0,0.0,0.0,0.0,0.0,0.0,0.0,0.0,348.0,365.0,SF1,hydrographs_LowerDarling,A4260507,Murray River - Lock 9 to Lock 7,NSW,Lower Darling,,0,1
2021,0.0,0.0,0.0,0.0,0.0,0.0,0.0,0.0,0.0,0.0,0.0,365.0,365.0,SF1,hydrographs_LowerDarling,A4260507,Murray River - Lock 9 to Lock 7,NSW,Lower Darling,,0,1
2022,0.0,0.0,0.0,0.0,0.0,0.0,0.0,0.0,0.0,0.0,0.0,365.0,365.0,SF1,hydrographs_LowerDarling,A4260507,Murray River - Lock 9 to Lock 7,NSW,Lower Darling,,0,1
2023,0.0,0.0,0.0,0.0,0.0,0.0,0.0,0.0,0.0,0.0,0.0,366.0,366.0,SF1,hydrographs_LowerDarling,A4260507,Murray River - Lock 9 to Lock 7,NSW,Lower Darling,,0,1
2024,0.0,0.0,0.0,0.0,0.0,0.0,0.0,0.0,0.0,0.0,0.0,311.0,311.0,SF1,hydrographs_LowerDarling,A4260507,Murray River - Lock 9 to Lock 7,NSW,Lower Darling,,0,1
2019,0.0,0.0,0.0,0.0,0.0,0.0,0.0,0.0,0.0,0.0,0.0,0.0,183.0,HLLF,hydrographs_LowerDarling,425022,Menindee Lakes,NSW,Lower Darling,,183,1
2020,0.0,0.0,0.0,0.0,0.0,0.0,0.0,0.0,0.0,48.0,0.0,0.0,365.0,HLLF,hydrographs_LowerDarling,425022,Menindee Lakes,NSW,Lower Darling,,500,1
2021,1.0,1.0,1.0,1.0,413.0,413.0,413.0,413.0,413.0,413.0,1.0,0.0,365.0,HLLF,hydrographs_LowerDarling,425022,Menindee Lakes,NSW,Lower Darling,,0,1
2022,0.0,0.0,0.0,0.0,0.0,0.0,0.0,0.0,0.0,0.0,0.0,0.0,365.0,HLLF,hydrographs_LowerDarling,425022,Menindee Lakes,NSW,Lower Darling,,365,1
2023,0.0,0.0,0.0,0.0,0.0,0.0,0.0,0.0,0.0,0.0,0.0,0.0,366.0,HLLF,hydrographs_LowerDarling,425022,Menindee Lakes,NSW,Lower Darling,,731,1
2024,0.0,0.0,0.0,0.0,0.0,0.0,0.0,0.0,0.0,0.0,0.0,0.0,281.0,HLLF,hydrographs_LowerDarling,425022,Menindee Lakes,NSW,Lower Darling,,1012,1
2019,0.0,0.0,0.0,0.0,0.0,0.0,0.0,0.0,0.0,0.0,0.0,0.0,183.0,MLLF,hydrographs_LowerDarling,425022,Menindee Lakes,NSW,Lower Darling,,183,1
2020,0.0,0.0,0.0,0.0,0.0,0.0,0.0,0.0,0.0,58.0,0.0,0.0,365.0,MLLF,hydrographs_LowerDarling,425022,Menindee Lakes,NSW,Lower Darling,,490,1
2021,1.0,1.0,1.0,1.0,423.0,423.0,423.0,423.0,423.0,423.0,1.0,0.0,365.0,MLLF,hydrographs_LowerDarling,425022,Menindee Lakes,NSW,Lower Darling,,0,1
2022,1.0,1.0,1.0,1.0,788.0,788.0,788.0,788.0,788.0,788.0,1.0,0.0,365.0,MLLF,hydrographs_LowerDarling,425022,Menindee Lakes,NSW,Lower Darling,,0,1
2023,1.0,1.0,1.0,1.0,1154.0,1154.0,1154.0,1154.0,1154.0,1154.0,1.0,0.0,366.0,MLLF,hydrographs_LowerDarling,425022,Menindee Lakes,NSW,Lower Darling,,0,1
2024,1.0,1.0,1.0,1.0,1247.0,1247.0,1247.0,1247.0,1247.0,1247.0,1.0,0.0,281.0,MLLF,hydrographs_LowerDarling,425022,Menindee Lakes,NSW,Lower Darling,,188,1
2019,0.0,0.0,0.0,0.0,0.0,0.0,0.0,0.0,0.0,0.0,0.0,0.0,183.0,VHLL,hydrographs_LowerDarling,425022,Menindee Lakes,NSW,Lower Darling,,183,1
2020,0.0,0.0,0.0,0.0,0.0,0.0,0.0,0.0,0.0,0.0,0.0,0.0,365.0,VHLL,hydrographs_LowerDarling,425022,Menindee Lakes,NSW,Lower Darling,,548,1
2021,1.0,1.0,1.0,1.0,325.0,325.0,325.0,325.0,325.0,325.0,1.0,0.0,365.0,VHLL,hydrographs_LowerDarling,425022,Menindee Lakes,NSW,Lower Darling,,588,1
2022,0.0,0.0,0.0,0.0,0.0,0.0,0.0,0.0,0.0,0.0,0.0,0.0,365.0,VHLL,hydrographs_LowerDarling,425022,Menindee Lakes,NSW,Lower Darling,,365,1
2023,0.0,0.0,0.0,0.0,0.0,0.0,0.0,0.0,0.0,0.0,0.0,0.0,366.0,VHLL,hydrographs_LowerDarling,425022,Menindee Lakes,NSW,Lower Darling,,731,1
2024,0.0,0.0,0.0,0.0,0.0,0.0,0.0,0.0,0.0,0.0,0.0,0.0,281.0,VHLL,hydrographs_LowerDarling,425022,Menindee Lakes,NSW,Lower Darling,,1012,1
2019,0.0,0.0,0.0,0.0,0.0,0.0,0.0,0.0,0.0,0.0,0.0,0.0,183.0,LLLF,hydrographs_LowerDarling,425022,Menindee Lakes,NSW,Lower Darling,,183,1
2020,0.0,0.0,0.0,0.0,0.0,0.0,0.0,0.0,0.0,60.0,0.0,0.0,365.0,LLLF,hydrographs_LowerDarling,425022,Menindee Lakes,NSW,Lower Darling,,488,1
2021,1.0,1.0,1.0,1.0,425.0,425.0,425.0,425.0,425.0,425.0,1.0,0.0,365.0,LLLF,hydrographs_LowerDarling,425022,Menindee Lakes,NSW,Lower Darling,,0,1
2022,1.0,1.0,1.0,1.0,790.0,790.0,790.0,790.0,790.0,790.0,1.0,0.0,365.0,LLLF,hydrographs_LowerDarling,425022,Menindee Lakes,NSW,Lower Darling,,0,1
2023,1.0,1.0,1.0,1.0,1156.0,1156.0,1156.0,1156.0,1156.0,1156.0,1.0,0.0,366.0,LLLF,hydrographs_LowerDarling,425022,Menindee Lakes,NSW,Lower Darling,,0,1
2024,1.0,1.0,1.0,1.0,1255.0,1255.0,1255.0,1255.0,1255.0,1255.0,1.0,0.0,281.0,LLLF,hydrographs_LowerDarling,425022,Menindee Lakes,NSW,Lower Darling,,182,1
2019,0.0,0.0,0.0,0.0,0.0,0.0,0.0,0.0,0.0,0.0,0.0,0.0,183.0,HLLF,hydrographs_LowerDarling,425020,Lake Wetherall,NSW,Lower Darling,,183,1
2020,0.0,0.0,0.0,0.0,0.0,0.0,0.0,0.0,0.0,28.0,0.0,0.0,365.0,HLLF,hydrographs_LowerDarling,425020,Lake Wetherall,NSW,Lower Darling,,520,1
2021,1.0,2.0,2.0,2.0,43.0,43.0,86.0,86.0,46.0,46.0,1.0,0.0,365.0,HLLF,hydrographs_LowerDarling,425020,Lake Wetherall,NSW,Lower Darling,,226,1
2022,1.0,2.0,2.0,2.0,44.0,44.0,88.0,88.0,45.0,45.0,1.0,0.0,365.0,HLLF,hydrographs_LowerDarling,425020,Lake Wetherall,NSW,Lower Darling,,234,1
2023,0.0,0.0,0.0,0.0,0.0,0.0,0.0,0.0,0.0,0.0,0.0,0.0,366.0,HLLF,hydrographs_LowerDarling,425020,Lake Wetherall,NSW,Lower Darling,,509,1
2024,0.0,0.0,0.0,0.0,0.0,0.0,0.0,0.0,0.0,0.0,0.0,0.0,281.0,HLLF,hydrographs_LowerDarling,425020,Lake Wetherall,NSW,Lower Darling,,790,1
2019,1.0,3.0,3.0,3.0,50.0,50.0,150.0,150.0,57.0,57.0,1.0,0.0,183.0,MLLF,hydrographs_LowerDarling,425020,Lake Wetherall,NSW,Lower Darling,,82,1
2020,1.0,1.0,1.0,1.0,68.0,68.0,68.0,68.0,68.0,68.0,1.0,0.0,365.0,MLLF,hydrographs_LowerDarling,425020,Lake Wetherall,NSW,Lower Darling,,280,1
2021,1.0,3.0,3.0,3.0,109.0,109.0,327.0,327.0,135.0,135.0,1.0,0.0,365.0,MLLF,hydrographs_LowerDarling,425020,Lake Wetherall,NSW,Lower Darling,,74,1
2022,1.0,4.0,4.0,4.0,92.0,92.0,368.0,368.0,204.0,204.0,1.0,0.0,365.0,MLLF,hydrographs_LowerDarling,425020,Lake Wetherall,NSW,Lower Darling,,106,1
2023,1.0,3.0,3.0,3.0,78.0,78.0,234.0,234.0,137.0,137.0,1.0,0.0,366.0,MLLF,hydrographs_LowerDarling,425020,Lake Wetherall,NSW,Lower Darling,,151,1
2024,1.0,1.0,1.0,1.0,94.0,94.0,94.0,94.0,94.0,94.0,1.0,0.0,281.0,MLLF,hydrographs_LowerDarling,425020,Lake Wetherall,NSW,Lower Darling,,238,1
2019,0.0,0.0,0.0,0.0,0.0,0.0,0.0,0.0,0.0,112.0,0.0,0.0,183.0,LLLF,hydrographs_LowerDarling,425020,Lake Wetherall,NSW,Lower Darling,,71,1
2020,1.0,1.0,1.0,1.0,477.0,477.0,477.0,477.0,477.0,477.0,1.0,0.0,365.0,LLLF,hydrographs_LowerDarling,425020,Lake Wetherall,NSW,Lower Darling,,0,1
2021,1.0,1.0,1.0,1.0,842.0,842.0,842.0,842.0,842.0,842.0,1.0,0.0,365.0,LLLF,hydrographs_LowerDarling,425020,Lake Wetherall,NSW,Lower Darling,,0,1
2022,1.0,1.0,1.0,1.0,1207.0,1207.0,1207.0,1207.0,1207.0,1207.0,1.0,0.0,365.0,LLLF,hydrographs_LowerDarling,425020,Lake Wetherall,NSW,Lower Darling,,0,1
2023,1.0,2.0,2.0,2.0,1594.5,1594.5,3189.0,3189.0,1616.0,1573.0,1.0,0.0,366.0,LLLF,hydrographs_LowerDarling,425020,Lake Wetherall,NSW,Lower Darling,,0,1
2024,0.0,0.0,0.0,0.0,0.0,0.0,0.0,0.0,0.0,1616.0,1.0,0.0,281.0,LLLF,hydrographs_LowerDarling,425020,Lake Wetherall,NSW,Lower Darling,,238,0
2019,0.0,0.0,0.0,0.0,0.0,0.0,0.0,0.0,0.0,0.0,0.0,0.0,183.0,HLLF,hydrographs_LowerDarling,425023,Menindee Lakes,NSW,Lower Darling,,183,1
2020,0.0,0.0,0.0,0.0,0.0,0.0,0.0,0.0,0.0,0.0,0.0,0.0,365.0,HLLF,hydrographs_LowerDarling,425023,Menindee Lakes,NSW,Lower Darling,,548,1
2021,1.0,1.0,1.0,1.0,339.0,339.0,339.0,339.0,339.0,339.0,1.0,0.0,365.0,HLLF,hydrographs_LowerDarling,425023,Menindee Lakes,NSW,Lower Darling,,574,1
2022,1.0,1.0,1.0,1.0,704.0,704.0,704.0,704.0,704.0,704.0,1.0,0.0,365.0,HLLF,hydrographs_LowerDarling,425023,Menindee Lakes,NSW,Lower Darling,,0,1
2023,0.0,0.0,0.0,0.0,0.0,0.0,0.0,0.0,0.0,0.0,0.0,0.0,366.0,HLLF,hydrographs_LowerDarling,425023,Menindee Lakes,NSW,Lower Darling,,366,1
2024,0.0,0.0,0.0,0.0,0.0,0.0,0.0,0.0,0.0,0.0,0.0,0.0,281.0,HLLF,hydrographs_LowerDarling,425023,Menindee Lakes,NSW,Lower Darling,,647,1
2019,0.0,0.0,0.0,0.0,0.0,0.0,0.0,0.0,0.0,0.0,0.0,0.0,183.0,MLLF,hydrographs_LowerDarling,425023,Menindee Lakes,NSW,Lower Darling,,183,1
2020,0.0,0.0,0.0,0.0,0.0,0.0,0.0,0.0,0.0,30.0,0.0,0.0,365.0,MLLF,hydrographs_LowerDarling,425023,Menindee Lakes,NSW,Lower Darling,,518,1
2021,1.0,1.0,1.0,1.0,395.0,395.0,395.0,395.0,395.0,395.0,1.0,0.0,365.0,MLLF,hydrographs_LowerDarling,425023,Menindee Lakes,NSW,Lower Darling,,0,1
2022,1.0,1.0,1.0,1.0,760.0,760.0,760.0,760.0,760.0,760.0,1.0,0.0,365.0,MLLF,hydrographs_LowerDarling,425023,Menindee Lakes,NSW,Lower Darling,,0,1
2023,1.0,1.0,1.0,1.0,1126.0,1126.0,1126.0,1126.0,1126.0,1126.0,1.0,0.0,366.0,MLLF,hydrographs_LowerDarling,425023,Menindee Lakes,NSW,Lower Darling,,0,1
2024,1.0,1.0,1.0,1.0,1372.0,1372.0,1372.0,1372.0,1372.0,1372.0,1.0,0.0,281.0,MLLF,hydrographs_LowerDarling,425023,Menindee Lakes,NSW,Lower Darling,,35,1
2019,0.0,0.0,0.0,0.0,0.0,0.0,0.0,0.0,0.0,0.0,0.0,0.0,183.0,VHLL,hydrographs_LowerDarling,425023,Menindee Lakes,NSW,Lower Darling,,183,1
2020,0.0,0.0,0.0,0.0,0.0,0.0,0.0,0.0,0.0,0.0,0.0,0.0,365.0,VHLL,hydrographs_LowerDarling,425023,Menindee Lakes,NSW,Lower Darling,,548,1
2021,1.0,1.0,1.0,1.0,319.0,319.0,319.0,319.0,319.0,319.0,1.0,0.0,365.0,VHLL,hydrographs_LowerDarling,425023,Menindee Lakes,NSW,Lower Darling,,594,1
2022,0.0,0.0,0.0,0.0,0.0,0.0,0.0,0.0,0.0,0.0,0.0,0.0,365.0,VHLL,hydrographs_LowerDarling,425023,Menindee Lakes,NSW,Lower Darling,,365,1
2023,0.0,0.0,0.0,0.0,0.0,0.0,0.0,0.0,0.0,0.0,0.0,0.0,366.0,VHLL,hydrographs_LowerDarling,425023,Menindee Lakes,NSW,Lower Darling,,731,1
2024,0.0,0.0,0.0,0.0,0.0,0.0,0.0,0.0,0.0,0.0,0.0,0.0,281.0,VHLL,hydrographs_LowerDarling,425023,Menindee Lakes,NSW,Lower Darling,,1012,1
2019,0.0,0.0,0.0,0.0,0.0,0.0,0.0,0.0,0.0,0.0,0.0,0.0,183.0,LLLF,hydrographs_LowerDarling,425023,Menindee Lakes,NSW,Lower Darling,,183,1
2020,0.0,0.0,0.0,0.0,0.0,0.0,0.0,0.0,0.0,37.0,0.0,0.0,365.0,LLLF,hydrographs_LowerDarling,425023,Menindee Lakes,NSW,Lower Darling,,511,1
2021,1.0,1.0,1.0,1.0,402.0,402.0,402.0,402.0,402.0,402.0,1.0,0.0,365.0,LLLF,hydrographs_LowerDarling,425023,Menindee Lakes,NSW,Lower Darling,,0,1
2022,1.0,1.0,1.0,1.0,767.0,767.0,767.0,767.0,767.0,767.0,1.0,0.0,365.0,LLLF,hydrographs_LowerDarling,425023,Menindee Lakes,NSW,Lower Darling,,0,1
2023,1.0,1.0,1.0,1.0,1133.0,1133.0,1133.0,1133.0,1133.0,1133.0,1.0,0.0,366.0,LLLF,hydrographs_LowerDarling,425023,Menindee Lakes,NSW,Lower Darling,,0,1
2024,1.0,1.0,1.0,1.0,1379.0,1379.0,1379.0,1379.0,1379.0,1379.0,1.0,0.0,281.0,LLLF,hydrographs_LowerDarling,425023,Menindee Lakes,NSW,Lower Darling,,35,1
2019,0.0,0.0,0.0,0.0,0.0,0.0,0.0,0.0,0.0,0.0,0.0,0.0,183.0,BK2_S,hydrographs_LowerDarling,425012,Lower Darling River - Weir 32 to downstream Burtundy,NSW,Lower Darling,,183,1
2020,0.0,0.0,0.0,0.0,0.0,0.0,0.0,0.0,0.0,0.0,0.0,0.0,365.0,BK2_S,hydrographs_LowerDarling,425012,Lower Darling River - Weir 32 to downstream Burtundy,NSW,Lower Darling,,548,1
2021,1.0,2.0,2.0,2.0,67.0,67.0,134.0,134.0,71.0,71.0,1.0,0.0,365.0,BK2_S,hydrographs_LowerDarling,425012,Lower Darling River - Weir 32 to downstream Burtundy,NSW,Lower Darling,,708,1
2022,1.0,1.0,1.0,1.0,145.0,145.0,145.0,145.0,145.0,145.0,1.0,0.0,365.0,BK2_S,hydrographs_LowerDarling,425012,Lower Darling River - Weir 32 to downstream Burtundy,NSW,Lower Darling,,220,1
2023,0.0,0.0,0.0,0.0,0.0,0.0,0.0,0.0,0.0,0.0,0.0,0.0,366.0,BK2_S,hydrographs_LowerDarling,425012,Lower Darling River - Weir 32 to downstream Burtundy,NSW,Lower Darling,,586,1
2024,0.0,0.0,0.0,0.0,0.0,0.0,0.0,0.0,0.0,0.0,0.0,0.0,281.0,BK2_S,hydrographs_LowerDarling,425012,Lower Darling River - Weir 32 to downstream Burtundy,NSW,Lower Darling,,867,1
2025,,,,,,,,,,,,,,BK2_S,hydrographs_LowerDarling,425012,Lower Darling River - Weir 32 to downstream Burtundy,NSW,Lower Darling,,0,1
2019,0.0,0.0,0.0,0.0,0.0,0.0,0.0,0.0,0.0,0.0,0.0,0.0,183.0,BF2c,hydrographs_LowerDarling,425012,Lower Darling River - Weir 32 to downstream Burtundy,NSW,Lower Darling,,183,1
2020,0.0,0.0,0.0,0.0,0.0,0.0,0.0,0.0,0.0,0.0,0.0,0.0,365.0,BF2c,hydrographs_LowerDarling,425012,Lower Darling River - Weir 32 to downstream Burtundy,NSW,Lower Darling,,548,1
2021,1.0,1.0,1.0,1.0,90.0,90.0,90.0,90.0,90.0,90.0,1.0,0.0,365.0,BF2c,hydrographs_LowerDarling,425012,Lower Darling River - Weir 32 to downstream Burtundy,NSW,Lower Darling,,701,1
2022,0.0,0.0,0.0,0.0,0.0,0.0,0.0,0.0,0.0,0.0,0.0,0.0,365.0,BF2c,hydrographs_LowerDarling,425012,Lower Darling River - Weir 32 to downstream Burtundy,NSW,Lower Darling,,487,1
2023,0.0,0.0,0.0,3.0,14.0,14.0,42.0,42.0,39.0,39.0,0.0,0.0,366.0,BF2c,hydrographs_LowerDarling,425012,Lower Darling River - Weir 32 to downstream Burtundy,NSW,Lower Darling,,640,1
2024,0.0,0.0,0.0,2.0,20.5,20.5,41.0,41.0,33.0,33.0,0.0,0.0,281.0,BF2c,hydrographs_LowerDarling,425012,Lower Darling River - Weir 32 to downstream Burtundy,NSW,Lower Darling,,293,1
2025,,,,,,,,,,,,,,BF2c,hydrographs_LowerDarling,425012,Lower Darling River - Weir 32 to downstream Burtundy,NSW,Lower Darling,,0,1
2019,0.0,0.0,0.0,0.0,0.0,0.0,0.0,0.0,0.0,0.0,0.0,0.0,183.0,OB1_S,hydrographs_LowerDarling,425012,Lower Darling River - Weir 32 to downstream Burtundy,NSW,Lower Darling,,183,1
2020,0.0,0.0,0.0,0.0,0.0,0.0,0.0,0.0,0.0,0.0,0.0,0.0,365.0,OB1_S,hydrographs_LowerDarling,425012,Lower Darling River - Weir 32 to downstream Burtundy,NSW,Lower Darling,,548,1
2021,1.0,2.0,2.0,2.0,55.0,55.0,110.0,110.0,64.0,64.0,1.0,0.0,365.0,OB1_S,hydrographs_LowerDarling,425012,Lower Darling River - Weir 32 to downstream Burtundy,NSW,Lower Darling,,709,1
2022,1.0,1.0,1.0,1.0,145.0,145.0,145.0,145.0,145.0,145.0,1.0,0.0,365.0,OB1_S,hydrographs_LowerDarling,425012,Lower Darling River - Weir 32 to downstream Burtundy,NSW,Lower Darling,,220,1
2023,0.0,0.0,0.0,0.0,0.0,0.0,0.0,0.0,0.0,0.0,0.0,0.0,366.0,OB1_S,hydrographs_LowerDarling,425012,Lower Darling River - Weir 32 to downstream Burtundy,NSW,Lower Darling,,586,1
2024,0.0,0.0,0.0,0.0,0.0,0.0,0.0,0.0,0.0,0.0,0.0,0.0,281.0,OB1_S,hydrographs_LowerDarling,425012,Lower Darling River - Weir 32 to downstream Burtundy,NSW,Lower Darling,,867,1
2025,,,,,,,,,,,,,,OB1_S,hydrographs_LowerDarling,425012,Lower Darling River - Weir 32 to downstream Burtundy,NSW,Lower Darling,,0,1
2019,0.0,0.0,0.0,0.0,0.0,0.0,0.0,0.0,0.0,0.0,0.0,0.0,183.0,LF1_P,hydrographs_LowerDarling,425012,Lower Darling River - Weir 32 to downstream Burtundy,NSW,Lower Darling,,183,1
2020,0.0,0.0,0.0,0.0,0.0,0.0,0.0,0.0,0.0,0.0,0.0,0.0,365.0,LF1_P,hydrographs_LowerDarling,425012,Lower Darling River - Weir 32 to downstream Burtundy,NSW,Lower Darling,,548,1
2021,1.0,2.0,2.0,2.0,60.5,60.5,121.0,121.0,83.0,83.0,1.0,0.0,365.0,LF1_P,hydrographs_LowerDarling,425012,Lower Darling River - Weir 32 to downstream Burtundy,NSW,Lower Darling,,763,1
2022,0.0,0.0,0.0,0.0,0.0,0.0,0.0,0.0,0.0,0.0,0.0,0.0,365.0,LF1_P,hydrographs_LowerDarling,425012,Lower Darling River - Weir 32 to downstream Burtundy,NSW,Lower Darling,,365,1
2023,0.0,0.0,0.0,0.0,0.0,0.0,0.0,0.0,0.0,0.0,0.0,0.0,366.0,LF1_P,hydrographs_LowerDarling,425012,Lower Darling River - Weir 32 to downstream Burtundy,NSW,Lower Darling,,731,1
2024,0.0,0.0,0.0,0.0,0.0,0.0,0.0,0.0,0.0,0.0,0.0,0.0,281.0,LF1_P,hydrographs_LowerDarling,425012,Lower Darling River - Weir 32 to downstream Burtundy,NSW,Lower Darling,,1012,1
2025,,,,,,,,,,,,,,LF1_P,hydrographs_LowerDarling,425012,Lower Darling River - Weir 32 to downstream Burtundy,NSW,Lower Darling,,0,1
2019,0.0,0.0,0.0,0.0,0.0,0.0,0.0,0.0,0.0,0.0,0.0,0.0,183.0,BK1b_P,hydrographs_LowerDarling,425012,Lower Darling River - Weir 32 to downstream Burtundy,NSW,Lower Darling,,183,1
2020,0.0,0.0,0.0,0.0,0.0,0.0,0.0,0.0,0.0,0.0,0.0,0.0,365.0,BK1b_P,hydrographs_LowerDarling,425012,Lower Darling River - Weir 32 to downstream Burtundy,NSW,Lower Darling,,548,1
2021,1.0,1.0,1.0,2.0,28.0,50.0,56.0,50.0,50.0,50.0,1.0,0.0,365.0,BK1b_P,hydrographs_LowerDarling,425012,Lower Darling River - Weir 32 to downstream Burtundy,NSW,Lower Darling,,732,0
2022,0.0,0.0,0.0,0.0,0.0,0.0,0.0,0.0,0.0,0.0,0.0,0.0,365.0,BK1b_P,hydrographs_LowerDarling,425012,Lower Darling River - Weir 32 to downstream Burtundy,NSW,Lower Darling,,496,1
2023,0.0,0.0,0.0,0.0,0.0,0.0,0.0,0.0,0.0,0.0,0.0,0.0,366.0,BK1b_P,hydrographs_LowerDarling,425012,Lower Darling River - Weir 32 to downstream Burtundy,NSW,Lower Darling,,862,0
2024,0.0,0.0,0.0,0.0,0.0,0.0,0.0,0.0,0.0,0.0,0.0,0.0,281.0,BK1b_P,hydrographs_LowerDarling,425012,Lower Darling River - Weir 32 to downstream Burtundy,NSW,Lower Darling,,1143,0
2025,,,,,,,,,,,,,,BK1b_P,hydrographs_LowerDarling,425012,Lower Darling River - Weir 32 to downstream Burtundy,NSW,Lower Darling,,0,1
2019,0.0,0.0,0.0,0.0,0.0,0.0,0.0,0.0,0.0,0.0,0.0,0.0,183.0,LF2_P,hydrographs_LowerDarling,425012,Lower Darling River - Weir 32 to downstream Burtundy,NSW,Lower Darling,,183,1
2020,0.0,0.0,0.0,0.0,0.0,0.0,0.0,0.0,0.0,0.0,0.0,0.0,365.0,LF2_P,hydrographs_LowerDarling,425012,Lower Darling River - Weir 32 to downstream Burtundy,NSW,Lower Darling,,548,1
2021,1.0,2.0,2.0,2.0,59.0,59.0,118.0,118.0,96.0,96.0,1.0,0.0,365.0,LF2_P,hydrographs_LowerDarling,425012,Lower Darling River - Weir 32 to downstream Burtundy,NSW,Lower Darling,,705,1
2022,0.0,0.0,0.0,0.0,0.0,0.0,0.0,0.0,0.0,0.0,0.0,0.0,365.0,LF2_P,hydrographs_LowerDarling,425012,Lower Darling River - Weir 32 to downstream Burtundy,NSW,Lower Darling,,426,1
2023,0.0,0.0,0.0,0.0,0.0,0.0,0.0,0.0,0.0,0.0,0.0,0.0,366.0,LF2_P,hydrographs_LowerDarling,425012,Lower Darling River - Weir 32 to downstream Burtundy,NSW,Lower Darling,,792,0
2024,0.0,0.0,0.0,0.0,0.0,0.0,0.0,0.0,0.0,0.0,0.0,0.0,281.0,LF2_P,hydrographs_LowerDarling,425012,Lower Darling River - Weir 32 to downstream Burtundy,NSW,Lower Darling,,1073,0
2025,,,,,,,,,,,,,,LF2_P,hydrographs_LowerDarling,425012,Lower Darling River - Weir 32 to downstream Burtundy,NSW,Lower Darling,,0,1
2019,0.0,0.0,0.0,0.0,0.0,0.0,0.0,0.0,0.0,0.0,0.0,0.0,183.0,LF1_S,hydrographs_LowerDarling,425012,Lower Darling River - Weir 32 to downstream Burtundy,NSW,Lower Darling,,183,1
2020,0.0,0.0,0.0,0.0,0.0,0.0,0.0,0.0,0.0,0.0,0.0,0.0,365.0,LF1_S,hydrographs_LowerDarling,425012,Lower Darling River - Weir 32 to downstream Burtundy,NSW,Lower Darling,,548,1
2021,1.0,2.0,2.0,2.0,89.5,89.5,179.0,179.0,96.0,96.0,1.0,0.0,365.0,LF1_S,hydrographs_LowerDarling,425012,Lower Darling River - Weir 32 to downstream Burtundy,NSW,Lower Darling,,705,1
2022,1.0,1.0,1.0,1.0,145.0,145.0,145.0,145.0,145.0,145.0,1.0,0.0,365.0,LF1_S,hydrographs_LowerDarling,425012,Lower Darling River - Weir 32 to downstream Burtundy,NSW,Lower Darling,,220,1
2023,0.0,0.0,0.0,0.0,0.0,0.0,0.0,0.0,0.0,0.0,0.0,0.0,366.0,LF1_S,hydrographs_LowerDarling,425012,Lower Darling River - Weir 32 to downstream Burtundy,NSW,Lower Darling,,586,1
2024,0.0,0.0,0.0,0.0,0.0,0.0,0.0,0.0,0.0,0.0,0.0,0.0,281.0,LF1_S,hydrographs_LowerDarling,425012,Lower Darling River - Weir 32 to downstream Burtundy,NSW,Lower Darling,,867,1
2025,,,,,,,,,,,,,,LF1_S,hydrographs_LowerDarling,425012,Lower Darling River - Weir 32 to downstream Burtundy,NSW,Lower Darling,,0,1
2019,0.0,0.0,0.0,0.0,0.0,0.0,0.0,0.0,0.0,0.0,0.0,0.0,183.0,OB3,hydrographs_LowerDarling,425012,Lower Darling River - Weir 32 to downstream Burtundy,NSW,Lower Darling,,183,1
2020,0.0,0.0,0.0,0.0,0.0,0.0,0.0,0.0,0.0,0.0,0.0,0.0,365.0,OB3,hydrographs_LowerDarling,425012,Lower Darling River - Weir 32 to downstream Burtundy,NSW,Lower Darling,,548,1
2021,0.0,0.0,0.0,1.0,28.0,0.0,28.0,0.0,28.0,28.0,0.0,0.0,365.0,OB3,hydrographs_LowerDarling,425012,Lower Darling River - Weir 32 to downstream Burtundy,NSW,Lower Darling,,913,1
2022,1.0,1.0,1.0,1.0,145.0,145.0,145.0,145.0,145.0,145.0,1.0,0.0,365.0,OB3,hydrographs_LowerDarling,425012,Lower Darling River - Weir 32 to downstream Burtundy,NSW,Lower Darling,,220,1
2023,0.0,0.0,0.0,0.0,0.0,0.0,0.0,0.0,0.0,0.0,0.0,0.0,366.0,OB3,hydrographs_LowerDarling,425012,Lower Darling River - Weir 32 to downstream Burtundy,NSW,Lower Darling,,586,1
2024,0.0,0.0,0.0,0.0,0.0,0.0,0.0,0.0,0.0,0.0,0.0,0.0,281.0,OB3,hydrographs_LowerDarling,425012,Lower Darling River - Weir 32 to downstream Burtundy,NSW,Lower Darling,,867,1
2025,,,,,,,,,,,,,,OB3,hydrographs_LowerDarling,425012,Lower Darling River - Weir 32 to downstream Burtundy,NSW,Lower Darling,,0,1
2019,0.0,0.0,0.0,0.0,0.0,0.0,0.0,0.0,0.0,0.0,0.0,0.0,183.0,LF2_S,hydrographs_LowerDarling,425012,Lower Darling River - Weir 32 to downstream Burtundy,NSW,Lower Darling,,183,1
2020,0.0,0.0,0.0,0.0,0.0,0.0,0.0,0.0,0.0,0.0,0.0,0.0,365.0,LF2_S,hydrographs_LowerDarling,425012,Lower Darling River - Weir 32 to downstream Burtundy,NSW,Lower Darling,,548,1
2021,1.0,2.0,2.0,2.0,89.5,89.5,179.0,179.0,96.0,96.0,1.0,0.0,365.0,LF2_S,hydrographs_LowerDarling,425012,Lower Darling River - Weir 32 to downstream Burtundy,NSW,Lower Darling,,705,1
2022,1.0,1.0,1.0,1.0,145.0,145.0,145.0,145.0,145.0,145.0,1.0,0.0,365.0,LF2_S,hydrographs_LowerDarling,425012,Lower Darling River - Weir 32 to downstream Burtundy,NSW,Lower Darling,,220,1
2023,0.0,0.0,0.0,0.0,0.0,0.0,0.0,0.0,0.0,0.0,0.0,0.0,366.0,LF2_S,hydrographs_LowerDarling,425012,Lower Darling River - Weir 32 to downstream Burtundy,NSW,Lower Darling,,586,1
2024,0.0,0.0,0.0,0.0,0.0,0.0,0.0,0.0,0.0,0.0,0.0,0.0,281.0,LF2_S,hydrographs_LowerDarling,425012,Lower Darling River - Weir 32 to downstream Burtundy,NSW,Lower Darling,,867,0
2025,,,,,,,,,,,,,,LF2_S,hydrographs_LowerDarling,425012,Lower Darling River - Weir 32 to downstream Burtundy,NSW,Lower Darling,,0,1
2019,0.0,0.0,0.0,1.0,6.0,6.0,6.0,6.0,6.0,6.0,0.0,0.0,183.0,BF1a,hydrographs_LowerDarling,425012,Lower Darling River - Weir 32 to downstream Burtundy,NSW,Lower Darling,,91,0
2020,0.0,0.0,0.0,1.0,197.0,197.0,197.0,197.0,197.0,197.0,0.0,0.0,365.0,BF1a,hydrographs_LowerDarling,425012,Lower Darling River - Weir 32 to downstream Burtundy,NSW,Lower Darling,,168,0
2021,1.0,1.0,1.0,1.0,212.0,212.0,212.0,212.0,212.0,212.0,1.0,0.0,365.0,BF1a,hydrographs_LowerDarling,425012,Lower Darling River - Weir 32 to downstream Burtundy,NSW,Lower Darling,,153,0
2022,0.0,0.0,0.0,2.0,51.5,51.5,103.0,103.0,83.0,83.0,0.0,0.0,365.0,BF1a,hydrographs_LowerDarling,425012,Lower Darling River - Weir 32 to downstream Burtundy,NSW,Lower Darling,,153,0
2023,1.0,1.0,1.0,1.0,213.0,213.0,213.0,213.0,213.0,213.0,1.0,0.0,366.0,BF1a,hydrographs_LowerDarling,425012,Lower Darling River - Weir 32 to downstream Burtundy,NSW,Lower Darling,,153,0
2024,0.0,0.0,0.0,1.0,163.0,163.0,163.0,163.0,163.0,163.0,0.0,0.0,281.0,BF1a,hydrographs_LowerDarling,425012,Lower Darling River - Weir 32 to downstream Burtundy,NSW,Lower Darling,,153,0
2025,,,,,,,,,,,,,,BF1a,hydrographs_LowerDarling,425012,Lower Darling River - Weir 32 to downstream Burtundy,NSW,Lower Darling,,0,1
2019,0.0,0.0,0.0,0.0,0.0,0.0,0.0,0.0,0.0,0.0,0.0,0.0,183.0,OB4,hydrographs_LowerDarling,425012,Lower Darling River - Weir 32 to downstream Burtundy,NSW,Lower Darling,,0,1
2020,0.0,0.0,0.0,0.0,0.0,0.0,0.0,0.0,0.0,0.0,0.0,0.0,365.0,OB4,hydrographs_LowerDarling,425012,Lower Darling River - Weir 32 to downstream Burtundy,NSW,Lower Darling,,0,1
2021,0.0,0.0,0.0,0.0,0.0,0.0,0.0,0.0,0.0,0.0,0.0,0.0,365.0,OB4,hydrographs_LowerDarling,425012,Lower Darling River - Weir 32 to downstream Burtundy,NSW,Lower Darling,,0,1
2022,0.0,0.0,0.0,1.0,19.0,0.0,19.0,0.0,19.0,19.0,0.0,0.0,365.0,OB4,hydrographs_LowerDarling,425012,Lower Darling River - Weir 32 to downstream Burtundy,NSW,Lower Darling,,0,1
2023,0.0,0.0,0.0,0.0,0.0,0.0,0.0,0.0,0.0,0.0,0.0,0.0,366.0,OB4,hydrographs_LowerDarling,425012,Lower Darling River - Weir 32 to downstream Burtundy,NSW,Lower Darling,,0,1
2024,0.0,0.0,0.0,0.0,0.0,0.0,0.0,0.0,0.0,0.0,0.0,0.0,281.0,OB4,hydrographs_LowerDarling,425012,Lower Darling River - Weir 32 to downstream Burtundy,NSW,Lower Darling,,0,1
2025,,,,,,,,,,,,,,OB4,hydrographs_LowerDarling,425012,Lower Darling River - Weir 32 to downstream Burtundy,NSW,Lower Darling,,0,1
2019,0.0,0.0,0.0,0.0,0.0,0.0,0.0,0.0,0.0,22.0,0.0,0.0,61.0,BF2a,hydrographs_LowerDarling,425012,Lower Darling River - Weir 32 to downstream Burtundy,NSW,Lower Darling,,61,1
2020,0.0,0.0,0.0,1.0,22.0,22.0,22.0,22.0,22.0,57.0,0.0,0.0,365.0,BF2a,hydrographs_LowerDarling,425012,Lower Darling River - Weir 32 to downstream Burtundy,NSW,Lower Darling,,317,1
2021,0.0,0.0,0.0,1.0,119.0,119.0,119.0,119.0,119.0,122.0,0.0,0.0,365.0,BF2a,hydrographs_LowerDarling,425012,Lower Darling River - Weir 32 to downstream Burtundy,NSW,Lower Darling,,382,1
2022,1.0,1.0,1.0,1.0,184.0,184.0,184.0,184.0,184.0,184.0,1.0,0.0,365.0,BF2a,hydrographs_LowerDarling,425012,Lower Darling River - Weir 32 to downstream Burtundy,NSW,Lower Darling,,181,1
2023,0.0,0.0,0.0,2.0,61.0,61.0,122.0,122.0,109.0,56.0,0.0,0.0,366.0,BF2a,hydrographs_LowerDarling,425012,Lower Darling River - Weir 32 to downstream Burtundy,NSW,Lower Darling,,192,1
2024,1.0,1.0,1.0,4.0,44.5,44.5,178.0,178.0,56.0,43.0,0.0,0.0,365.0,BF2a,hydrographs_LowerDarling,425012,Lower Darling River - Weir 32 to downstream Burtundy,NSW,Lower Darling,,181,1
2025,0.0,0.0,0.0,0.0,0.0,0.0,0.0,0.0,0.0,0.0,0.0,0.0,38.0,BF2a,hydrographs_LowerDarling,425012,Lower Darling River - Weir 32 to downstream Burtundy,NSW,Lower Darling,,219,1
2019,0.0,0.0,0.0,0.0,0.0,0.0,0.0,0.0,0.0,30.0,0.0,0.0,92.0,BF1b,hydrographs_LowerDarling,425012,Lower Darling River - Weir 32 to downstream Burtundy,NSW,Lower Darling,,92,0
2020,0.0,0.0,0.0,1.0,30.0,30.0,30.0,30.0,30.0,91.0,0.0,0.0,365.0,BF1b,hydrographs_LowerDarling,425012,Lower Darling River - Weir 32 to downstream Burtundy,NSW,Lower Darling,,335,0
2021,1.0,1.0,1.0,1.0,153.0,153.0,153.0,153.0,153.0,153.0,1.0,0.0,365.0,BF1b,hydrographs_LowerDarling,425012,Lower Darling River - Weir 32 to downstream Burtundy,NSW,Lower Darling,,212,0
2022,1.0,1.0,1.0,1.0,153.0,153.0,153.0,153.0,153.0,153.0,1.0,0.0,365.0,BF1b,hydrographs_LowerDarling,425012,Lower Darling River - Weir 32 to downstream Burtundy,NSW,Lower Darling,,212,0
2023,0.0,0.0,0.0,3.0,41.666666666666664,41.666666666666664,125.0,125.0,98.0,98.0,0.0,0.0,366.0,BF1b,hydrographs_LowerDarling,425012,Lower Darling River - Weir 32 to downstream Burtundy,NSW,Lower Darling,,213,0
2024,1.0,1.0,1.0,1.0,153.0,153.0,153.0,153.0,153.0,153.0,1.0,0.0,365.0,BF1b,hydrographs_LowerDarling,425012,Lower Darling River - Weir 32 to downstream Burtundy,NSW,Lower Darling,,212,0
2025,0.0,0.0,0.0,0.0,0.0,0.0,0.0,0.0,0.0,0.0,0.0,0.0,7.0,BF1b,hydrographs_LowerDarling,425012,Lower Darling River - Weir 32 to downstream Burtundy,NSW,Lower Darling,,219,0
2019,0.0,0.0,0.0,0.0,0.0,0.0,0.0,0.0,0.0,0.0,0.0,0.0,183.0,LF3_S,hydrographs_LowerDarling,425012,Lower Darling River - Weir 32 to downstream Burtundy,NSW,Lower Darling,,183,1
2020,0.0,0.0,0.0,0.0,0.0,0.0,0.0,0.0,0.0,0.0,0.0,0.0,365.0,LF3_S,hydrographs_LowerDarling,425012,Lower Darling River - Weir 32 to downstream Burtundy,NSW,Lower Darling,,548,1
2021,1.0,2.0,2.0,2.0,89.5,89.5,179.0,179.0,96.0,96.0,1.0,0.0,365.0,LF3_S,hydrographs_LowerDarling,425012,Lower Darling River - Weir 32 to downstream Burtundy,NSW,Lower Darling,,705,1
2022,1.0,1.0,1.0,1.0,145.0,145.0,145.0,145.0,145.0,145.0,1.0,0.0,365.0,LF3_S,hydrographs_LowerDarling,425012,Lower Darling River - Weir 32 to downstream Burtundy,NSW,Lower Darling,,220,1
2023,0.0,0.0,0.0,0.0,0.0,0.0,0.0,0.0,0.0,0.0,0.0,0.0,366.0,LF3_S,hydrographs_LowerDarling,425012,Lower Darling River - Weir 32 to downstream Burtundy,NSW,Lower Darling,,586,1
2024,0.0,0.0,0.0,0.0,0.0,0.0,0.0,0.0,0.0,0.0,0.0,0.0,281.0,LF3_S,hydrographs_LowerDarling,425012,Lower Darling River - Weir 32 to downstream Burtundy,NSW,Lower Darling,,867,0
2025,,,,,,,,,,,,,,LF3_S,hydrographs_LowerDarling,425012,Lower Darling River - Weir 32 to downstream Burtundy,NSW,Lower Darling,,0,1
2019,0.0,0.0,0.0,0.0,0.0,0.0,0.0,0.0,0.0,0.0,0.0,0.0,92.0,CF,hydrographs_LowerDarling,425012,Lower Darling River - Weir 32 to downstream Burtundy,NSW,Lower Darling,,0,1
2020,0.0,0.0,0.0,0.0,0.0,0.0,0.0,0.0,0.0,0.0,0.0,0.0,365.0,CF,hydrographs_LowerDarling,425012,Lower Darling River - Weir 32 to downstream Burtundy,NSW,Lower Darling,,0,1
2021,0.0,0.0,0.0,0.0,0.0,0.0,0.0,0.0,0.0,0.0,0.0,0.0,365.0,CF,hydrographs_LowerDarling,425012,Lower Darling River - Weir 32 to downstream Burtundy,NSW,Lower Darling,,0,1
2022,0.0,0.0,0.0,0.0,0.0,0.0,0.0,0.0,0.0,0.0,0.0,0.0,365.0,CF,hydrographs_LowerDarling,425012,Lower Darling River - Weir 32 to downstream Burtundy,NSW,Lower Darling,,0,1
2023,0.0,0.0,0.0,0.0,0.0,0.0,0.0,0.0,0.0,0.0,0.0,0.0,366.0,CF,hydrographs_LowerDarling,425012,Lower Darling River - Weir 32 to downstream Burtundy,NSW,Lower Darling,,0,1
2024,0.0,0.0,0.0,0.0,0.0,0.0,0.0,0.0,0.0,7.0,0.0,0.0,365.0,CF,hydrographs_LowerDarling,425012,Lower Darling River - Weir 32 to downstream Burtundy,NSW,Lower Darling,,0,1
2025,0.0,0.0,0.0,1.0,7.0,0.0,7.0,0.0,7.0,0.0,0.0,0.0,7.0,CF,hydrographs_LowerDarling,425012,Lower Darling River - Weir 32 to downstream Burtundy,NSW,Lower Darling,,0,1
2019,0.0,0.0,0.0,0.0,0.0,0.0,0.0,0.0,0.0,0.0,0.0,0.0,183.0,OB2,hydrographs_LowerDarling,425012,Lower Darling River - Weir 32 to downstream Burtundy,NSW,Lower Darling,,183,1
2020,0.0,0.0,0.0,0.0,0.0,0.0,0.0,0.0,0.0,0.0,0.0,0.0,365.0,OB2,hydrographs_LowerDarling,425012,Lower Darling River - Weir 32 to downstream Burtundy,NSW,Lower Darling,,548,1
2021,1.0,2.0,2.0,2.0,46.0,46.0,92.0,92.0,50.0,50.0,1.0,0.0,365.0,OB2,hydrographs_LowerDarling,425012,Lower Darling River - Weir 32 to downstream Burtundy,NSW,Lower Darling,,722,1
2022,1.0,1.0,1.0,1.0,145.0,145.0,145.0,145.0,145.0,145.0,1.0,0.0,365.0,OB2,hydrographs_LowerDarling,425012,Lower Darling River - Weir 32 to downstream Burtundy,NSW,Lower Darling,,220,1
2023,0.0,0.0,0.0,0.0,0.0,0.0,0.0,0.0,0.0,0.0,0.0,0.0,366.0,OB2,hydrographs_LowerDarling,425012,Lower Darling River - Weir 32 to downstream Burtundy,NSW,Lower Darling,,586,1
2024,0.0,0.0,0.0,0.0,0.0,0.0,0.0,0.0,0.0,0.0,0.0,0.0,281.0,OB2,hydrographs_LowerDarling,425012,Lower Darling River - Weir 32 to downstream Burtundy,NSW,Lower Darling,,867,1
2025,,,,,,,,,,,,,,OB2,hydrographs_LowerDarling,425012,Lower Darling River - Weir 32 to downstream Burtundy,NSW,Lower Darling,,0,1
2019,0.0,0.0,0.0,0.0,0.0,0.0,0.0,0.0,0.0,0.0,0.0,0.0,183.0,BF2b,hydrographs_LowerDarling,425012,Lower Darling River - Weir 32 to downstream Burtundy,NSW,Lower Darling,,183,1
2020,0.0,0.0,0.0,1.0,5.0,5.0,5.0,5.0,5.0,5.0,0.0,0.0,365.0,BF2b,hydrographs_LowerDarling,425012,Lower Darling River - Weir 32 to downstream Burtundy,NSW,Lower Darling,,331,1
2021,1.0,1.0,1.0,1.0,91.0,91.0,91.0,91.0,91.0,91.0,1.0,0.0,365.0,BF2b,hydrographs_LowerDarling,425012,Lower Darling River - Weir 32 to downstream Burtundy,NSW,Lower Darling,,274,1
2022,1.0,1.0,1.0,1.0,83.0,83.0,83.0,83.0,83.0,83.0,1.0,0.0,365.0,BF2b,hydrographs_LowerDarling,425012,Lower Darling River - Weir 32 to downstream Burtundy,NSW,Lower Darling,,274,1
2023,0.0,0.0,0.0,3.0,6.333333333333333,6.333333333333333,19.0,19.0,7.0,7.0,0.0,0.0,366.0,BF2b,hydrographs_LowerDarling,425012,Lower Darling River - Weir 32 to downstream Burtundy,NSW,Lower Darling,,309,1
2024,1.0,1.0,1.0,1.0,90.0,90.0,90.0,90.0,90.0,90.0,1.0,0.0,281.0,BF2b,hydrographs_LowerDarling,425012,Lower Darling River - Weir 32 to downstream Burtundy,NSW,Lower Darling,,276,1
2025,,,,,,,,,,,,,,BF2b,hydrographs_LowerDarling,425012,Lower Darling River - Weir 32 to downstream Burtundy,NSW,Lower Darling,,0,1
2019,0.0,0.0,0.0,0.0,0.0,0.0,0.0,0.0,0.0,0.0,0.0,0.0,183.0,BK1_S,hydrographs_LowerDarling,425012,Lower Darling River - Weir 32 to downstream Burtundy,NSW,Lower Darling,,183,1
2020,0.0,0.0,0.0,0.0,0.0,0.0,0.0,0.0,0.0,0.0,0.0,0.0,365.0,BK1_S,hydrographs_LowerDarling,425012,Lower Darling River - Weir 32 to downstream Burtundy,NSW,Lower Darling,,548,1
2021,1.0,2.0,2.0,2.0,71.0,71.0,142.0,142.0,75.0,75.0,1.0,0.0,365.0,BK1_S,hydrographs_LowerDarling,425012,Lower Darling River - Weir 32 to downstream Burtundy,NSW,Lower Darling,,707,1
2022,1.0,1.0,1.0,1.0,145.0,145.0,145.0,145.0,145.0,145.0,1.0,0.0,365.0,BK1_S,hydrographs_LowerDarling,425012,Lower Darling River - Weir 32 to downstream Burtundy,NSW,Lower Darling,,220,1
2023,0.0,0.0,0.0,0.0,0.0,0.0,0.0,0.0,0.0,0.0,0.0,0.0,366.0,BK1_S,hydrographs_LowerDarling,425012,Lower Darling River - Weir 32 to downstream Burtundy,NSW,Lower Darling,,586,1
2024,0.0,0.0,0.0,0.0,0.0,0.0,0.0,0.0,0.0,0.0,0.0,0.0,281.0,BK1_S,hydrographs_LowerDarling,425012,Lower Darling River - Weir 32 to downstream Burtundy,NSW,Lower Darling,,867,0
2025,,,,,,,,,,,,,,BK1_S,hydrographs_LowerDarling,425012,Lower Darling River - Weir 32 to downstream Burtundy,NSW,Lower Darling,,0,1
2019,0.0,0.0,0.0,0.0,0.0,0.0,0.0,0.0,0.0,0.0,0.0,0.0,183.0,OB5,hydrographs_LowerDarling,425012,Lower Darling River - Weir 32 to downstream Burtundy,NSW,Lower Darling,,0,1
2020,0.0,0.0,0.0,0.0,0.0,0.0,0.0,0.0,0.0,0.0,0.0,0.0,365.0,OB5,hydrographs_LowerDarling,425012,Lower Darling River - Weir 32 to downstream Burtundy,NSW,Lower Darling,,0,1
2021,0.0,0.0,0.0,0.0,0.0,0.0,0.0,0.0,0.0,0.0,0.0,0.0,365.0,OB5,hydrographs_LowerDarling,425012,Lower Darling River - Weir 32 to downstream Burtundy,NSW,Lower Darling,,0,1
2022,0.0,0.0,0.0,0.0,0.0,0.0,0.0,0.0,0.0,0.0,0.0,0.0,365.0,OB5,hydrographs_LowerDarling,425012,Lower Darling River - Weir 32 to downstream Burtundy,NSW,Lower Darling,,0,1
2023,0.0,0.0,0.0,0.0,0.0,0.0,0.0,0.0,0.0,0.0,0.0,0.0,366.0,OB5,hydrographs_LowerDarling,425012,Lower Darling River - Weir 32 to downstream Burtundy,NSW,Lower Darling,,0,1
2024,0.0,0.0,0.0,0.0,0.0,0.0,0.0,0.0,0.0,0.0,0.0,0.0,281.0,OB5,hydrographs_LowerDarling,425012,Lower Darling River - Weir 32 to downstream Burtundy,NSW,Lower Darling,,0,1
2025,,,,,,,,,,,,,,OB5,hydrographs_LowerDarling,425012,Lower Darling River - Weir 32 to downstream Burtundy,NSW,Lower Darling,,0,1
2019,0.0,0.0,0.0,0.0,0.0,0.0,0.0,0.0,0.0,0.0,0.0,0.0,183.0,BK2_P,hydrographs_LowerDarling,425012,Lower Darling River - Weir 32 to downstream Burtundy,NSW,Lower Darling,,183,1
2020,0.0,0.0,0.0,0.0,0.0,0.0,0.0,0.0,0.0,0.0,0.0,0.0,365.0,BK2_P,hydrographs_LowerDarling,425012,Lower Darling River - Weir 32 to downstream Burtundy,NSW,Lower Darling,,548,1
2021,1.0,2.0,2.0,2.0,52.0,52.0,104.0,104.0,71.0,71.0,1.0,0.0,365.0,BK2_P,hydrographs_LowerDarling,425012,Lower Darling River - Weir 32 to downstream Burtundy,NSW,Lower Darling,,708,1
2022,1.0,1.0,1.0,1.0,114.0,114.0,114.0,114.0,114.0,114.0,1.0,0.0,365.0,BK2_P,hydrographs_LowerDarling,425012,Lower Darling River - Weir 32 to downstream Burtundy,NSW,Lower Darling,,220,1
2023,0.0,0.0,0.0,0.0,0.0,0.0,0.0,0.0,0.0,0.0,0.0,0.0,366.0,BK2_P,hydrographs_LowerDarling,425012,Lower Darling River - Weir 32 to downstream Burtundy,NSW,Lower Darling,,586,1
2024,0.0,0.0,0.0,0.0,0.0,0.0,0.0,0.0,0.0,0.0,0.0,0.0,281.0,BK2_P,hydrographs_LowerDarling,425012,Lower Darling River - Weir 32 to downstream Burtundy,NSW,Lower Darling,,867,1
2025,,,,,,,,,,,,,,BK2_P,hydrographs_LowerDarling,425012,Lower Darling River - Weir 32 to downstream Burtundy,NSW,Lower Darling,,0,1
2019,0.0,0.0,0.0,0.0,0.0,0.0,0.0,0.0,0.0,0.0,0.0,0.0,183.0,SF2,hydrographs_LowerDarling,425012,Lower Darling River - Weir 32 to downstream Burtundy,NSW,Lower Darling,,183,1
2020,0.0,0.0,0.0,0.0,0.0,0.0,0.0,0.0,0.0,0.0,0.0,0.0,365.0,SF2,hydrographs_LowerDarling,425012,Lower Darling River - Weir 32 to downstream Burtundy,NSW,Lower Darling,,548,1
2021,0.0,0.0,0.0,1.0,59.0,0.0,59.0,0.0,59.0,59.0,0.0,0.0,365.0,SF2,hydrographs_LowerDarling,425012,Lower Darling River - Weir 32 to downstream Burtundy,NSW,Lower Darling,,913,1
2022,1.0,1.0,1.0,1.0,83.0,83.0,83.0,83.0,83.0,83.0,1.0,0.0,365.0,SF2,hydrographs_LowerDarling,425012,Lower Darling River - Weir 32 to downstream Burtundy,NSW,Lower Darling,,975,1
2023,0.0,0.0,0.0,0.0,0.0,0.0,0.0,0.0,0.0,0.0,0.0,0.0,366.0,SF2,hydrographs_LowerDarling,425012,Lower Darling River - Weir 32 to downstream Burtundy,NSW,Lower Darling,,586,1
2024,1.0,1.0,1.0,1.0,72.0,72.0,72.0,72.0,72.0,72.0,1.0,0.0,281.0,SF2,hydrographs_LowerDarling,425012,Lower Darling River - Weir 32 to downstream Burtundy,NSW,Lower Darling,,663,1
2025,,,,,,,,,,,,,,SF2,hydrographs_LowerDarling,425012,Lower Darling River - Weir 32 to downstream Burtundy,NSW,Lower Darling,,0,1
2019,0.0,0.0,0.0,0.0,0.0,0.0,0.0,0.0,0.0,91.0,0.0,0.0,92.0,VF,hydrographs_LowerDarling,425012,Lower Darling River - Weir 32 to downstream Burtundy,NSW,Lower Darling,,92,0
2020,0.0,0.0,0.0,1.0,183.0,183.0,183.0,183.0,183.0,183.0,0.0,0.0,365.0,VF,hydrographs_LowerDarling,425012,Lower Darling River - Weir 32 to downstream Burtundy,NSW,Lower Darling,,182,0
2021,0.0,0.0,0.0,1.0,183.0,183.0,183.0,183.0,183.0,183.0,0.0,0.0,365.0,VF,hydrographs_LowerDarling,425012,Lower Darling River - Weir 32 to downstream Burtundy,NSW,Lower Darling,,182,0
2022,0.0,0.0,0.0,1.0,183.0,183.0,183.0,183.0,183.0,183.0,0.0,0.0,365.0,VF,hydrographs_LowerDarling,425012,Lower Darling River - Weir 32 to downstream Burtundy,NSW,Lower Darling,,182,0
2023,0.0,0.0,0.0,1.0,183.0,183.0,183.0,183.0,183.0,183.0,0.0,0.0,366.0,VF,hydrographs_LowerDarling,425012,Lower Darling River - Weir 32 to downstream Burtundy,NSW,Lower Darling,,183,0
2024,0.0,0.0,0.0,1.0,183.0,183.0,183.0,183.0,183.0,183.0,0.0,0.0,365.0,VF,hydrographs_LowerDarling,425012,Lower Darling River - Weir 32 to downstream Burtundy,NSW,Lower Darling,,182,0
2025,0.0,0.0,0.0,0.0,0.0,0.0,0.0,0.0,0.0,0.0,0.0,0.0,7.0,VF,hydrographs_LowerDarling,425012,Lower Darling River - Weir 32 to downstream Burtundy,NSW,Lower Darling,,189,0
2019,0.0,0.0,0.0,0.0,0.0,0.0,0.0,0.0,0.0,0.0,0.0,0.0,183.0,LF3_P,hydrographs_LowerDarling,425012,Lower Darling River - Weir 32 to downstream Burtundy,NSW,Lower Darling,,183,1
2020,0.0,0.0,0.0,0.0,0.0,0.0,0.0,0.0,0.0,0.0,0.0,0.0,365.0,LF3_P,hydrographs_LowerDarling,425012,Lower Darling River - Weir 32 to downstream Burtundy,NSW,Lower Darling,,548,1
2021,1.0,1.0,1.0,1.0,27.0,27.0,27.0,27.0,27.0,27.0,1.0,0.0,365.0,LF3_P,hydrographs_LowerDarling,425012,Lower Darling River - Weir 32 to downstream Burtundy,NSW,Lower Darling,,705,1
2022,1.0,1.0,1.0,1.0,114.0,114.0,114.0,114.0,114.0,114.0,1.0,0.0,365.0,LF3_P,hydrographs_LowerDarling,425012,Lower Darling River - Weir 32 to downstream Burtundy,NSW,Lower Darling,,220,1
2023,0.0,0.0,0.0,0.0,0.0,0.0,0.0,0.0,0.0,0.0,0.0,0.0,366.0,LF3_P,hydrographs_LowerDarling,425012,Lower Darling River - Weir 32 to downstream Burtundy,NSW,Lower Darling,,586,1
2024,0.0,0.0,0.0,0.0,0.0,0.0,0.0,0.0,0.0,0.0,0.0,0.0,281.0,LF3_P,hydrographs_LowerDarling,425012,Lower Darling River - Weir 32 to downstream Burtundy,NSW,Lower Darling,,867,0
2025,,,,,,,,,,,,,,LF3_P,hydrographs_LowerDarling,425012,Lower Darling River - Weir 32 to downstream Burtundy,NSW,Lower Darling,,0,1
2019,0.0,0.0,0.0,0.0,0.0,0.0,0.0,0.0,0.0,0.0,0.0,0.0,183.0,OB1_P,hydrographs_LowerDarling,425012,Lower Darling River - Weir 32 to downstream Burtundy,NSW,Lower Darling,,183,1
2020,0.0,0.0,0.0,0.0,0.0,0.0,0.0,0.0,0.0,0.0,0.0,0.0,365.0,OB1_P,hydrographs_LowerDarling,425012,Lower Darling River - Weir 32 to downstream Burtundy,NSW,Lower Darling,,548,1
2021,0.0,0.0,0.0,0.0,0.0,0.0,0.0,0.0,0.0,0.0,0.0,0.0,365.0,OB1_P,hydrographs_LowerDarling,425012,Lower Darling River - Weir 32 to downstream Burtundy,NSW,Lower Darling,,913,1
2022,1.0,1.0,1.0,1.0,114.0,114.0,114.0,114.0,114.0,114.0,1.0,0.0,365.0,OB1_P,hydrographs_LowerDarling,425012,Lower Darling River - Weir 32 to downstream Burtundy,NSW,Lower Darling,,944,1
2023,0.0,0.0,0.0,0.0,0.0,0.0,0.0,0.0,0.0,0.0,0.0,0.0,366.0,OB1_P,hydrographs_LowerDarling,425012,Lower Darling River - Weir 32 to downstream Burtundy,NSW,Lower Darling,,586,1
2024,0.0,0.0,0.0,0.0,0.0,0.0,0.0,0.0,0.0,0.0,0.0,0.0,281.0,OB1_P,hydrographs_LowerDarling,425012,Lower Darling River - Weir 32 to downstream Burtundy,NSW,Lower Darling,,867,1
2025,,,,,,,,,,,,,,OB1_P,hydrographs_LowerDarling,425012,Lower Darling River - Weir 32 to downstream Burtundy,NSW,Lower Darling,,0,1
2019,0.0,0.0,0.0,0.0,0.0,0.0,0.0,0.0,0.0,0.0,0.0,0.0,183.0,BK1a_P,hydrographs_LowerDarling,425012,Lower Darling River - Weir 32 to downstream Burtundy,NSW,Lower Darling,,183,1
2020,0.0,0.0,0.0,0.0,0.0,0.0,0.0,0.0,0.0,0.0,0.0,0.0,365.0,BK1a_P,hydrographs_LowerDarling,425012,Lower Darling River - Weir 32 to downstream Burtundy,NSW,Lower Darling,,548,1
2021,0.0,0.0,0.0,0.0,0.0,0.0,0.0,0.0,0.0,0.0,0.0,0.0,365.0,BK1a_P,hydrographs_LowerDarling,425012,Lower Darling River - Weir 32 to downstream Burtundy,NSW,Lower Darling,,913,0
2022,1.0,1.0,1.0,1.0,92.0,92.0,92.0,92.0,92.0,92.0,1.0,0.0,365.0,BK1a_P,hydrographs_LowerDarling,425012,Lower Darling River - Weir 32 to downstream Burtundy,NSW,Lower Darling,,944,0
2023,0.0,0.0,0.0,0.0,0.0,0.0,0.0,0.0,0.0,0.0,0.0,0.0,366.0,BK1a_P,hydrographs_LowerDarling,425012,Lower Darling River - Weir 32 to downstream Burtundy,NSW,Lower Darling,,608,1
2024,0.0,0.0,0.0,0.0,0.0,0.0,0.0,0.0,0.0,0.0,0.0,0.0,281.0,BK1a_P,hydrographs_LowerDarling,425012,Lower Darling River - Weir 32 to downstream Burtundy,NSW,Lower Darling,,889,0
2025,,,,,,,,,,,,,,BK1a_P,hydrographs_LowerDarling,425012,Lower Darling River - Weir 32 to downstream Burtundy,NSW,Lower Darling,,0,1
2019,1.0,1.0,1.0,1.0,14.0,14.0,14.0,14.0,14.0,14.0,1.0,0.0,183.0,SF3,hydrographs_LowerDarling,425012,Lower Darling River - Weir 32 to downstream Burtundy,NSW,Lower Darling,,88,1
2020,0.0,0.0,0.0,0.0,0.0,0.0,0.0,0.0,0.0,0.0,0.0,0.0,365.0,SF3,hydrographs_LowerDarling,425012,Lower Darling River - Weir 32 to downstream Burtundy,NSW,Lower Darling,,446,1
2021,1.0,1.0,1.0,1.0,151.0,151.0,151.0,151.0,151.0,151.0,1.0,0.0,365.0,SF3,hydrographs_LowerDarling,425012,Lower Darling River - Weir 32 to downstream Burtundy,NSW,Lower Darling,,599,1
2022,1.0,1.0,1.0,1.0,38.0,38.0,38.0,38.0,38.0,38.0,1.0,0.0,365.0,SF3,hydrographs_LowerDarling,425012,Lower Darling River - Weir 32 to downstream Burtundy,NSW,Lower Darling,,315,1
2023,0.0,0.0,0.0,0.0,0.0,0.0,0.0,0.0,0.0,0.0,0.0,0.0,366.0,SF3,hydrographs_LowerDarling,425012,Lower Darling River - Weir 32 to downstream Burtundy,NSW,Lower Darling,,439,1
2024,0.0,0.0,0.0,0.0,0.0,0.0,0.0,0.0,0.0,0.0,0.0,0.0,281.0,SF3,hydrographs_LowerDarling,425012,Lower Darling River - Weir 32 to downstream Burtundy,NSW,Lower Darling,,720,1
2025,,,,,,,,,,,,,,SF3,hydrographs_LowerDarling,425012,Lower Darling River - Weir 32 to downstream Burtundy,NSW,Lower Darling,,0,1
2019,0.0,0.0,0.0,0.0,0.0,0.0,0.0,0.0,0.0,0.0,0.0,0.0,183.0,NestS1,hydrographs_LowerDarling,425012,Lower Darling River - Weir 32 to downstream Burtundy,NSW,Lower Darling,,183,1
2020,0.0,0.0,0.0,1.0,4.0,0.0,4.0,0.0,4.0,4.0,0.0,0.0,365.0,NestS1,hydrographs_LowerDarling,425012,Lower Darling River - Weir 32 to downstream Burtundy,NSW,Lower Darling,,548,0
2021,0.0,0.0,0.0,3.0,6.666666666666667,0.0,20.0,0.0,11.0,11.0,0.0,0.0,365.0,NestS1,hydrographs_LowerDarling,425012,Lower Darling River - Weir 32 to downstream Burtundy,NSW,Lower Darling,,913,0
2022,1.0,1.0,1.0,1.0,83.0,83.0,83.0,83.0,83.0,83.0,1.0,0.0,365.0,NestS1,hydrographs_LowerDarling,425012,Lower Darling River - Weir 32 to downstream Burtundy,NSW,Lower Darling,,975,0
2023,0.0,0.0,0.0,4.0,3.25,0.0,13.0,0.0,7.0,7.0,0.0,0.0,366.0,NestS1,hydrographs_LowerDarling,425012,Lower Darling River - Weir 32 to downstream Burtundy,NSW,Lower Darling,,586,0
2024,0.0,0.0,0.0,3.0,7.0,0.0,21.0,0.0,11.0,11.0,0.0,0.0,281.0,NestS1,hydrographs_LowerDarling,425012,Lower Darling River - Weir 32 to downstream Burtundy,NSW,Lower Darling,,867,0
2025,,,,,,,,,,,,,,NestS1,hydrographs_LowerDarling,425012,Lower Darling River - Weir 32 to downstream Burtundy,NSW,Lower Darling,,0,1
2019,1.0,1.0,1.0,1.0,14.0,14.0,14.0,14.0,14.0,14.0,1.0,0.0,183.0,SF1,hydrographs_LowerDarling,425012,Lower Darling River - Weir 32 to downstream Burtundy,NSW,Lower Darling,,88,1
2020,0.0,0.0,0.0,1.0,6.0,0.0,6.0,0.0,6.0,6.0,0.0,0.0,365.0,SF1,hydrographs_LowerDarling,425012,Lower Darling River - Weir 32 to downstream Burtundy,NSW,Lower Darling,,446,1
2021,1.0,1.0,1.0,1.0,92.0,92.0,92.0,92.0,92.0,92.0,1.0,0.0,365.0,SF1,hydrographs_LowerDarling,425012,Lower Darling River - Weir 32 to downstream Burtundy,NSW,Lower Darling,,689,1
2022,1.0,1.0,1.0,1.0,38.0,38.0,38.0,38.0,38.0,38.0,1.0,0.0,365.0,SF1,hydrographs_LowerDarling,425012,Lower Darling River - Weir 32 to downstream Burtundy,NSW,Lower Darling,,284,1
2023,0.0,0.0,0.0,1.0,2.0,0.0,2.0,0.0,2.0,2.0,0.0,0.0,366.0,SF1,hydrographs_LowerDarling,425012,Lower Darling River - Weir 32 to downstream Burtundy,NSW,Lower Darling,,439,1
2024,0.0,0.0,0.0,0.0,0.0,0.0,0.0,0.0,0.0,0.0,0.0,0.0,281.0,SF1,hydrographs_LowerDarling,425012,Lower Darling River - Weir 32 to downstream Burtundy,NSW,Lower Darling,,720,1
2025,,,,,,,,,,,,,,SF1,hydrographs_LowerDarling,425012,Lower Darling River - Weir 32 to downstream Burtundy,NSW,Lower Darling,,0,1
2019,0.0,0.0,0.0,0.0,0.0,0.0,0.0,0.0,0.0,0.0,0.0,0.0,183.0,BF1_b,hydrographs_LowerDarling,A4260505,Murray River - Lock 9 to Lock 7,NSW,Lower Darling,,0,1
2020,0.0,0.0,0.0,0.0,0.0,0.0,0.0,0.0,0.0,0.0,0.0,2.0,365.0,BF1_b,hydrographs_LowerDarling,A4260505,Murray River - Lock 9 to Lock 7,NSW,Lower Darling,,0,1
2021,0.0,0.0,0.0,0.0,0.0,0.0,0.0,0.0,0.0,0.0,0.0,0.0,365.0,BF1_b,hydrographs_LowerDarling,A4260505,Murray River - Lock 9 to Lock 7,NSW,Lower Darling,,0,1
2022,0.0,0.0,0.0,0.0,0.0,0.0,0.0,0.0,0.0,0.0,0.0,0.0,365.0,BF1_b,hydrographs_LowerDarling,A4260505,Murray River - Lock 9 to Lock 7,NSW,Lower Darling,,0,1
2023,0.0,0.0,0.0,0.0,0.0,0.0,0.0,0.0,0.0,0.0,0.0,0.0,366.0,BF1_b,hydrographs_LowerDarling,A4260505,Murray River - Lock 9 to Lock 7,NSW,Lower Darling,,0,1
2024,0.0,0.0,0.0,0.0,0.0,0.0,0.0,0.0,0.0,0.0,0.0,8.0,281.0,BF1_b,hydrographs_LowerDarling,A4260505,Murray River - Lock 9 to Lock 7,NSW,Lower Darling,,0,1
2019,0.0,0.0,0.0,0.0,0.0,0.0,0.0,0.0,0.0,0.0,0.0,0.0,183.0,BK1_P,hydrographs_LowerDarling,A4260505,Murray River - Lock 9 to Lock 7,NSW,Lower Darling,,0,1
2020,0.0,0.0,0.0,0.0,0.0,0.0,0.0,0.0,0.0,0.0,0.0,2.0,365.0,BK1_P,hydrographs_LowerDarling,A4260505,Murray River - Lock 9 to Lock 7,NSW,Lower Darling,,0,1
2021,0.0,0.0,0.0,0.0,0.0,0.0,0.0,0.0,0.0,0.0,0.0,0.0,365.0,BK1_P,hydrographs_LowerDarling,A4260505,Murray River - Lock 9 to Lock 7,NSW,Lower Darling,,0,1
2022,0.0,0.0,0.0,0.0,0.0,0.0,0.0,0.0,0.0,0.0,0.0,0.0,365.0,BK1_P,hydrographs_LowerDarling,A4260505,Murray River - Lock 9 to Lock 7,NSW,Lower Darling,,0,1
2023,0.0,0.0,0.0,0.0,0.0,0.0,0.0,0.0,0.0,0.0,0.0,0.0,366.0,BK1_P,hydrographs_LowerDarling,A4260505,Murray River - Lock 9 to Lock 7,NSW,Lower Darling,,0,1
2024,0.0,0.0,0.0,0.0,0.0,0.0,0.0,0.0,0.0,0.0,0.0,8.0,281.0,BK1_P,hydrographs_LowerDarling,A4260505,Murray River - Lock 9 to Lock 7,NSW,Lower Darling,,0,1
2019,0.0,0.0,0.0,0.0,0.0,0.0,0.0,0.0,0.0,0.0,0.0,0.0,183.0,OB4,hydrographs_LowerDarling,A4260505,Murray River - Lock 9 to Lock 7,NSW,Lower Darling,,0,1
2020,0.0,0.0,0.0,0.0,0.0,0.0,0.0,0.0,0.0,0.0,0.0,2.0,365.0,OB4,hydrographs_LowerDarling,A4260505,Murray River - Lock 9 to Lock 7,NSW,Lower Darling,,0,1
2021,0.0,0.0,0.0,0.0,0.0,0.0,0.0,0.0,0.0,0.0,0.0,0.0,365.0,OB4,hydrographs_LowerDarling,A4260505,Murray River - Lock 9 to Lock 7,NSW,Lower Darling,,0,1
2022,0.0,0.0,0.0,0.0,0.0,0.0,0.0,0.0,0.0,0.0,0.0,0.0,365.0,OB4,hydrographs_LowerDarling,A4260505,Murray River - Lock 9 to Lock 7,NSW,Lower Darling,,0,1
2023,0.0,0.0,0.0,0.0,0.0,0.0,0.0,0.0,0.0,0.0,0.0,0.0,366.0,OB4,hydrographs_LowerDarling,A4260505,Murray River - Lock 9 to Lock 7,NSW,Lower Darling,,0,1
2024,0.0,0.0,0.0,0.0,0.0,0.0,0.0,0.0,0.0,0.0,0.0,8.0,281.0,OB4,hydrographs_LowerDarling,A4260505,Murray River - Lock 9 to Lock 7,NSW,Lower Darling,,0,1
2019,0.0,0.0,0.0,0.0,0.0,0.0,0.0,0.0,0.0,0.0,0.0,0.0,183.0,OB2,hydrographs_LowerDarling,A4260505,Murray River - Lock 9 to Lock 7,NSW,Lower Darling,,0,1
2020,0.0,0.0,0.0,0.0,0.0,0.0,0.0,0.0,0.0,0.0,0.0,2.0,365.0,OB2,hydrographs_LowerDarling,A4260505,Murray River - Lock 9 to Lock 7,NSW,Lower Darling,,0,1
2021,0.0,0.0,0.0,0.0,0.0,0.0,0.0,0.0,0.0,0.0,0.0,0.0,365.0,OB2,hydrographs_LowerDarling,A4260505,Murray River - Lock 9 to Lock 7,NSW,Lower Darling,,0,1
2022,0.0,0.0,0.0,0.0,0.0,0.0,0.0,0.0,0.0,0.0,0.0,0.0,365.0,OB2,hydrographs_LowerDarling,A4260505,Murray River - Lock 9 to Lock 7,NSW,Lower Darling,,0,1
2023,0.0,0.0,0.0,0.0,0.0,0.0,0.0,0.0,0.0,0.0,0.0,0.0,366.0,OB2,hydrographs_LowerDarling,A4260505,Murray River - Lock 9 to Lock 7,NSW,Lower Darling,,0,1
2024,0.0,0.0,0.0,0.0,0.0,0.0,0.0,0.0,0.0,0.0,0.0,8.0,281.0,OB2,hydrographs_LowerDarling,A4260505,Murray River - Lock 9 to Lock 7,NSW,Lower Darling,,0,1
2019,0.0,0.0,0.0,0.0,0.0,0.0,0.0,0.0,0.0,0.0,0.0,0.0,183.0,VF,hydrographs_LowerDarling,A4260505,Murray River - Lock 9 to Lock 7,NSW,Lower Darling,,0,1
2020,0.0,0.0,0.0,0.0,0.0,0.0,0.0,0.0,0.0,0.0,0.0,2.0,365.0,VF,hydrographs_LowerDarling,A4260505,Murray River - Lock 9 to Lock 7,NSW,Lower Darling,,0,1
2021,0.0,0.0,0.0,0.0,0.0,0.0,0.0,0.0,0.0,0.0,0.0,0.0,365.0,VF,hydrographs_LowerDarling,A4260505,Murray River - Lock 9 to Lock 7,NSW,Lower Darling,,0,1
2022,0.0,0.0,0.0,0.0,0.0,0.0,0.0,0.0,0.0,0.0,0.0,0.0,365.0,VF,hydrographs_LowerDarling,A4260505,Murray River - Lock 9 to Lock 7,NSW,Lower Darling,,0,1
2023,0.0,0.0,0.0,0.0,0.0,0.0,0.0,0.0,0.0,0.0,0.0,0.0,366.0,VF,hydrographs_LowerDarling,A4260505,Murray River - Lock 9 to Lock 7,NSW,Lower Darling,,0,1
2024,0.0,0.0,0.0,0.0,0.0,0.0,0.0,0.0,0.0,0.0,0.0,8.0,281.0,VF,hydrographs_LowerDarling,A4260505,Murray River - Lock 9 to Lock 7,NSW,Lower Darling,,0,1
2019,0.0,0.0,0.0,0.0,0.0,0.0,0.0,0.0,0.0,0.0,0.0,0.0,183.0,LF1,hydrographs_LowerDarling,A4260505,Murray River - Lock 9 to Lock 7,NSW,Lower Darling,,0,1
2020,0.0,0.0,0.0,0.0,0.0,0.0,0.0,0.0,0.0,0.0,0.0,2.0,365.0,LF1,hydrographs_LowerDarling,A4260505,Murray River - Lock 9 to Lock 7,NSW,Lower Darling,,0,1
2021,0.0,0.0,0.0,0.0,0.0,0.0,0.0,0.0,0.0,0.0,0.0,0.0,365.0,LF1,hydrographs_LowerDarling,A4260505,Murray River - Lock 9 to Lock 7,NSW,Lower Darling,,0,1
2022,0.0,0.0,0.0,0.0,0.0,0.0,0.0,0.0,0.0,0.0,0.0,0.0,365.0,LF1,hydrographs_LowerDarling,A4260505,Murray River - Lock 9 to Lock 7,NSW,Lower Darling,,0,1
2023,0.0,0.0,0.0,0.0,0.0,0.0,0.0,0.0,0.0,0.0,0.0,0.0,366.0,LF1,hydrographs_LowerDarling,A4260505,Murray River - Lock 9 to Lock 7,NSW,Lower Darling,,0,1
2024,0.0,0.0,0.0,0.0,0.0,0.0,0.0,0.0,0.0,0.0,0.0,8.0,281.0,LF1,hydrographs_LowerDarling,A4260505,Murray River - Lock 9 to Lock 7,NSW,Lower Darling,,0,1
2019,0.0,0.0,0.0,0.0,0.0,0.0,0.0,0.0,0.0,0.0,0.0,0.0,183.0,BK1_S,hydrographs_LowerDarling,A4260505,Murray River - Lock 9 to Lock 7,NSW,Lower Darling,,0,1
2020,0.0,0.0,0.0,0.0,0.0,0.0,0.0,0.0,0.0,0.0,0.0,2.0,365.0,BK1_S,hydrographs_LowerDarling,A4260505,Murray River - Lock 9 to Lock 7,NSW,Lower Darling,,0,1
2021,0.0,0.0,0.0,0.0,0.0,0.0,0.0,0.0,0.0,0.0,0.0,0.0,365.0,BK1_S,hydrographs_LowerDarling,A4260505,Murray River - Lock 9 to Lock 7,NSW,Lower Darling,,0,1
2022,0.0,0.0,0.0,0.0,0.0,0.0,0.0,0.0,0.0,0.0,0.0,0.0,365.0,BK1_S,hydrographs_LowerDarling,A4260505,Murray River - Lock 9 to Lock 7,NSW,Lower Darling,,0,1
2023,0.0,0.0,0.0,0.0,0.0,0.0,0.0,0.0,0.0,0.0,0.0,0.0,366.0,BK1_S,hydrographs_LowerDarling,A4260505,Murray River - Lock 9 to Lock 7,NSW,Lower Darling,,0,1
2024,0.0,0.0,0.0,0.0,0.0,0.0,0.0,0.0,0.0,0.0,0.0,8.0,281.0,BK1_S,hydrographs_LowerDarling,A4260505,Murray River - Lock 9 to Lock 7,NSW,Lower Darling,,0,1
2019,0.0,0.0,0.0,0.0,0.0,0.0,0.0,0.0,0.0,0.0,0.0,0.0,183.0,OB1_S,hydrographs_LowerDarling,A4260505,Murray River - Lock 9 to Lock 7,NSW,Lower Darling,,0,1
2020,0.0,0.0,0.0,0.0,0.0,0.0,0.0,0.0,0.0,0.0,0.0,2.0,365.0,OB1_S,hydrographs_LowerDarling,A4260505,Murray River - Lock 9 to Lock 7,NSW,Lower Darling,,0,1
2021,0.0,0.0,0.0,0.0,0.0,0.0,0.0,0.0,0.0,0.0,0.0,0.0,365.0,OB1_S,hydrographs_LowerDarling,A4260505,Murray River - Lock 9 to Lock 7,NSW,Lower Darling,,0,1
2022,0.0,0.0,0.0,0.0,0.0,0.0,0.0,0.0,0.0,0.0,0.0,0.0,365.0,OB1_S,hydrographs_LowerDarling,A4260505,Murray River - Lock 9 to Lock 7,NSW,Lower Darling,,0,1
2023,0.0,0.0,0.0,0.0,0.0,0.0,0.0,0.0,0.0,0.0,0.0,0.0,366.0,OB1_S,hydrographs_LowerDarling,A4260505,Murray River - Lock 9 to Lock 7,NSW,Lower Darling,,0,1
2024,0.0,0.0,0.0,0.0,0.0,0.0,0.0,0.0,0.0,0.0,0.0,8.0,281.0,OB1_S,hydrographs_LowerDarling,A4260505,Murray River - Lock 9 to Lock 7,NSW,Lower Darling,,0,1
2019,0.0,0.0,0.0,0.0,0.0,0.0,0.0,0.0,0.0,0.0,0.0,0.0,183.0,BF1_a,hydrographs_LowerDarling,A4260505,Murray River - Lock 9 to Lock 7,NSW,Lower Darling,,0,1
2020,0.0,0.0,0.0,0.0,0.0,0.0,0.0,0.0,0.0,0.0,0.0,2.0,365.0,BF1_a,hydrographs_LowerDarling,A4260505,Murray River - Lock 9 to Lock 7,NSW,Lower Darling,,0,1
2021,0.0,0.0,0.0,0.0,0.0,0.0,0.0,0.0,0.0,0.0,0.0,0.0,365.0,BF1_a,hydrographs_LowerDarling,A4260505,Murray River - Lock 9 to Lock 7,NSW,Lower Darling,,0,1
2022,0.0,0.0,0.0,0.0,0.0,0.0,0.0,0.0,0.0,0.0,0.0,0.0,365.0,BF1_a,hydrographs_LowerDarling,A4260505,Murray River - Lock 9 to Lock 7,NSW,Lower Darling,,0,1
2023,0.0,0.0,0.0,0.0,0.0,0.0,0.0,0.0,0.0,0.0,0.0,0.0,366.0,BF1_a,hydrographs_LowerDarling,A4260505,Murray River - Lock 9 to Lock 7,NSW,Lower Darling,,0,1
2024,0.0,0.0,0.0,0.0,0.0,0.0,0.0,0.0,0.0,0.0,0.0,8.0,281.0,BF1_a,hydrographs_LowerDarling,A4260505,Murray River - Lock 9 to Lock 7,NSW,Lower Darling,,0,1
2019,0.0,0.0,0.0,0.0,0.0,0.0,0.0,0.0,0.0,0.0,0.0,0.0,183.0,LF2,hydrographs_LowerDarling,A4260505,Murray River - Lock 9 to Lock 7,NSW,Lower Darling,,0,1
2020,0.0,0.0,0.0,0.0,0.0,0.0,0.0,0.0,0.0,0.0,0.0,2.0,365.0,LF2,hydrographs_LowerDarling,A4260505,Murray River - Lock 9 to Lock 7,NSW,Lower Darling,,0,1
2021,0.0,0.0,0.0,0.0,0.0,0.0,0.0,0.0,0.0,0.0,0.0,0.0,365.0,LF2,hydrographs_LowerDarling,A4260505,Murray River - Lock 9 to Lock 7,NSW,Lower Darling,,0,1
2022,0.0,0.0,0.0,0.0,0.0,0.0,0.0,0.0,0.0,0.0,0.0,0.0,365.0,LF2,hydrographs_LowerDarling,A4260505,Murray River - Lock 9 to Lock 7,NSW,Lower Darling,,0,1
2023,0.0,0.0,0.0,0.0,0.0,0.0,0.0,0.0,0.0,0.0,0.0,0.0,366.0,LF2,hydrographs_LowerDarling,A4260505,Murray River - Lock 9 to Lock 7,NSW,Lower Darling,,0,1
2024,0.0,0.0,0.0,0.0,0.0,0.0,0.0,0.0,0.0,0.0,0.0,8.0,281.0,LF2,hydrographs_LowerDarling,A4260505,Murray River - Lock 9 to Lock 7,NSW,Lower Darling,,0,1
2019,0.0,0.0,0.0,0.0,0.0,0.0,0.0,0.0,0.0,0.0,0.0,0.0,183.0,OB1_P,hydrographs_LowerDarling,A4260505,Murray River - Lock 9 to Lock 7,NSW,Lower Darling,,0,1
2020,0.0,0.0,0.0,0.0,0.0,0.0,0.0,0.0,0.0,0.0,0.0,2.0,365.0,OB1_P,hydrographs_LowerDarling,A4260505,Murray River - Lock 9 to Lock 7,NSW,Lower Darling,,0,1
2021,0.0,0.0,0.0,0.0,0.0,0.0,0.0,0.0,0.0,0.0,0.0,0.0,365.0,OB1_P,hydrographs_LowerDarling,A4260505,Murray River - Lock 9 to Lock 7,NSW,Lower Darling,,0,1
2022,0.0,0.0,0.0,0.0,0.0,0.0,0.0,0.0,0.0,0.0,0.0,0.0,365.0,OB1_P,hydrographs_LowerDarling,A4260505,Murray River - Lock 9 to Lock 7,NSW,Lower Darling,,0,1
2023,0.0,0.0,0.0,0.0,0.0,0.0,0.0,0.0,0.0,0.0,0.0,0.0,366.0,OB1_P,hydrographs_LowerDarling,A4260505,Murray River - Lock 9 to Lock 7,NSW,Lower Darling,,0,1
2024,0.0,0.0,0.0,0.0,0.0,0.0,0.0,0.0,0.0,0.0,0.0,8.0,281.0,OB1_P,hydrographs_LowerDarling,A4260505,Murray River - Lock 9 to Lock 7,NSW,Lower Darling,,0,1
2019,0.0,0.0,0.0,0.0,0.0,0.0,0.0,0.0,0.0,0.0,0.0,0.0,183.0,SF2,hydrographs_LowerDarling,A4260505,Murray River - Lock 9 to Lock 7,NSW,Lower Darling,,0,1
2020,0.0,0.0,0.0,0.0,0.0,0.0,0.0,0.0,0.0,0.0,0.0,2.0,365.0,SF2,hydrographs_LowerDarling,A4260505,Murray River - Lock 9 to Lock 7,NSW,Lower Darling,,0,1
2021,0.0,0.0,0.0,0.0,0.0,0.0,0.0,0.0,0.0,0.0,0.0,0.0,365.0,SF2,hydrographs_LowerDarling,A4260505,Murray River - Lock 9 to Lock 7,NSW,Lower Darling,,0,1
2022,0.0,0.0,0.0,0.0,0.0,0.0,0.0,0.0,0.0,0.0,0.0,0.0,365.0,SF2,hydrographs_LowerDarling,A4260505,Murray River - Lock 9 to Lock 7,NSW,Lower Darling,,0,1
2023,0.0,0.0,0.0,0.0,0.0,0.0,0.0,0.0,0.0,0.0,0.0,0.0,366.0,SF2,hydrographs_LowerDarling,A4260505,Murray River - Lock 9 to Lock 7,NSW,Lower Darling,,0,1
2024,0.0,0.0,0.0,0.0,0.0,0.0,0.0,0.0,0.0,0.0,0.0,8.0,281.0,SF2,hydrographs_LowerDarling,A4260505,Murray River - Lock 9 to Lock 7,NSW,Lower Darling,,0,1
2019,0.0,0.0,0.0,0.0,0.0,0.0,0.0,0.0,0.0,0.0,0.0,0.0,183.0,OB3,hydrographs_LowerDarling,A4260505,Murray River - Lock 9 to Lock 7,NSW,Lower Darling,,0,1
2020,0.0,0.0,0.0,0.0,0.0,0.0,0.0,0.0,0.0,0.0,0.0,2.0,365.0,OB3,hydrographs_LowerDarling,A4260505,Murray River - Lock 9 to Lock 7,NSW,Lower Darling,,0,1
2021,0.0,0.0,0.0,0.0,0.0,0.0,0.0,0.0,0.0,0.0,0.0,0.0,365.0,OB3,hydrographs_LowerDarling,A4260505,Murray River - Lock 9 to Lock 7,NSW,Lower Darling,,0,1
2022,0.0,0.0,0.0,0.0,0.0,0.0,0.0,0.0,0.0,0.0,0.0,0.0,365.0,OB3,hydrographs_LowerDarling,A4260505,Murray River - Lock 9 to Lock 7,NSW,Lower Darling,,0,1
2023,0.0,0.0,0.0,0.0,0.0,0.0,0.0,0.0,0.0,0.0,0.0,0.0,366.0,OB3,hydrographs_LowerDarling,A4260505,Murray River - Lock 9 to Lock 7,NSW,Lower Darling,,0,1
2024,0.0,0.0,0.0,0.0,0.0,0.0,0.0,0.0,0.0,0.0,0.0,8.0,281.0,OB3,hydrographs_LowerDarling,A4260505,Murray River - Lock 9 to Lock 7,NSW,Lower Darling,,0,1
2019,0.0,0.0,0.0,0.0,0.0,0.0,0.0,0.0,0.0,0.0,0.0,0.0,153.0,SF1,hydrographs_LowerDarling,A4260505,Murray River - Lock 9 to Lock 7,NSW,Lower Darling,,0,1
2020,0.0,0.0,0.0,0.0,0.0,0.0,0.0,0.0,0.0,0.0,0.0,2.0,365.0,SF1,hydrographs_LowerDarling,A4260505,Murray River - Lock 9 to Lock 7,NSW,Lower Darling,,0,1
2021,0.0,0.0,0.0,0.0,0.0,0.0,0.0,0.0,0.0,0.0,0.0,0.0,365.0,SF1,hydrographs_LowerDarling,A4260505,Murray River - Lock 9 to Lock 7,NSW,Lower Darling,,0,1
2022,0.0,0.0,0.0,0.0,0.0,0.0,0.0,0.0,0.0,0.0,0.0,0.0,365.0,SF1,hydrographs_LowerDarling,A4260505,Murray River - Lock 9 to Lock 7,NSW,Lower Darling,,0,1
2023,0.0,0.0,0.0,0.0,0.0,0.0,0.0,0.0,0.0,0.0,0.0,0.0,366.0,SF1,hydrographs_LowerDarling,A4260505,Murray River - Lock 9 to Lock 7,NSW,Lower Darling,,0,1
2024,0.0,0.0,0.0,0.0,0.0,0.0,0.0,0.0,0.0,0.0,0.0,8.0,311.0,SF1,hydrographs_LowerDarling,A4260505,Murray River - Lock 9 to Lock 7,NSW,Lower Darling,,0,1
2019,0.0,0.0,0.0,0.0,0.0,0.0,0.0,0.0,0.0,0.0,0.0,0.0,183.0,OB1,hydrographs_LowerDarling,425013,Darling Anabranch,NSW,Lower Darling,,183,1
2020,0.0,0.0,0.0,0.0,0.0,0.0,0.0,0.0,0.0,0.0,0.0,0.0,365.0,OB1,hydrographs_LowerDarling,425013,Darling Anabranch,NSW,Lower Darling,,548,1
2021,0.0,0.0,0.0,1.0,12.0,0.0,12.0,0.0,12.0,12.0,0.0,0.0,365.0,OB1,hydrographs_LowerDarling,425013,Darling Anabranch,NSW,Lower Darling,,913,1
2022,1.0,1.0,1.0,1.0,239.0,239.0,239.0,239.0,239.0,239.0,1.0,0.0,365.0,OB1,hydrographs_LowerDarling,425013,Darling Anabranch,NSW,Lower Darling,,126,1
2023,0.0,0.0,0.0,0.0,0.0,0.0,0.0,0.0,0.0,0.0,0.0,0.0,366.0,OB1,hydrographs_LowerDarling,425013,Darling Anabranch,NSW,Lower Darling,,492,1
2024,0.0,0.0,0.0,0.0,0.0,0.0,0.0,0.0,0.0,0.0,0.0,0.0,281.0,OB1,hydrographs_LowerDarling,425013,Darling Anabranch,NSW,Lower Darling,,773,1
2019,0.0,0.0,0.0,0.0,0.0,0.0,0.0,0.0,0.0,0.0,0.0,0.0,183.0,OB2,hydrographs_LowerDarling,425013,Darling Anabranch,NSW,Lower Darling,,183,1
2020,0.0,0.0,0.0,0.0,0.0,0.0,0.0,0.0,0.0,0.0,0.0,0.0,365.0,OB2,hydrographs_LowerDarling,425013,Darling Anabranch,NSW,Lower Darling,,548,1
2021,0.0,0.0,0.0,0.0,0.0,0.0,0.0,0.0,0.0,0.0,0.0,0.0,365.0,OB2,hydrographs_LowerDarling,425013,Darling Anabranch,NSW,Lower Darling,,913,1
2022,1.0,1.0,1.0,2.0,52.5,103.0,105.0,103.0,103.0,103.0,1.0,0.0,365.0,OB2,hydrographs_LowerDarling,425013,Darling Anabranch,NSW,Lower Darling,,1043,1
2023,0.0,0.0,0.0,0.0,0.0,0.0,0.0,0.0,0.0,0.0,0.0,0.0,366.0,OB2,hydrographs_LowerDarling,425013,Darling Anabranch,NSW,Lower Darling,,498,1
2024,0.0,0.0,0.0,0.0,0.0,0.0,0.0,0.0,0.0,0.0,0.0,0.0,281.0,OB2,hydrographs_LowerDarling,425013,Darling Anabranch,NSW,Lower Darling,,779,1
2019,0.0,0.0,0.0,0.0,0.0,0.0,0.0,0.0,0.0,0.0,0.0,0.0,183.0,BK1,hydrographs_LowerDarling,425013,Darling Anabranch,NSW,Lower Darling,,183,1
2020,0.0,0.0,0.0,0.0,0.0,0.0,0.0,0.0,0.0,0.0,0.0,0.0,365.0,BK1,hydrographs_LowerDarling,425013,Darling Anabranch,NSW,Lower Darling,,548,1
2021,1.0,2.0,2.0,2.0,53.0,53.0,106.0,106.0,56.0,56.0,1.0,0.0,365.0,BK1,hydrographs_LowerDarling,425013,Darling Anabranch,NSW,Lower Darling,,728,1
2022,1.0,1.0,1.0,1.0,244.0,244.0,244.0,244.0,244.0,244.0,1.0,0.0,365.0,BK1,hydrographs_LowerDarling,425013,Darling Anabranch,NSW,Lower Darling,,121,1
2023,0.0,0.0,0.0,0.0,0.0,0.0,0.0,0.0,0.0,0.0,0.0,0.0,366.0,BK1,hydrographs_LowerDarling,425013,Darling Anabranch,NSW,Lower Darling,,487,1
2024,0.0,0.0,0.0,0.0,0.0,0.0,0.0,0.0,0.0,0.0,0.0,0.0,281.0,BK1,hydrographs_LowerDarling,425013,Darling Anabranch,NSW,Lower Darling,,768,1
2019,0.0,0.0,0.0,0.0,0.0,0.0,0.0,0.0,0.0,0.0,0.0,0.0,183.0,LF1_P,hydrographs_LowerDarling,425013,Darling Anabranch,NSW,Lower Darling,,183,1
2020,0.0,0.0,0.0,0.0,0.0,0.0,0.0,0.0,0.0,0.0,0.0,0.0,365.0,LF1_P,hydrographs_LowerDarling,425013,Darling Anabranch,NSW,Lower Darling,,548,1
2021,1.0,2.0,2.0,5.0,36.2,84.5,181.0,169.0,100.0,100.0,1.0,0.0,365.0,LF1_P,hydrographs_LowerDarling,425013,Darling Anabranch,NSW,Lower Darling,,703,1
2022,1.0,1.0,1.0,1.0,247.0,247.0,247.0,247.0,247.0,247.0,1.0,0.0,365.0,LF1_P,hydrographs_LowerDarling,425013,Darling Anabranch,NSW,Lower Darling,,87,1
2023,0.0,0.0,0.0,0.0,0.0,0.0,0.0,0.0,0.0,0.0,0.0,0.0,366.0,LF1_P,hydrographs_LowerDarling,425013,Darling Anabranch,NSW,Lower Darling,,453,1
2024,0.0,0.0,0.0,1.0,1.0,0.0,1.0,0.0,1.0,1.0,0.0,0.0,281.0,LF1_P,hydrographs_LowerDarling,425013,Darling Anabranch,NSW,Lower Darling,,734,1
2019,0.0,0.0,0.0,0.0,0.0,0.0,0.0,0.0,0.0,0.0,0.0,0.0,183.0,LF2,hydrographs_LowerDarling,425013,Darling Anabranch,NSW,Lower Darling,,183,1
2020,0.0,0.0,0.0,0.0,0.0,0.0,0.0,0.0,0.0,0.0,0.0,0.0,365.0,LF2,hydrographs_LowerDarling,425013,Darling Anabranch,NSW,Lower Darling,,548,1
2021,1.0,2.0,2.0,5.0,42.2,99.5,211.0,199.0,100.0,100.0,1.0,0.0,365.0,LF2,hydrographs_LowerDarling,425013,Darling Anabranch,NSW,Lower Darling,,703,1
2022,1.0,1.0,1.0,2.0,140.0,278.0,280.0,278.0,278.0,278.0,1.0,0.0,365.0,LF2,hydrographs_LowerDarling,425013,Darling Anabranch,NSW,Lower Darling,,87,1
2023,0.0,0.0,0.0,0.0,0.0,0.0,0.0,0.0,0.0,0.0,0.0,0.0,366.0,LF2,hydrographs_LowerDarling,425013,Darling Anabranch,NSW,Lower Darling,,453,1
2024,0.0,0.0,0.0,1.0,1.0,0.0,1.0,0.0,1.0,1.0,0.0,0.0,281.0,LF2,hydrographs_LowerDarling,425013,Darling Anabranch,NSW,Lower Darling,,734,1
2019,0.0,0.0,0.0,0.0,0.0,0.0,0.0,0.0,0.0,0.0,0.0,0.0,183.0,OB3,hydrographs_LowerDarling,425013,Darling Anabranch,NSW,Lower Darling,,183,1
2020,0.0,0.0,0.0,0.0,0.0,0.0,0.0,0.0,0.0,0.0,0.0,0.0,365.0,OB3,hydrographs_LowerDarling,425013,Darling Anabranch,NSW,Lower Darling,,548,1
2021,0.0,0.0,0.0,0.0,0.0,0.0,0.0,0.0,0.0,0.0,0.0,0.0,365.0,OB3,hydrographs_LowerDarling,425013,Darling Anabranch,NSW,Lower Darling,,913,1
2022,1.0,1.0,1.0,1.0,34.0,34.0,34.0,34.0,34.0,34.0,1.0,0.0,365.0,OB3,hydrographs_LowerDarling,425013,Darling Anabranch,NSW,Lower Darling,,1105,1
2023,0.0,0.0,0.0,0.0,0.0,0.0,0.0,0.0,0.0,0.0,0.0,0.0,366.0,OB3,hydrographs_LowerDarling,425013,Darling Anabranch,NSW,Lower Darling,,505,1
2024,0.0,0.0,0.0,0.0,0.0,0.0,0.0,0.0,0.0,0.0,0.0,0.0,281.0,OB3,hydrographs_LowerDarling,425013,Darling Anabranch,NSW,Lower Darling,,786,1
2019,0.0,0.0,0.0,0.0,0.0,0.0,0.0,0.0,0.0,0.0,0.0,0.0,183.0,SF1_S,hydrographs_LowerDarling,425013,Darling Anabranch,NSW,Lower Darling,,183,1
2020,0.0,0.0,0.0,0.0,0.0,0.0,0.0,0.0,0.0,0.0,0.0,0.0,365.0,SF1_S,hydrographs_LowerDarling,425013,Darling Anabranch,NSW,Lower Darling,,548,1
2021,1.0,1.0,1.0,1.0,262.0,262.0,262.0,262.0,262.0,262.0,1.0,0.0,365.0,SF1_S,hydrographs_LowerDarling,425013,Darling Anabranch,NSW,Lower Darling,,651,1
2022,1.0,1.0,1.0,2.0,180.5,359.0,361.0,359.0,359.0,359.0,1.0,0.0,365.0,SF1_S,hydrographs_LowerDarling,425013,Darling Anabranch,NSW,Lower Darling,,6,1
2023,1.0,1.0,1.0,1.0,279.0,279.0,279.0,279.0,279.0,279.0,1.0,0.0,366.0,SF1_S,hydrographs_LowerDarling,425013,Darling Anabranch,NSW,Lower Darling,,93,1
2024,1.0,2.0,2.0,2.0,71.5,71.5,143.0,143.0,121.0,121.0,1.0,0.0,281.0,SF1_S,hydrographs_LowerDarling,425013,Darling Anabranch,NSW,Lower Darling,,98,1
2019,1.0,1.0,1.0,1.0,183.0,183.0,183.0,183.0,183.0,183.0,1.0,0.0,183.0,ALT-CTF,hydrographs_LowerDarling,425013,Darling Anabranch,NSW,Lower Darling,,0,1
2020,1.0,1.0,1.0,1.0,365.0,365.0,365.0,365.0,365.0,365.0,1.0,0.0,365.0,ALT-CTF,hydrographs_LowerDarling,425013,Darling Anabranch,NSW,Lower Darling,,0,1
2021,1.0,1.0,1.0,1.0,103.0,103.0,103.0,103.0,103.0,103.0,1.0,0.0,365.0,ALT-CTF,hydrographs_LowerDarling,425013,Darling Anabranch,NSW,Lower Darling,,262,1
2022,0.0,0.0,0.0,0.0,0.0,0.0,0.0,0.0,0.0,0.0,0.0,0.0,365.0,ALT-CTF,hydrographs_LowerDarling,425013,Darling Anabranch,NSW,Lower Darling,,627,0
2023,0.0,0.0,0.0,0.0,0.0,0.0,0.0,0.0,0.0,0.0,0.0,0.0,366.0,ALT-CTF,hydrographs_LowerDarling,425013,Darling Anabranch,NSW,Lower Darling,,993,0
2024,1.0,1.0,1.0,2.0,66.5,93.0,133.0,93.0,93.0,93.0,1.0,0.0,281.0,ALT-CTF,hydrographs_LowerDarling,425013,Darling Anabranch,NSW,Lower Darling,,1019,0
2019,0.0,0.0,0.0,0.0,0.0,0.0,0.0,0.0,0.0,0.0,0.0,0.0,183.0,LF1_S,hydrographs_LowerDarling,425013,Darling Anabranch,NSW,Lower Darling,,183,1
2020,0.0,0.0,0.0,0.0,0.0,0.0,0.0,0.0,0.0,0.0,0.0,0.0,365.0,LF1_S,hydrographs_LowerDarling,425013,Darling Anabranch,NSW,Lower Darling,,548,1
2021,1.0,2.0,2.0,5.0,42.2,99.5,211.0,199.0,100.0,100.0,1.0,0.0,365.0,LF1_S,hydrographs_LowerDarling,425013,Darling Anabranch,NSW,Lower Darling,,703,1
2022,1.0,1.0,1.0,2.0,140.0,278.0,280.0,278.0,278.0,278.0,1.0,0.0,365.0,LF1_S,hydrographs_LowerDarling,425013,Darling Anabranch,NSW,Lower Darling,,87,1
2023,0.0,0.0,0.0,0.0,0.0,0.0,0.0,0.0,0.0,0.0,0.0,0.0,366.0,LF1_S,hydrographs_LowerDarling,425013,Darling Anabranch,NSW,Lower Darling,,453,1
2024,0.0,0.0,0.0,1.0,1.0,0.0,1.0,0.0,1.0,1.0,0.0,0.0,281.0,LF1_S,hydrographs_LowerDarling,425013,Darling Anabranch,NSW,Lower Darling,,734,1
2019,0.0,0.0,0.0,0.0,0.0,0.0,0.0,0.0,0.0,0.0,0.0,0.0,183.0,SF1_P,hydrographs_LowerDarling,425013,Darling Anabranch,NSW,Lower Darling,,183,1
2020,0.0,0.0,0.0,0.0,0.0,0.0,0.0,0.0,0.0,0.0,0.0,0.0,365.0,SF1_P,hydrographs_LowerDarling,425013,Darling Anabranch,NSW,Lower Darling,,548,1
2021,1.0,1.0,1.0,1.0,232.0,232.0,232.0,232.0,232.0,232.0,1.0,0.0,365.0,SF1_P,hydrographs_LowerDarling,425013,Darling Anabranch,NSW,Lower Darling,,651,1
2022,1.0,1.0,1.0,1.0,304.0,304.0,304.0,304.0,304.0,304.0,1.0,0.0,365.0,SF1_P,hydrographs_LowerDarling,425013,Darling Anabranch,NSW,Lower Darling,,61,1
2023,1.0,1.0,1.0,1.0,249.0,249.0,249.0,249.0,249.0,249.0,1.0,0.0,366.0,SF1_P,hydrographs_LowerDarling,425013,Darling Anabranch,NSW,Lower Darling,,117,1
2024,1.0,1.0,1.0,1.0,121.0,121.0,121.0,121.0,121.0,121.0,1.0,0.0,281.0,SF1_P,hydrographs_LowerDarling,425013,Darling Anabranch,NSW,Lower Darling,,150,1
2019,0.0,0.0,0.0,0.0,0.0,0.0,0.0,0.0,0.0,183.0,0.0,0.0,183.0,CF_b,hydrographs_LowerDarling,425013,Darling Anabranch,NSW,Lower Darling,,0,1
2020,0.0,0.0,0.0,0.0,0.0,0.0,0.0,0.0,0.0,548.0,1.0,0.0,365.0,CF_b,hydrographs_LowerDarling,425013,Darling Anabranch,NSW,Lower Darling,,0,1
2021,1.0,1.0,1.0,1.0,651.0,651.0,651.0,651.0,651.0,651.0,1.0,0.0,365.0,CF_b,hydrographs_LowerDarling,425013,Darling Anabranch,NSW,Lower Darling,,262,1
2022,0.0,0.0,0.0,0.0,0.0,0.0,0.0,0.0,0.0,0.0,0.0,0.0,365.0,CF_b,hydrographs_LowerDarling,425013,Darling Anabranch,NSW,Lower Darling,,627,0
2023,0.0,0.0,0.0,0.0,0.0,0.0,0.0,0.0,0.0,0.0,0.0,0.0,366.0,CF_b,hydrographs_LowerDarling,425013,Darling Anabranch,NSW,Lower Darling,,993,0
2024,0.0,0.0,0.0,2.0,66.5,0.0,133.0,0.0,93.0,93.0,0.0,0.0,281.0,CF_b,hydrographs_LowerDarling,425013,Darling Anabranch,NSW,Lower Darling,,1274,0
2019,0.0,0.0,0.0,0.0,0.0,0.0,0.0,0.0,0.0,0.0,0.0,0.0,183.0,BF1_b,hydrographs_LowerDarling,A4260509,Murray River - Lock 7 to SA border,NSW,Lower Darling,,0,1
2020,0.0,0.0,0.0,0.0,0.0,0.0,0.0,0.0,0.0,0.0,0.0,2.0,365.0,BF1_b,hydrographs_LowerDarling,A4260509,Murray River - Lock 7 to SA border,NSW,Lower Darling,,0,1
2021,0.0,0.0,0.0,0.0,0.0,0.0,0.0,0.0,0.0,0.0,0.0,0.0,365.0,BF1_b,hydrographs_LowerDarling,A4260509,Murray River - Lock 7 to SA border,NSW,Lower Darling,,0,1
2022,0.0,0.0,0.0,0.0,0.0,0.0,0.0,0.0,0.0,0.0,0.0,0.0,365.0,BF1_b,hydrographs_LowerDarling,A4260509,Murray River - Lock 7 to SA border,NSW,Lower Darling,,0,1
2023,0.0,0.0,0.0,0.0,0.0,0.0,0.0,0.0,0.0,0.0,0.0,0.0,366.0,BF1_b,hydrographs_LowerDarling,A4260509,Murray River - Lock 7 to SA border,NSW,Lower Darling,,0,1
2024,0.0,0.0,0.0,0.0,0.0,0.0,0.0,0.0,0.0,0.0,0.0,8.0,281.0,BF1_b,hydrographs_LowerDarling,A4260509,Murray River - Lock 7 to SA border,NSW,Lower Darling,,0,1
2019,0.0,0.0,0.0,0.0,0.0,0.0,0.0,0.0,0.0,0.0,0.0,0.0,183.0,BK1_P,hydrographs_LowerDarling,A4260509,Murray River - Lock 7 to SA border,NSW,Lower Darling,,0,1
2020,0.0,0.0,0.0,0.0,0.0,0.0,0.0,0.0,0.0,0.0,0.0,2.0,365.0,BK1_P,hydrographs_LowerDarling,A4260509,Murray River - Lock 7 to SA border,NSW,Lower Darling,,0,1
2021,0.0,0.0,0.0,0.0,0.0,0.0,0.0,0.0,0.0,0.0,0.0,0.0,365.0,BK1_P,hydrographs_LowerDarling,A4260509,Murray River - Lock 7 to SA border,NSW,Lower Darling,,0,1
2022,0.0,0.0,0.0,0.0,0.0,0.0,0.0,0.0,0.0,0.0,0.0,0.0,365.0,BK1_P,hydrographs_LowerDarling,A4260509,Murray River - Lock 7 to SA border,NSW,Lower Darling,,0,1
2023,0.0,0.0,0.0,0.0,0.0,0.0,0.0,0.0,0.0,0.0,0.0,0.0,366.0,BK1_P,hydrographs_LowerDarling,A4260509,Murray River - Lock 7 to SA border,NSW,Lower Darling,,0,1
2024,0.0,0.0,0.0,0.0,0.0,0.0,0.0,0.0,0.0,0.0,0.0,8.0,281.0,BK1_P,hydrographs_LowerDarling,A4260509,Murray River - Lock 7 to SA border,NSW,Lower Darling,,0,1
2019,0.0,0.0,0.0,0.0,0.0,0.0,0.0,0.0,0.0,0.0,0.0,0.0,183.0,OB4,hydrographs_LowerDarling,A4260509,Murray River - Lock 7 to SA border,NSW,Lower Darling,,0,1
2020,0.0,0.0,0.0,0.0,0.0,0.0,0.0,0.0,0.0,0.0,0.0,2.0,365.0,OB4,hydrographs_LowerDarling,A4260509,Murray River - Lock 7 to SA border,NSW,Lower Darling,,0,1
2021,0.0,0.0,0.0,0.0,0.0,0.0,0.0,0.0,0.0,0.0,0.0,0.0,365.0,OB4,hydrographs_LowerDarling,A4260509,Murray River - Lock 7 to SA border,NSW,Lower Darling,,0,1
2022,0.0,0.0,0.0,0.0,0.0,0.0,0.0,0.0,0.0,0.0,0.0,0.0,365.0,OB4,hydrographs_LowerDarling,A4260509,Murray River - Lock 7 to SA border,NSW,Lower Darling,,0,1
2023,0.0,0.0,0.0,0.0,0.0,0.0,0.0,0.0,0.0,0.0,0.0,0.0,366.0,OB4,hydrographs_LowerDarling,A4260509,Murray River - Lock 7 to SA border,NSW,Lower Darling,,0,1
2024,0.0,0.0,0.0,0.0,0.0,0.0,0.0,0.0,0.0,0.0,0.0,8.0,281.0,OB4,hydrographs_LowerDarling,A4260509,Murray River - Lock 7 to SA border,NSW,Lower Darling,,0,1
2019,0.0,0.0,0.0,0.0,0.0,0.0,0.0,0.0,0.0,0.0,0.0,0.0,183.0,OB2,hydrographs_LowerDarling,A4260509,Murray River - Lock 7 to SA border,NSW,Lower Darling,,0,1
2020,0.0,0.0,0.0,0.0,0.0,0.0,0.0,0.0,0.0,0.0,0.0,2.0,365.0,OB2,hydrographs_LowerDarling,A4260509,Murray River - Lock 7 to SA border,NSW,Lower Darling,,0,1
2021,0.0,0.0,0.0,0.0,0.0,0.0,0.0,0.0,0.0,0.0,0.0,0.0,365.0,OB2,hydrographs_LowerDarling,A4260509,Murray River - Lock 7 to SA border,NSW,Lower Darling,,0,1
2022,0.0,0.0,0.0,0.0,0.0,0.0,0.0,0.0,0.0,0.0,0.0,0.0,365.0,OB2,hydrographs_LowerDarling,A4260509,Murray River - Lock 7 to SA border,NSW,Lower Darling,,0,1
2023,0.0,0.0,0.0,0.0,0.0,0.0,0.0,0.0,0.0,0.0,0.0,0.0,366.0,OB2,hydrographs_LowerDarling,A4260509,Murray River - Lock 7 to SA border,NSW,Lower Darling,,0,1
2024,0.0,0.0,0.0,0.0,0.0,0.0,0.0,0.0,0.0,0.0,0.0,8.0,281.0,OB2,hydrographs_LowerDarling,A4260509,Murray River - Lock 7 to SA border,NSW,Lower Darling,,0,1
2019,0.0,0.0,0.0,0.0,0.0,0.0,0.0,0.0,0.0,0.0,0.0,0.0,183.0,VF,hydrographs_LowerDarling,A4260509,Murray River - Lock 7 to SA border,NSW,Lower Darling,,0,1
2020,0.0,0.0,0.0,0.0,0.0,0.0,0.0,0.0,0.0,0.0,0.0,2.0,365.0,VF,hydrographs_LowerDarling,A4260509,Murray River - Lock 7 to SA border,NSW,Lower Darling,,0,1
2021,0.0,0.0,0.0,0.0,0.0,0.0,0.0,0.0,0.0,0.0,0.0,0.0,365.0,VF,hydrographs_LowerDarling,A4260509,Murray River - Lock 7 to SA border,NSW,Lower Darling,,0,1
2022,0.0,0.0,0.0,0.0,0.0,0.0,0.0,0.0,0.0,0.0,0.0,0.0,365.0,VF,hydrographs_LowerDarling,A4260509,Murray River - Lock 7 to SA border,NSW,Lower Darling,,0,1
2023,0.0,0.0,0.0,0.0,0.0,0.0,0.0,0.0,0.0,0.0,0.0,0.0,366.0,VF,hydrographs_LowerDarling,A4260509,Murray River - Lock 7 to SA border,NSW,Lower Darling,,0,1
2024,0.0,0.0,0.0,0.0,0.0,0.0,0.0,0.0,0.0,0.0,0.0,8.0,281.0,VF,hydrographs_LowerDarling,A4260509,Murray River - Lock 7 to SA border,NSW,Lower Darling,,0,1
2019,0.0,0.0,0.0,0.0,0.0,0.0,0.0,0.0,0.0,0.0,0.0,0.0,183.0,LF1,hydrographs_LowerDarling,A4260509,Murray River - Lock 7 to SA border,NSW,Lower Darling,,0,1
2020,0.0,0.0,0.0,0.0,0.0,0.0,0.0,0.0,0.0,0.0,0.0,2.0,365.0,LF1,hydrographs_LowerDarling,A4260509,Murray River - Lock 7 to SA border,NSW,Lower Darling,,0,1
2021,0.0,0.0,0.0,0.0,0.0,0.0,0.0,0.0,0.0,0.0,0.0,0.0,365.0,LF1,hydrographs_LowerDarling,A4260509,Murray River - Lock 7 to SA border,NSW,Lower Darling,,0,1
2022,0.0,0.0,0.0,0.0,0.0,0.0,0.0,0.0,0.0,0.0,0.0,0.0,365.0,LF1,hydrographs_LowerDarling,A4260509,Murray River - Lock 7 to SA border,NSW,Lower Darling,,0,1
2023,0.0,0.0,0.0,0.0,0.0,0.0,0.0,0.0,0.0,0.0,0.0,0.0,366.0,LF1,hydrographs_LowerDarling,A4260509,Murray River - Lock 7 to SA border,NSW,Lower Darling,,0,1
2024,0.0,0.0,0.0,0.0,0.0,0.0,0.0,0.0,0.0,0.0,0.0,8.0,281.0,LF1,hydrographs_LowerDarling,A4260509,Murray River - Lock 7 to SA border,NSW,Lower Darling,,0,1
2019,0.0,0.0,0.0,0.0,0.0,0.0,0.0,0.0,0.0,0.0,0.0,0.0,183.0,BK1_S,hydrographs_LowerDarling,A4260509,Murray River - Lock 7 to SA border,NSW,Lower Darling,,0,1
2020,0.0,0.0,0.0,0.0,0.0,0.0,0.0,0.0,0.0,0.0,0.0,2.0,365.0,BK1_S,hydrographs_LowerDarling,A4260509,Murray River - Lock 7 to SA border,NSW,Lower Darling,,0,1
2021,0.0,0.0,0.0,0.0,0.0,0.0,0.0,0.0,0.0,0.0,0.0,0.0,365.0,BK1_S,hydrographs_LowerDarling,A4260509,Murray River - Lock 7 to SA border,NSW,Lower Darling,,0,1
2022,0.0,0.0,0.0,0.0,0.0,0.0,0.0,0.0,0.0,0.0,0.0,0.0,365.0,BK1_S,hydrographs_LowerDarling,A4260509,Murray River - Lock 7 to SA border,NSW,Lower Darling,,0,1
2023,0.0,0.0,0.0,0.0,0.0,0.0,0.0,0.0,0.0,0.0,0.0,0.0,366.0,BK1_S,hydrographs_LowerDarling,A4260509,Murray River - Lock 7 to SA border,NSW,Lower Darling,,0,1
2024,0.0,0.0,0.0,0.0,0.0,0.0,0.0,0.0,0.0,0.0,0.0,8.0,281.0,BK1_S,hydrographs_LowerDarling,A4260509,Murray River - Lock 7 to SA border,NSW,Lower Darling,,0,1
2019,0.0,0.0,0.0,0.0,0.0,0.0,0.0,0.0,0.0,0.0,0.0,0.0,183.0,OB1_S,hydrographs_LowerDarling,A4260509,Murray River - Lock 7 to SA border,NSW,Lower Darling,,0,1
2020,0.0,0.0,0.0,0.0,0.0,0.0,0.0,0.0,0.0,0.0,0.0,2.0,365.0,OB1_S,hydrographs_LowerDarling,A4260509,Murray River - Lock 7 to SA border,NSW,Lower Darling,,0,1
2021,0.0,0.0,0.0,0.0,0.0,0.0,0.0,0.0,0.0,0.0,0.0,0.0,365.0,OB1_S,hydrographs_LowerDarling,A4260509,Murray River - Lock 7 to SA border,NSW,Lower Darling,,0,1
2022,0.0,0.0,0.0,0.0,0.0,0.0,0.0,0.0,0.0,0.0,0.0,0.0,365.0,OB1_S,hydrographs_LowerDarling,A4260509,Murray River - Lock 7 to SA border,NSW,Lower Darling,,0,1
2023,0.0,0.0,0.0,0.0,0.0,0.0,0.0,0.0,0.0,0.0,0.0,0.0,366.0,OB1_S,hydrographs_LowerDarling,A4260509,Murray River - Lock 7 to SA border,NSW,Lower Darling,,0,1
2024,0.0,0.0,0.0,0.0,0.0,0.0,0.0,0.0,0.0,0.0,0.0,8.0,281.0,OB1_S,hydrographs_LowerDarling,A4260509,Murray River - Lock 7 to SA border,NSW,Lower Darling,,0,1
2019,0.0,0.0,0.0,0.0,0.0,0.0,0.0,0.0,0.0,0.0,0.0,0.0,183.0,BF1_a,hydrographs_LowerDarling,A4260509,Murray River - Lock 7 to SA border,NSW,Lower Darling,,0,1
2020,0.0,0.0,0.0,0.0,0.0,0.0,0.0,0.0,0.0,0.0,0.0,2.0,365.0,BF1_a,hydrographs_LowerDarling,A4260509,Murray River - Lock 7 to SA border,NSW,Lower Darling,,0,1
2021,0.0,0.0,0.0,0.0,0.0,0.0,0.0,0.0,0.0,0.0,0.0,0.0,365.0,BF1_a,hydrographs_LowerDarling,A4260509,Murray River - Lock 7 to SA border,NSW,Lower Darling,,0,1
2022,0.0,0.0,0.0,0.0,0.0,0.0,0.0,0.0,0.0,0.0,0.0,0.0,365.0,BF1_a,hydrographs_LowerDarling,A4260509,Murray River - Lock 7 to SA border,NSW,Lower Darling,,0,1
2023,0.0,0.0,0.0,0.0,0.0,0.0,0.0,0.0,0.0,0.0,0.0,0.0,366.0,BF1_a,hydrographs_LowerDarling,A4260509,Murray River - Lock 7 to SA border,NSW,Lower Darling,,0,1
2024,0.0,0.0,0.0,0.0,0.0,0.0,0.0,0.0,0.0,0.0,0.0,8.0,281.0,BF1_a,hydrographs_LowerDarling,A4260509,Murray River - Lock 7 to SA border,NSW,Lower Darling,,0,1
2019,0.0,0.0,0.0,0.0,0.0,0.0,0.0,0.0,0.0,0.0,0.0,0.0,183.0,LF2,hydrographs_LowerDarling,A4260509,Murray River - Lock 7 to SA border,NSW,Lower Darling,,0,1
2020,0.0,0.0,0.0,0.0,0.0,0.0,0.0,0.0,0.0,0.0,0.0,2.0,365.0,LF2,hydrographs_LowerDarling,A4260509,Murray River - Lock 7 to SA border,NSW,Lower Darling,,0,1
2021,0.0,0.0,0.0,0.0,0.0,0.0,0.0,0.0,0.0,0.0,0.0,0.0,365.0,LF2,hydrographs_LowerDarling,A4260509,Murray River - Lock 7 to SA border,NSW,Lower Darling,,0,1
2022,0.0,0.0,0.0,0.0,0.0,0.0,0.0,0.0,0.0,0.0,0.0,0.0,365.0,LF2,hydrographs_LowerDarling,A4260509,Murray River - Lock 7 to SA border,NSW,Lower Darling,,0,1
2023,0.0,0.0,0.0,0.0,0.0,0.0,0.0,0.0,0.0,0.0,0.0,0.0,366.0,LF2,hydrographs_LowerDarling,A4260509,Murray River - Lock 7 to SA border,NSW,Lower Darling,,0,1
2024,0.0,0.0,0.0,0.0,0.0,0.0,0.0,0.0,0.0,0.0,0.0,8.0,281.0,LF2,hydrographs_LowerDarling,A4260509,Murray River - Lock 7 to SA border,NSW,Lower Darling,,0,1
2019,0.0,0.0,0.0,0.0,0.0,0.0,0.0,0.0,0.0,0.0,0.0,0.0,183.0,OB1_P,hydrographs_LowerDarling,A4260509,Murray River - Lock 7 to SA border,NSW,Lower Darling,,0,1
2020,0.0,0.0,0.0,0.0,0.0,0.0,0.0,0.0,0.0,0.0,0.0,2.0,365.0,OB1_P,hydrographs_LowerDarling,A4260509,Murray River - Lock 7 to SA border,NSW,Lower Darling,,0,1
2021,0.0,0.0,0.0,0.0,0.0,0.0,0.0,0.0,0.0,0.0,0.0,0.0,365.0,OB1_P,hydrographs_LowerDarling,A4260509,Murray River - Lock 7 to SA border,NSW,Lower Darling,,0,1
2022,0.0,0.0,0.0,0.0,0.0,0.0,0.0,0.0,0.0,0.0,0.0,0.0,365.0,OB1_P,hydrographs_LowerDarling,A4260509,Murray River - Lock 7 to SA border,NSW,Lower Darling,,0,1
2023,0.0,0.0,0.0,0.0,0.0,0.0,0.0,0.0,0.0,0.0,0.0,0.0,366.0,OB1_P,hydrographs_LowerDarling,A4260509,Murray River - Lock 7 to SA border,NSW,Lower Darling,,0,1
2024,0.0,0.0,0.0,0.0,0.0,0.0,0.0,0.0,0.0,0.0,0.0,8.0,281.0,OB1_P,hydrographs_LowerDarling,A4260509,Murray River - Lock 7 to SA border,NSW,Lower Darling,,0,1
2019,0.0,0.0,0.0,0.0,0.0,0.0,0.0,0.0,0.0,0.0,0.0,0.0,183.0,SF2,hydrographs_LowerDarling,A4260509,Murray River - Lock 7 to SA border,NSW,Lower Darling,,0,1
2020,0.0,0.0,0.0,0.0,0.0,0.0,0.0,0.0,0.0,0.0,0.0,2.0,365.0,SF2,hydrographs_LowerDarling,A4260509,Murray River - Lock 7 to SA border,NSW,Lower Darling,,0,1
2021,0.0,0.0,0.0,0.0,0.0,0.0,0.0,0.0,0.0,0.0,0.0,0.0,365.0,SF2,hydrographs_LowerDarling,A4260509,Murray River - Lock 7 to SA border,NSW,Lower Darling,,0,1
2022,0.0,0.0,0.0,0.0,0.0,0.0,0.0,0.0,0.0,0.0,0.0,0.0,365.0,SF2,hydrographs_LowerDarling,A4260509,Murray River - Lock 7 to SA border,NSW,Lower Darling,,0,1
2023,0.0,0.0,0.0,0.0,0.0,0.0,0.0,0.0,0.0,0.0,0.0,0.0,366.0,SF2,hydrographs_LowerDarling,A4260509,Murray River - Lock 7 to SA border,NSW,Lower Darling,,0,1
2024,0.0,0.0,0.0,0.0,0.0,0.0,0.0,0.0,0.0,0.0,0.0,8.0,281.0,SF2,hydrographs_LowerDarling,A4260509,Murray River - Lock 7 to SA border,NSW,Lower Darling,,0,1
2019,0.0,0.0,0.0,0.0,0.0,0.0,0.0,0.0,0.0,0.0,0.0,0.0,183.0,OB3,hydrographs_LowerDarling,A4260509,Murray River - Lock 7 to SA border,NSW,Lower Darling,,0,1
2020,0.0,0.0,0.0,0.0,0.0,0.0,0.0,0.0,0.0,0.0,0.0,2.0,365.0,OB3,hydrographs_LowerDarling,A4260509,Murray River - Lock 7 to SA border,NSW,Lower Darling,,0,1
2021,0.0,0.0,0.0,0.0,0.0,0.0,0.0,0.0,0.0,0.0,0.0,0.0,365.0,OB3,hydrographs_LowerDarling,A4260509,Murray River - Lock 7 to SA border,NSW,Lower Darling,,0,1
2022,0.0,0.0,0.0,0.0,0.0,0.0,0.0,0.0,0.0,0.0,0.0,0.0,365.0,OB3,hydrographs_LowerDarling,A4260509,Murray River - Lock 7 to SA border,NSW,Lower Darling,,0,1
2023,0.0,0.0,0.0,0.0,0.0,0.0,0.0,0.0,0.0,0.0,0.0,0.0,366.0,OB3,hydrographs_LowerDarling,A4260509,Murray River - Lock 7 to SA border,NSW,Lower Darling,,0,1
2024,0.0,0.0,0.0,0.0,0.0,0.0,0.0,0.0,0.0,0.0,0.0,8.0,281.0,OB3,hydrographs_LowerDarling,A4260509,Murray River - Lock 7 to SA border,NSW,Lower Darling,,0,1
2019,0.0,0.0,0.0,0.0,0.0,0.0,0.0,0.0,0.0,0.0,0.0,0.0,153.0,SF1,hydrographs_LowerDarling,A4260509,Murray River - Lock 7 to SA border,NSW,Lower Darling,,0,1
2020,0.0,0.0,0.0,0.0,0.0,0.0,0.0,0.0,0.0,0.0,0.0,2.0,365.0,SF1,hydrographs_LowerDarling,A4260509,Murray River - Lock 7 to SA border,NSW,Lower Darling,,0,1
2021,0.0,0.0,0.0,0.0,0.0,0.0,0.0,0.0,0.0,0.0,0.0,0.0,365.0,SF1,hydrographs_LowerDarling,A4260509,Murray River - Lock 7 to SA border,NSW,Lower Darling,,0,1
2022,0.0,0.0,0.0,0.0,0.0,0.0,0.0,0.0,0.0,0.0,0.0,0.0,365.0,SF1,hydrographs_LowerDarling,A4260509,Murray River - Lock 7 to SA border,NSW,Lower Darling,,0,1
2023,0.0,0.0,0.0,0.0,0.0,0.0,0.0,0.0,0.0,0.0,0.0,0.0,366.0,SF1,hydrographs_LowerDarling,A4260509,Murray River - Lock 7 to SA border,NSW,Lower Darling,,0,1
2024,0.0,0.0,0.0,0.0,0.0,0.0,0.0,0.0,0.0,0.0,0.0,8.0,311.0,SF1,hydrographs_LowerDarling,A4260509,Murray River - Lock 7 to SA border,NSW,Lower Darling,,0,1
2019,0.0,0.0,0.0,0.0,0.0,0.0,0.0,0.0,0.0,0.0,0.0,0.0,183.0,LF2,hydrographs_LowerDarling,425019,Redbank and Tandou creeks,NSW,Lower Darling,,183,1
2020,0.0,0.0,0.0,0.0,0.0,0.0,0.0,0.0,0.0,0.0,0.0,0.0,365.0,LF2,hydrographs_LowerDarling,425019,Redbank and Tandou creeks,NSW,Lower Darling,,548,1
2021,1.0,2.0,2.0,2.0,95.5,95.5,191.0,191.0,98.0,98.0,1.0,0.0,365.0,LF2,hydrographs_LowerDarling,425019,Redbank and Tandou creeks,NSW,Lower Darling,,700,1
2022,1.0,1.0,1.0,2.0,114.0,190.0,228.0,190.0,190.0,190.0,1.0,0.0,365.0,LF2,hydrographs_LowerDarling,425019,Redbank and Tandou creeks,NSW,Lower Darling,,175,1
2023,0.0,0.0,0.0,0.0,0.0,0.0,0.0,0.0,0.0,0.0,0.0,0.0,366.0,LF2,hydrographs_LowerDarling,425019,Redbank and Tandou creeks,NSW,Lower Darling,,541,1
2024,0.0,0.0,0.0,0.0,0.0,0.0,0.0,0.0,0.0,0.0,0.0,0.0,281.0,LF2,hydrographs_LowerDarling,425019,Redbank and Tandou creeks,NSW,Lower Darling,,822,1
2019,1.0,1.0,1.0,1.0,183.0,183.0,183.0,183.0,183.0,183.0,1.0,0.0,183.0,ALT-CTF,hydrographs_LowerDarling,425019,Redbank and Tandou creeks,NSW,Lower Darling,,0,1
2020,1.0,1.0,1.0,1.0,365.0,365.0,365.0,365.0,365.0,365.0,1.0,0.0,365.0,ALT-CTF,hydrographs_LowerDarling,425019,Redbank and Tandou creeks,NSW,Lower Darling,,0,1
2021,0.0,0.0,0.0,1.0,92.0,0.0,92.0,0.0,92.0,92.0,0.0,0.0,365.0,ALT-CTF,hydrographs_LowerDarling,425019,Redbank and Tandou creeks,NSW,Lower Darling,,365,1
2022,0.0,0.0,0.0,1.0,28.0,0.0,28.0,0.0,28.0,28.0,0.0,0.0,365.0,ALT-CTF,hydrographs_LowerDarling,425019,Redbank and Tandou creeks,NSW,Lower Darling,,730,0
2023,0.0,0.0,0.0,0.0,0.0,0.0,0.0,0.0,0.0,0.0,0.0,0.0,366.0,ALT-CTF,hydrographs_LowerDarling,425019,Redbank and Tandou creeks,NSW,Lower Darling,,1096,0
2024,0.0,0.0,0.0,2.0,72.0,0.0,144.0,0.0,91.0,91.0,0.0,0.0,281.0,ALT-CTF,hydrographs_LowerDarling,425019,Redbank and Tandou creeks,NSW,Lower Darling,,1377,0
2019,0.0,0.0,0.0,0.0,0.0,0.0,0.0,0.0,0.0,0.0,0.0,0.0,183.0,BK1,hydrographs_LowerDarling,425019,Redbank and Tandou creeks,NSW,Lower Darling,,183,1
2020,0.0,0.0,0.0,0.0,0.0,0.0,0.0,0.0,0.0,0.0,0.0,0.0,365.0,BK1,hydrographs_LowerDarling,425019,Redbank and Tandou creeks,NSW,Lower Darling,,548,1
2021,1.0,2.0,2.0,2.0,74.0,74.0,148.0,148.0,75.0,75.0,1.0,0.0,365.0,BK1,hydrographs_LowerDarling,425019,Redbank and Tandou creeks,NSW,Lower Darling,,714,1
2022,1.0,2.0,2.0,2.0,105.5,105.5,211.0,211.0,190.0,190.0,1.0,0.0,365.0,BK1,hydrographs_LowerDarling,425019,Redbank and Tandou creeks,NSW,Lower Darling,,126,1
2023,0.0,0.0,0.0,0.0,0.0,0.0,0.0,0.0,0.0,0.0,0.0,0.0,366.0,BK1,hydrographs_LowerDarling,425019,Redbank and Tandou creeks,NSW,Lower Darling,,492,1
2024,0.0,0.0,0.0,0.0,0.0,0.0,0.0,0.0,0.0,0.0,0.0,0.0,281.0,BK1,hydrographs_LowerDarling,425019,Redbank and Tandou creeks,NSW,Lower Darling,,773,1
2019,0.0,0.0,0.0,0.0,0.0,0.0,0.0,0.0,0.0,183.0,0.0,0.0,183.0,CF_b,hydrographs_LowerDarling,425019,Redbank and Tandou creeks,NSW,Lower Darling,,0,1
2020,0.0,0.0,0.0,0.0,0.0,0.0,0.0,0.0,0.0,548.0,0.0,0.0,365.0,CF_b,hydrographs_LowerDarling,425019,Redbank and Tandou creeks,NSW,Lower Darling,,0,1
2021,0.0,0.0,0.0,1.0,640.0,0.0,640.0,0.0,640.0,640.0,0.0,0.0,365.0,CF_b,hydrographs_LowerDarling,425019,Redbank and Tandou creeks,NSW,Lower Darling,,0,1
2022,0.0,0.0,0.0,1.0,28.0,0.0,28.0,0.0,28.0,28.0,0.0,0.0,365.0,CF_b,hydrographs_LowerDarling,425019,Redbank and Tandou creeks,NSW,Lower Darling,,0,1
2023,0.0,0.0,0.0,0.0,0.0,0.0,0.0,0.0,0.0,0.0,0.0,0.0,366.0,CF_b,hydrographs_LowerDarling,425019,Redbank and Tandou creeks,NSW,Lower Darling,,0,1
2024,0.0,0.0,0.0,2.0,72.0,0.0,144.0,0.0,91.0,91.0,0.0,0.0,281.0,CF_b,hydrographs_LowerDarling,425019,Redbank and Tandou creeks,NSW,Lower Darling,,0,1
2019,0.0,0.0,0.0,0.0,0.0,0.0,0.0,0.0,0.0,0.0,0.0,0.0,183.0,BF2c,hydrographs_LowerDarling,425007,Lower Darling River - Weir 32 to downstream Burtundy,NSW,Lower Darling,,183,1
2020,0.0,0.0,0.0,0.0,0.0,0.0,0.0,0.0,0.0,0.0,0.0,0.0,365.0,BF2c,hydrographs_LowerDarling,425007,Lower Darling River - Weir 32 to downstream Burtundy,NSW,Lower Darling,,548,1
2021,1.0,1.0,1.0,1.0,90.0,90.0,90.0,90.0,90.0,90.0,1.0,0.0,365.0,BF2c,hydrographs_LowerDarling,425007,Lower Darling River - Weir 32 to downstream Burtundy,NSW,Lower Darling,,701,1
2022,1.0,1.0,1.0,1.0,90.0,90.0,90.0,90.0,90.0,90.0,1.0,0.0,365.0,BF2c,hydrographs_LowerDarling,425007,Lower Darling River - Weir 32 to downstream Burtundy,NSW,Lower Darling,,275,1
2023,0.0,0.0,0.0,2.0,24.0,24.0,48.0,48.0,47.0,47.0,0.0,0.0,366.0,BF2c,hydrographs_LowerDarling,425007,Lower Darling River - Weir 32 to downstream Burtundy,NSW,Lower Darling,,278,1
2024,0.0,0.0,0.0,2.0,31.0,31.0,62.0,62.0,42.0,42.0,0.0,0.0,281.0,BF2c,hydrographs_LowerDarling,425007,Lower Darling River - Weir 32 to downstream Burtundy,NSW,Lower Darling,,284,1
2025,,,,,,,,,,,,,,BF2c,hydrographs_LowerDarling,425007,Lower Darling River - Weir 32 to downstream Burtundy,NSW,Lower Darling,,0,1
2019,0.0,0.0,0.0,0.0,0.0,0.0,0.0,0.0,0.0,0.0,0.0,0.0,183.0,OB1_S,hydrographs_LowerDarling,425007,Lower Darling River - Weir 32 to downstream Burtundy,NSW,Lower Darling,,183,1
2020,0.0,0.0,0.0,0.0,0.0,0.0,0.0,0.0,0.0,0.0,0.0,0.0,365.0,OB1_S,hydrographs_LowerDarling,425007,Lower Darling River - Weir 32 to downstream Burtundy,NSW,Lower Darling,,548,1
2021,1.0,2.0,2.0,2.0,64.0,64.0,128.0,128.0,73.0,73.0,1.0,0.0,365.0,OB1_S,hydrographs_LowerDarling,425007,Lower Darling River - Weir 32 to downstream Burtundy,NSW,Lower Darling,,718,1
2022,1.0,1.0,1.0,1.0,252.0,252.0,252.0,252.0,252.0,252.0,1.0,0.0,365.0,OB1_S,hydrographs_LowerDarling,425007,Lower Darling River - Weir 32 to downstream Burtundy,NSW,Lower Darling,,113,1
2023,0.0,0.0,0.0,0.0,0.0,0.0,0.0,0.0,0.0,0.0,0.0,0.0,366.0,OB1_S,hydrographs_LowerDarling,425007,Lower Darling River - Weir 32 to downstream Burtundy,NSW,Lower Darling,,479,1
2024,0.0,0.0,0.0,0.0,0.0,0.0,0.0,0.0,0.0,0.0,0.0,0.0,281.0,OB1_S,hydrographs_LowerDarling,425007,Lower Darling River - Weir 32 to downstream Burtundy,NSW,Lower Darling,,760,1
2025,,,,,,,,,,,,,,OB1_S,hydrographs_LowerDarling,425007,Lower Darling River - Weir 32 to downstream Burtundy,NSW,Lower Darling,,0,1
2019,0.0,0.0,0.0,0.0,0.0,0.0,0.0,0.0,0.0,0.0,0.0,0.0,183.0,LF1_P,hydrographs_LowerDarling,425007,Lower Darling River - Weir 32 to downstream Burtundy,NSW,Lower Darling,,183,1
2020,0.0,0.0,0.0,0.0,0.0,0.0,0.0,0.0,0.0,0.0,0.0,0.0,365.0,LF1_P,hydrographs_LowerDarling,425007,Lower Darling River - Weir 32 to downstream Burtundy,NSW,Lower Darling,,548,1
2021,1.0,1.0,1.0,1.0,150.0,150.0,150.0,150.0,150.0,150.0,1.0,0.0,365.0,LF1_P,hydrographs_LowerDarling,425007,Lower Darling River - Weir 32 to downstream Burtundy,NSW,Lower Darling,,763,1
2022,1.0,1.0,1.0,1.0,64.0,64.0,64.0,64.0,64.0,64.0,1.0,0.0,365.0,LF1_P,hydrographs_LowerDarling,425007,Lower Darling River - Weir 32 to downstream Burtundy,NSW,Lower Darling,,215,1
2023,0.0,0.0,0.0,0.0,0.0,0.0,0.0,0.0,0.0,0.0,0.0,0.0,366.0,LF1_P,hydrographs_LowerDarling,425007,Lower Darling River - Weir 32 to downstream Burtundy,NSW,Lower Darling,,452,1
2024,0.0,0.0,0.0,0.0,0.0,0.0,0.0,0.0,0.0,0.0,0.0,0.0,281.0,LF1_P,hydrographs_LowerDarling,425007,Lower Darling River - Weir 32 to downstream Burtundy,NSW,Lower Darling,,733,1
2025,,,,,,,,,,,,,,LF1_P,hydrographs_LowerDarling,425007,Lower Darling River - Weir 32 to downstream Burtundy,NSW,Lower Darling,,0,1
2019,0.0,0.0,0.0,0.0,0.0,0.0,0.0,0.0,0.0,0.0,0.0,0.0,183.0,BK1b_P,hydrographs_LowerDarling,425007,Lower Darling River - Weir 32 to downstream Burtundy,NSW,Lower Darling,,183,1
2020,0.0,0.0,0.0,0.0,0.0,0.0,0.0,0.0,0.0,0.0,0.0,0.0,365.0,BK1b_P,hydrographs_LowerDarling,425007,Lower Darling River - Weir 32 to downstream Burtundy,NSW,Lower Darling,,548,1
2021,1.0,1.0,1.0,2.0,36.0,70.0,72.0,70.0,70.0,70.0,1.0,0.0,365.0,BK1b_P,hydrographs_LowerDarling,425007,Lower Darling River - Weir 32 to downstream Burtundy,NSW,Lower Darling,,732,0
2022,1.0,1.0,1.0,1.0,72.0,72.0,72.0,72.0,72.0,72.0,1.0,0.0,365.0,BK1b_P,hydrographs_LowerDarling,425007,Lower Darling River - Weir 32 to downstream Burtundy,NSW,Lower Darling,,295,1
2023,0.0,0.0,0.0,0.0,0.0,0.0,0.0,0.0,0.0,0.0,0.0,0.0,366.0,BK1b_P,hydrographs_LowerDarling,425007,Lower Darling River - Weir 32 to downstream Burtundy,NSW,Lower Darling,,475,1
2024,0.0,0.0,0.0,0.0,0.0,0.0,0.0,0.0,0.0,0.0,0.0,0.0,281.0,BK1b_P,hydrographs_LowerDarling,425007,Lower Darling River - Weir 32 to downstream Burtundy,NSW,Lower Darling,,756,0
2025,,,,,,,,,,,,,,BK1b_P,hydrographs_LowerDarling,425007,Lower Darling River - Weir 32 to downstream Burtundy,NSW,Lower Darling,,0,1
2019,0.0,0.0,0.0,0.0,0.0,0.0,0.0,0.0,0.0,0.0,0.0,0.0,183.0,LF2_P,hydrographs_LowerDarling,425007,Lower Darling River - Weir 32 to downstream Burtundy,NSW,Lower Darling,,183,1
2020,0.0,0.0,0.0,0.0,0.0,0.0,0.0,0.0,0.0,0.0,0.0,0.0,365.0,LF2_P,hydrographs_LowerDarling,425007,Lower Darling River - Weir 32 to downstream Burtundy,NSW,Lower Darling,,548,1
2021,1.0,1.0,1.0,1.0,141.0,141.0,141.0,141.0,141.0,141.0,1.0,0.0,365.0,LF2_P,hydrographs_LowerDarling,425007,Lower Darling River - Weir 32 to downstream Burtundy,NSW,Lower Darling,,711,1
2022,1.0,1.0,1.0,1.0,126.0,126.0,126.0,126.0,126.0,126.0,1.0,0.0,365.0,LF2_P,hydrographs_LowerDarling,425007,Lower Darling River - Weir 32 to downstream Burtundy,NSW,Lower Darling,,214,1
2023,0.0,0.0,0.0,0.0,0.0,0.0,0.0,0.0,0.0,0.0,0.0,0.0,366.0,LF2_P,hydrographs_LowerDarling,425007,Lower Darling River - Weir 32 to downstream Burtundy,NSW,Lower Darling,,452,1
2024,0.0,0.0,0.0,0.0,0.0,0.0,0.0,0.0,0.0,0.0,0.0,0.0,281.0,LF2_P,hydrographs_LowerDarling,425007,Lower Darling River - Weir 32 to downstream Burtundy,NSW,Lower Darling,,733,0
2025,,,,,,,,,,,,,,LF2_P,hydrographs_LowerDarling,425007,Lower Darling River - Weir 32 to downstream Burtundy,NSW,Lower Darling,,0,1
2019,0.0,0.0,0.0,0.0,0.0,0.0,0.0,0.0,0.0,0.0,0.0,0.0,183.0,LF1_S,hydrographs_LowerDarling,425007,Lower Darling River - Weir 32 to downstream Burtundy,NSW,Lower Darling,,183,1
2020,0.0,0.0,0.0,0.0,0.0,0.0,0.0,0.0,0.0,0.0,0.0,0.0,365.0,LF1_S,hydrographs_LowerDarling,425007,Lower Darling River - Weir 32 to downstream Burtundy,NSW,Lower Darling,,548,1
2021,1.0,1.0,1.0,1.0,202.0,202.0,202.0,202.0,202.0,202.0,1.0,0.0,365.0,LF1_S,hydrographs_LowerDarling,425007,Lower Darling River - Weir 32 to downstream Burtundy,NSW,Lower Darling,,711,1
2022,1.0,1.0,1.0,1.0,279.0,279.0,279.0,279.0,279.0,279.0,1.0,0.0,365.0,LF1_S,hydrographs_LowerDarling,425007,Lower Darling River - Weir 32 to downstream Burtundy,NSW,Lower Darling,,86,1
2023,0.0,0.0,0.0,0.0,0.0,0.0,0.0,0.0,0.0,0.0,0.0,0.0,366.0,LF1_S,hydrographs_LowerDarling,425007,Lower Darling River - Weir 32 to downstream Burtundy,NSW,Lower Darling,,452,1
2024,0.0,0.0,0.0,0.0,0.0,0.0,0.0,0.0,0.0,0.0,0.0,0.0,281.0,LF1_S,hydrographs_LowerDarling,425007,Lower Darling River - Weir 32 to downstream Burtundy,NSW,Lower Darling,,733,1
2025,,,,,,,,,,,,,,LF1_S,hydrographs_LowerDarling,425007,Lower Darling River - Weir 32 to downstream Burtundy,NSW,Lower Darling,,0,1
2019,0.0,0.0,0.0,0.0,0.0,0.0,0.0,0.0,0.0,0.0,0.0,0.0,183.0,OB3,hydrographs_LowerDarling,425007,Lower Darling River - Weir 32 to downstream Burtundy,NSW,Lower Darling,,183,1
2020,0.0,0.0,0.0,0.0,0.0,0.0,0.0,0.0,0.0,0.0,0.0,0.0,365.0,OB3,hydrographs_LowerDarling,425007,Lower Darling River - Weir 32 to downstream Burtundy,NSW,Lower Darling,,548,1
2021,0.0,0.0,0.0,0.0,0.0,0.0,0.0,0.0,0.0,0.0,0.0,0.0,365.0,OB3,hydrographs_LowerDarling,425007,Lower Darling River - Weir 32 to downstream Burtundy,NSW,Lower Darling,,913,1
2022,1.0,1.0,1.0,1.0,177.0,177.0,177.0,177.0,177.0,177.0,1.0,0.0,365.0,OB3,hydrographs_LowerDarling,425007,Lower Darling River - Weir 32 to downstream Burtundy,NSW,Lower Darling,,981,1
2023,0.0,0.0,0.0,0.0,0.0,0.0,0.0,0.0,0.0,0.0,0.0,0.0,366.0,OB3,hydrographs_LowerDarling,425007,Lower Darling River - Weir 32 to downstream Burtundy,NSW,Lower Darling,,486,1
2024,0.0,0.0,0.0,0.0,0.0,0.0,0.0,0.0,0.0,0.0,0.0,0.0,281.0,OB3,hydrographs_LowerDarling,425007,Lower Darling River - Weir 32 to downstream Burtundy,NSW,Lower Darling,,767,1
2025,,,,,,,,,,,,,,OB3,hydrographs_LowerDarling,425007,Lower Darling River - Weir 32 to downstream Burtundy,NSW,Lower Darling,,0,1
2019,0.0,0.0,0.0,0.0,0.0,0.0,0.0,0.0,0.0,0.0,0.0,0.0,183.0,LF2_S,hydrographs_LowerDarling,425007,Lower Darling River - Weir 32 to downstream Burtundy,NSW,Lower Darling,,183,1
2020,0.0,0.0,0.0,0.0,0.0,0.0,0.0,0.0,0.0,0.0,0.0,0.0,365.0,LF2_S,hydrographs_LowerDarling,425007,Lower Darling River - Weir 32 to downstream Burtundy,NSW,Lower Darling,,548,1
2021,1.0,1.0,1.0,1.0,202.0,202.0,202.0,202.0,202.0,202.0,1.0,0.0,365.0,LF2_S,hydrographs_LowerDarling,425007,Lower Darling River - Weir 32 to downstream Burtundy,NSW,Lower Darling,,711,1
2022,1.0,1.0,1.0,1.0,279.0,279.0,279.0,279.0,279.0,279.0,1.0,0.0,365.0,LF2_S,hydrographs_LowerDarling,425007,Lower Darling River - Weir 32 to downstream Burtundy,NSW,Lower Darling,,86,1
2023,0.0,0.0,0.0,0.0,0.0,0.0,0.0,0.0,0.0,0.0,0.0,0.0,366.0,LF2_S,hydrographs_LowerDarling,425007,Lower Darling River - Weir 32 to downstream Burtundy,NSW,Lower Darling,,452,1
2024,0.0,0.0,0.0,0.0,0.0,0.0,0.0,0.0,0.0,0.0,0.0,0.0,281.0,LF2_S,hydrographs_LowerDarling,425007,Lower Darling River - Weir 32 to downstream Burtundy,NSW,Lower Darling,,733,0
2025,,,,,,,,,,,,,,LF2_S,hydrographs_LowerDarling,425007,Lower Darling River - Weir 32 to downstream Burtundy,NSW,Lower Darling,,0,1
2019,0.0,0.0,0.0,0.0,0.0,0.0,0.0,0.0,0.0,0.0,0.0,0.0,183.0,BF1a,hydrographs_LowerDarling,425007,Lower Darling River - Weir 32 to downstream Burtundy,NSW,Lower Darling,,183,0
2020,0.0,0.0,0.0,4.0,33.5,33.5,134.0,134.0,112.0,112.0,0.0,0.0,365.0,BF1a,hydrographs_LowerDarling,425007,Lower Darling River - Weir 32 to downstream Burtundy,NSW,Lower Darling,,271,0
2021,1.0,1.0,1.0,1.0,212.0,212.0,212.0,212.0,212.0,212.0,1.0,0.0,365.0,BF1a,hydrographs_LowerDarling,425007,Lower Darling River - Weir 32 to downstream Burtundy,NSW,Lower Darling,,153,0
2022,1.0,1.0,1.0,1.0,212.0,212.0,212.0,212.0,212.0,212.0,1.0,0.0,365.0,BF1a,hydrographs_LowerDarling,425007,Lower Darling River - Weir 32 to downstream Burtundy,NSW,Lower Darling,,153,0
2023,1.0,1.0,1.0,1.0,213.0,213.0,213.0,213.0,213.0,213.0,1.0,0.0,366.0,BF1a,hydrographs_LowerDarling,425007,Lower Darling River - Weir 32 to downstream Burtundy,NSW,Lower Darling,,153,0
2024,1.0,1.0,1.0,1.0,212.0,212.0,212.0,212.0,212.0,212.0,1.0,0.0,281.0,BF1a,hydrographs_LowerDarling,425007,Lower Darling River - Weir 32 to downstream Burtundy,NSW,Lower Darling,,153,0
2025,,,,,,,,,,,,,,BF1a,hydrographs_LowerDarling,425007,Lower Darling River - Weir 32 to downstream Burtundy,NSW,Lower Darling,,0,1
2019,0.0,0.0,0.0,0.0,0.0,0.0,0.0,0.0,0.0,0.0,0.0,0.0,183.0,OB4,hydrographs_LowerDarling,425007,Lower Darling River - Weir 32 to downstream Burtundy,NSW,Lower Darling,,183,1
2020,0.0,0.0,0.0,0.0,0.0,0.0,0.0,0.0,0.0,0.0,0.0,0.0,365.0,OB4,hydrographs_LowerDarling,425007,Lower Darling River - Weir 32 to downstream Burtundy,NSW,Lower Darling,,548,1
2021,0.0,0.0,0.0,0.0,0.0,0.0,0.0,0.0,0.0,0.0,0.0,0.0,365.0,OB4,hydrographs_LowerDarling,425007,Lower Darling River - Weir 32 to downstream Burtundy,NSW,Lower Darling,,913,1
2022,1.0,1.0,1.0,1.0,110.0,110.0,110.0,110.0,110.0,110.0,1.0,0.0,365.0,OB4,hydrographs_LowerDarling,425007,Lower Darling River - Weir 32 to downstream Burtundy,NSW,Lower Darling,,1046,1
2023,0.0,0.0,0.0,0.0,0.0,0.0,0.0,0.0,0.0,0.0,0.0,0.0,366.0,OB4,hydrographs_LowerDarling,425007,Lower Darling River - Weir 32 to downstream Burtundy,NSW,Lower Darling,,488,1
2024,0.0,0.0,0.0,0.0,0.0,0.0,0.0,0.0,0.0,0.0,0.0,0.0,281.0,OB4,hydrographs_LowerDarling,425007,Lower Darling River - Weir 32 to downstream Burtundy,NSW,Lower Darling,,769,1
2025,,,,,,,,,,,,,,OB4,hydrographs_LowerDarling,425007,Lower Darling River - Weir 32 to downstream Burtundy,NSW,Lower Darling,,0,1
2019,0.0,0.0,0.0,0.0,0.0,0.0,0.0,0.0,0.0,27.0,0.0,0.0,61.0,BF2a,hydrographs_LowerDarling,425007,Lower Darling River - Weir 32 to downstream Burtundy,NSW,Lower Darling,,61,1
2020,0.0,0.0,0.0,1.0,27.0,27.0,27.0,27.0,27.0,46.0,0.0,0.0,365.0,BF2a,hydrographs_LowerDarling,425007,Lower Darling River - Weir 32 to downstream Burtundy,NSW,Lower Darling,,298,1
2021,0.0,0.0,0.0,2.0,55.0,55.0,110.0,110.0,108.0,122.0,0.0,0.0,365.0,BF2a,hydrographs_LowerDarling,425007,Lower Darling River - Weir 32 to downstream Burtundy,NSW,Lower Darling,,304,1
2022,1.0,1.0,1.0,1.0,184.0,184.0,184.0,184.0,184.0,184.0,1.0,0.0,365.0,BF2a,hydrographs_LowerDarling,425007,Lower Darling River - Weir 32 to downstream Burtundy,NSW,Lower Darling,,181,1
2023,1.0,1.0,1.0,1.0,184.0,184.0,184.0,184.0,184.0,184.0,1.0,0.0,366.0,BF2a,hydrographs_LowerDarling,425007,Lower Darling River - Weir 32 to downstream Burtundy,NSW,Lower Darling,,182,1
2024,1.0,1.0,1.0,1.0,184.0,184.0,184.0,184.0,184.0,184.0,1.0,0.0,365.0,BF2a,hydrographs_LowerDarling,425007,Lower Darling River - Weir 32 to downstream Burtundy,NSW,Lower Darling,,181,1
2025,0.0,0.0,0.0,1.0,38.0,38.0,38.0,38.0,38.0,0.0,0.0,0.0,38.0,BF2a,hydrographs_LowerDarling,425007,Lower Darling River - Weir 32 to downstream Burtundy,NSW,Lower Darling,,0,1
2019,0.0,0.0,0.0,0.0,0.0,0.0,0.0,0.0,0.0,32.0,0.0,0.0,92.0,BF1b,hydrographs_LowerDarling,425007,Lower Darling River - Weir 32 to downstream Burtundy,NSW,Lower Darling,,92,0
2020,0.0,0.0,0.0,1.0,32.0,32.0,32.0,32.0,32.0,49.0,0.0,0.0,365.0,BF1b,hydrographs_LowerDarling,425007,Lower Darling River - Weir 32 to downstream Burtundy,NSW,Lower Darling,,324,0
2021,0.0,0.0,0.0,4.0,34.75,34.75,139.0,139.0,111.0,111.0,0.0,0.0,365.0,BF1b,hydrographs_LowerDarling,425007,Lower Darling River - Weir 32 to downstream Burtundy,NSW,Lower Darling,,212,0
2022,1.0,1.0,1.0,1.0,153.0,153.0,153.0,153.0,153.0,153.0,1.0,0.0,365.0,BF1b,hydrographs_LowerDarling,425007,Lower Darling River - Weir 32 to downstream Burtundy,NSW,Lower Darling,,212,0
2023,1.0,1.0,1.0,1.0,153.0,153.0,153.0,153.0,153.0,153.0,1.0,0.0,366.0,BF1b,hydrographs_LowerDarling,425007,Lower Darling River - Weir 32 to downstream Burtundy,NSW,Lower Darling,,213,0
2024,1.0,1.0,1.0,1.0,153.0,153.0,153.0,153.0,153.0,153.0,1.0,0.0,365.0,BF1b,hydrographs_LowerDarling,425007,Lower Darling River - Weir 32 to downstream Burtundy,NSW,Lower Darling,,212,0
2025,0.0,0.0,0.0,1.0,7.0,7.0,7.0,7.0,7.0,0.0,0.0,0.0,7.0,BF1b,hydrographs_LowerDarling,425007,Lower Darling River - Weir 32 to downstream Burtundy,NSW,Lower Darling,,0,1
2019,0.0,0.0,0.0,0.0,0.0,0.0,0.0,0.0,0.0,0.0,0.0,0.0,183.0,LF3_S,hydrographs_LowerDarling,425007,Lower Darling River - Weir 32 to downstream Burtundy,NSW,Lower Darling,,183,1
2020,0.0,0.0,0.0,0.0,0.0,0.0,0.0,0.0,0.0,0.0,0.0,0.0,365.0,LF3_S,hydrographs_LowerDarling,425007,Lower Darling River - Weir 32 to downstream Burtundy,NSW,Lower Darling,,548,1
2021,1.0,1.0,1.0,1.0,202.0,202.0,202.0,202.0,202.0,202.0,1.0,0.0,365.0,LF3_S,hydrographs_LowerDarling,425007,Lower Darling River - Weir 32 to downstream Burtundy,NSW,Lower Darling,,711,1
2022,1.0,1.0,1.0,1.0,279.0,279.0,279.0,279.0,279.0,279.0,1.0,0.0,365.0,LF3_S,hydrographs_LowerDarling,425007,Lower Darling River - Weir 32 to downstream Burtundy,NSW,Lower Darling,,86,1
2023,0.0,0.0,0.0,0.0,0.0,0.0,0.0,0.0,0.0,0.0,0.0,0.0,366.0,LF3_S,hydrographs_LowerDarling,425007,Lower Darling River - Weir 32 to downstream Burtundy,NSW,Lower Darling,,452,1
2024,0.0,0.0,0.0,0.0,0.0,0.0,0.0,0.0,0.0,0.0,0.0,0.0,281.0,LF3_S,hydrographs_LowerDarling,425007,Lower Darling River - Weir 32 to downstream Burtundy,NSW,Lower Darling,,733,0
2025,,,,,,,,,,,,,,LF3_S,hydrographs_LowerDarling,425007,Lower Darling River - Weir 32 to downstream Burtundy,NSW,Lower Darling,,0,1
2019,0.0,0.0,0.0,0.0,0.0,0.0,0.0,0.0,0.0,31.0,0.0,0.0,92.0,CF,hydrographs_LowerDarling,425007,Lower Darling River - Weir 32 to downstream Burtundy,NSW,Lower Darling,,92,0
2020,1.0,1.0,1.0,6.0,21.333333333333332,45.0,128.0,45.0,45.0,45.0,1.0,0.0,365.0,CF,hydrographs_LowerDarling,425007,Lower Darling River - Weir 32 to downstream Burtundy,NSW,Lower Darling,,235,0
2021,0.0,0.0,0.0,0.0,0.0,0.0,0.0,0.0,0.0,0.0,0.0,0.0,365.0,CF,hydrographs_LowerDarling,425007,Lower Darling River - Weir 32 to downstream Burtundy,NSW,Lower Darling,,600,0
2022,0.0,0.0,0.0,0.0,0.0,0.0,0.0,0.0,0.0,0.0,0.0,0.0,365.0,CF,hydrographs_LowerDarling,425007,Lower Darling River - Weir 32 to downstream Burtundy,NSW,Lower Darling,,965,0
2023,0.0,0.0,0.0,0.0,0.0,0.0,0.0,0.0,0.0,0.0,0.0,0.0,366.0,CF,hydrographs_LowerDarling,425007,Lower Darling River - Weir 32 to downstream Burtundy,NSW,Lower Darling,,1331,0
2024,0.0,0.0,0.0,0.0,0.0,0.0,0.0,0.0,0.0,0.0,0.0,0.0,365.0,CF,hydrographs_LowerDarling,425007,Lower Darling River - Weir 32 to downstream Burtundy,NSW,Lower Darling,,1696,0
2025,0.0,0.0,0.0,0.0,0.0,0.0,0.0,0.0,0.0,0.0,0.0,0.0,7.0,CF,hydrographs_LowerDarling,425007,Lower Darling River - Weir 32 to downstream Burtundy,NSW,Lower Darling,,1703,0
2019,0.0,0.0,0.0,0.0,0.0,0.0,0.0,0.0,0.0,0.0,0.0,0.0,183.0,OB2,hydrographs_LowerDarling,425007,Lower Darling River - Weir 32 to downstream Burtundy,NSW,Lower Darling,,183,1
2020,0.0,0.0,0.0,0.0,0.0,0.0,0.0,0.0,0.0,0.0,0.0,0.0,365.0,OB2,hydrographs_LowerDarling,425007,Lower Darling River - Weir 32 to downstream Burtundy,NSW,Lower Darling,,548,1
2021,1.0,2.0,2.0,2.0,43.0,43.0,86.0,86.0,49.0,49.0,1.0,0.0,365.0,OB2,hydrographs_LowerDarling,425007,Lower Darling River - Weir 32 to downstream Burtundy,NSW,Lower Darling,,738,1
2022,1.0,1.0,1.0,1.0,250.0,250.0,250.0,250.0,250.0,250.0,1.0,0.0,365.0,OB2,hydrographs_LowerDarling,425007,Lower Darling River - Weir 32 to downstream Burtundy,NSW,Lower Darling,,115,1
2023,0.0,0.0,0.0,0.0,0.0,0.0,0.0,0.0,0.0,0.0,0.0,0.0,366.0,OB2,hydrographs_LowerDarling,425007,Lower Darling River - Weir 32 to downstream Burtundy,NSW,Lower Darling,,481,1
2024,0.0,0.0,0.0,0.0,0.0,0.0,0.0,0.0,0.0,0.0,0.0,0.0,281.0,OB2,hydrographs_LowerDarling,425007,Lower Darling River - Weir 32 to downstream Burtundy,NSW,Lower Darling,,762,1
2025,,,,,,,,,,,,,,OB2,hydrographs_LowerDarling,425007,Lower Darling River - Weir 32 to downstream Burtundy,NSW,Lower Darling,,0,1
2019,0.0,0.0,0.0,0.0,0.0,0.0,0.0,0.0,0.0,0.0,0.0,0.0,183.0,BF2b,hydrographs_LowerDarling,425007,Lower Darling River - Weir 32 to downstream Burtundy,NSW,Lower Darling,,183,1
2020,0.0,0.0,0.0,0.0,0.0,0.0,0.0,0.0,0.0,0.0,0.0,0.0,365.0,BF2b,hydrographs_LowerDarling,425007,Lower Darling River - Weir 32 to downstream Burtundy,NSW,Lower Darling,,548,1
2021,1.0,1.0,1.0,1.0,82.0,82.0,82.0,82.0,82.0,82.0,1.0,0.0,365.0,BF2b,hydrographs_LowerDarling,425007,Lower Darling River - Weir 32 to downstream Burtundy,NSW,Lower Darling,,619,1
2022,1.0,1.0,1.0,1.0,91.0,91.0,91.0,91.0,91.0,91.0,1.0,0.0,365.0,BF2b,hydrographs_LowerDarling,425007,Lower Darling River - Weir 32 to downstream Burtundy,NSW,Lower Darling,,274,1
2023,0.0,0.0,0.0,3.0,12.666666666666666,12.666666666666666,38.0,38.0,13.0,13.0,0.0,0.0,366.0,BF2b,hydrographs_LowerDarling,425007,Lower Darling River - Weir 32 to downstream Burtundy,NSW,Lower Darling,,274,1
2024,1.0,1.0,1.0,1.0,81.0,81.0,81.0,81.0,81.0,81.0,1.0,0.0,281.0,BF2b,hydrographs_LowerDarling,425007,Lower Darling River - Weir 32 to downstream Burtundy,NSW,Lower Darling,,285,1
2025,,,,,,,,,,,,,,BF2b,hydrographs_LowerDarling,425007,Lower Darling River - Weir 32 to downstream Burtundy,NSW,Lower Darling,,0,1
2019,0.0,0.0,0.0,0.0,0.0,0.0,0.0,0.0,0.0,0.0,0.0,0.0,183.0,BK1_S,hydrographs_LowerDarling,425007,Lower Darling River - Weir 32 to downstream Burtundy,NSW,Lower Darling,,183,1
2020,0.0,0.0,0.0,0.0,0.0,0.0,0.0,0.0,0.0,0.0,0.0,0.0,365.0,BK1_S,hydrographs_LowerDarling,425007,Lower Darling River - Weir 32 to downstream Burtundy,NSW,Lower Darling,,548,1
2021,1.0,2.0,2.0,2.0,75.5,75.5,151.0,151.0,88.0,88.0,1.0,0.0,365.0,BK1_S,hydrographs_LowerDarling,425007,Lower Darling River - Weir 32 to downstream Burtundy,NSW,Lower Darling,,714,1
2022,1.0,1.0,1.0,1.0,256.0,256.0,256.0,256.0,256.0,256.0,1.0,0.0,365.0,BK1_S,hydrographs_LowerDarling,425007,Lower Darling River - Weir 32 to downstream Burtundy,NSW,Lower Darling,,109,1
2023,0.0,0.0,0.0,0.0,0.0,0.0,0.0,0.0,0.0,0.0,0.0,0.0,366.0,BK1_S,hydrographs_LowerDarling,425007,Lower Darling River - Weir 32 to downstream Burtundy,NSW,Lower Darling,,475,1
2024,0.0,0.0,0.0,0.0,0.0,0.0,0.0,0.0,0.0,0.0,0.0,0.0,281.0,BK1_S,hydrographs_LowerDarling,425007,Lower Darling River - Weir 32 to downstream Burtundy,NSW,Lower Darling,,756,0
2025,,,,,,,,,,,,,,BK1_S,hydrographs_LowerDarling,425007,Lower Darling River - Weir 32 to downstream Burtundy,NSW,Lower Darling,,0,1
2019,0.0,0.0,0.0,0.0,0.0,0.0,0.0,0.0,0.0,0.0,0.0,0.0,183.0,OB5,hydrographs_LowerDarling,425007,Lower Darling River - Weir 32 to downstream Burtundy,NSW,Lower Darling,,183,1
2020,0.0,0.0,0.0,0.0,0.0,0.0,0.0,0.0,0.0,0.0,0.0,0.0,365.0,OB5,hydrographs_LowerDarling,425007,Lower Darling River - Weir 32 to downstream Burtundy,NSW,Lower Darling,,548,1
2021,0.0,0.0,0.0,0.0,0.0,0.0,0.0,0.0,0.0,0.0,0.0,0.0,365.0,OB5,hydrographs_LowerDarling,425007,Lower Darling River - Weir 32 to downstream Burtundy,NSW,Lower Darling,,913,1
2022,1.0,1.0,1.0,1.0,17.0,17.0,17.0,17.0,17.0,17.0,1.0,0.0,365.0,OB5,hydrographs_LowerDarling,425007,Lower Darling River - Weir 32 to downstream Burtundy,NSW,Lower Darling,,1125,1
2023,0.0,0.0,0.0,0.0,0.0,0.0,0.0,0.0,0.0,0.0,0.0,0.0,366.0,OB5,hydrographs_LowerDarling,425007,Lower Darling River - Weir 32 to downstream Burtundy,NSW,Lower Darling,,502,1
2024,0.0,0.0,0.0,0.0,0.0,0.0,0.0,0.0,0.0,0.0,0.0,0.0,281.0,OB5,hydrographs_LowerDarling,425007,Lower Darling River - Weir 32 to downstream Burtundy,NSW,Lower Darling,,783,1
2025,,,,,,,,,,,,,,OB5,hydrographs_LowerDarling,425007,Lower Darling River - Weir 32 to downstream Burtundy,NSW,Lower Darling,,0,1
2019,0.0,0.0,0.0,0.0,0.0,0.0,0.0,0.0,0.0,0.0,0.0,0.0,183.0,SF2,hydrographs_LowerDarling,425007,Lower Darling River - Weir 32 to downstream Burtundy,NSW,Lower Darling,,183,1
2020,0.0,0.0,0.0,0.0,0.0,0.0,0.0,0.0,0.0,0.0,0.0,0.0,365.0,SF2,hydrographs_LowerDarling,425007,Lower Darling River - Weir 32 to downstream Burtundy,NSW,Lower Darling,,548,1
2021,0.0,0.0,0.0,1.0,50.0,0.0,50.0,0.0,50.0,50.0,0.0,0.0,365.0,SF2,hydrographs_LowerDarling,425007,Lower Darling River - Weir 32 to downstream Burtundy,NSW,Lower Darling,,913,1
2022,1.0,1.0,1.0,1.0,91.0,91.0,91.0,91.0,91.0,91.0,1.0,0.0,365.0,SF2,hydrographs_LowerDarling,425007,Lower Darling River - Weir 32 to downstream Burtundy,NSW,Lower Darling,,975,1
2023,0.0,0.0,0.0,0.0,0.0,0.0,0.0,0.0,0.0,0.0,0.0,0.0,366.0,SF2,hydrographs_LowerDarling,425007,Lower Darling River - Weir 32 to downstream Burtundy,NSW,Lower Darling,,578,1
2024,1.0,1.0,1.0,1.0,67.0,67.0,67.0,67.0,67.0,67.0,1.0,0.0,281.0,SF2,hydrographs_LowerDarling,425007,Lower Darling River - Weir 32 to downstream Burtundy,NSW,Lower Darling,,664,1
2025,,,,,,,,,,,,,,SF2,hydrographs_LowerDarling,425007,Lower Darling River - Weir 32 to downstream Burtundy,NSW,Lower Darling,,0,1
2019,0.0,0.0,0.0,0.0,0.0,0.0,0.0,0.0,0.0,34.0,0.0,0.0,92.0,VF,hydrographs_LowerDarling,425007,Lower Darling River - Weir 32 to downstream Burtundy,NSW,Lower Darling,,92,0
2020,0.0,0.0,0.0,6.0,9.166666666666666,9.166666666666666,55.0,55.0,34.0,91.0,0.0,0.0,365.0,VF,hydrographs_LowerDarling,425007,Lower Darling River - Weir 32 to downstream Burtundy,NSW,Lower Darling,,182,0
2021,0.0,0.0,0.0,1.0,183.0,183.0,183.0,183.0,183.0,183.0,0.0,0.0,365.0,VF,hydrographs_LowerDarling,425007,Lower Darling River - Weir 32 to downstream Burtundy,NSW,Lower Darling,,182,0
2022,0.0,0.0,0.0,1.0,183.0,183.0,183.0,183.0,183.0,183.0,0.0,0.0,365.0,VF,hydrographs_LowerDarling,425007,Lower Darling River - Weir 32 to downstream Burtundy,NSW,Lower Darling,,182,0
2023,0.0,0.0,0.0,1.0,183.0,183.0,183.0,183.0,183.0,183.0,0.0,0.0,366.0,VF,hydrographs_LowerDarling,425007,Lower Darling River - Weir 32 to downstream Burtundy,NSW,Lower Darling,,183,0
2024,0.0,0.0,0.0,1.0,183.0,183.0,183.0,183.0,183.0,183.0,0.0,0.0,365.0,VF,hydrographs_LowerDarling,425007,Lower Darling River - Weir 32 to downstream Burtundy,NSW,Lower Darling,,182,0
2025,0.0,0.0,0.0,1.0,7.0,7.0,7.0,7.0,7.0,0.0,0.0,0.0,7.0,VF,hydrographs_LowerDarling,425007,Lower Darling River - Weir 32 to downstream Burtundy,NSW,Lower Darling,,0,1
2019,0.0,0.0,0.0,0.0,0.0,0.0,0.0,0.0,0.0,0.0,0.0,0.0,183.0,LF3_P,hydrographs_LowerDarling,425007,Lower Darling River - Weir 32 to downstream Burtundy,NSW,Lower Darling,,183,1
2020,0.0,0.0,0.0,0.0,0.0,0.0,0.0,0.0,0.0,0.0,0.0,0.0,365.0,LF3_P,hydrographs_LowerDarling,425007,Lower Darling River - Weir 32 to downstream Burtundy,NSW,Lower Darling,,548,1
2021,1.0,1.0,1.0,1.0,21.0,21.0,21.0,21.0,21.0,21.0,1.0,0.0,365.0,LF3_P,hydrographs_LowerDarling,425007,Lower Darling River - Weir 32 to downstream Burtundy,NSW,Lower Darling,,711,1
2022,1.0,1.0,1.0,1.0,153.0,153.0,153.0,153.0,153.0,153.0,1.0,0.0,365.0,LF3_P,hydrographs_LowerDarling,425007,Lower Darling River - Weir 32 to downstream Burtundy,NSW,Lower Darling,,212,1
2023,0.0,0.0,0.0,0.0,0.0,0.0,0.0,0.0,0.0,0.0,0.0,0.0,366.0,LF3_P,hydrographs_LowerDarling,425007,Lower Darling River - Weir 32 to downstream Burtundy,NSW,Lower Darling,,547,1
2024,0.0,0.0,0.0,0.0,0.0,0.0,0.0,0.0,0.0,0.0,0.0,0.0,281.0,LF3_P,hydrographs_LowerDarling,425007,Lower Darling River - Weir 32 to downstream Burtundy,NSW,Lower Darling,,828,0
2025,,,,,,,,,,,,,,LF3_P,hydrographs_LowerDarling,425007,Lower Darling River - Weir 32 to downstream Burtundy,NSW,Lower Darling,,0,1
2019,0.0,0.0,0.0,0.0,0.0,0.0,0.0,0.0,0.0,0.0,0.0,0.0,183.0,OB1_P,hydrographs_LowerDarling,425007,Lower Darling River - Weir 32 to downstream Burtundy,NSW,Lower Darling,,183,1
2020,0.0,0.0,0.0,0.0,0.0,0.0,0.0,0.0,0.0,0.0,0.0,0.0,365.0,OB1_P,hydrographs_LowerDarling,425007,Lower Darling River - Weir 32 to downstream Burtundy,NSW,Lower Darling,,548,1
2021,0.0,0.0,0.0,0.0,0.0,0.0,0.0,0.0,0.0,0.0,0.0,0.0,365.0,OB1_P,hydrographs_LowerDarling,425007,Lower Darling River - Weir 32 to downstream Burtundy,NSW,Lower Darling,,913,1
2022,1.0,1.0,1.0,1.0,122.0,122.0,122.0,122.0,122.0,122.0,1.0,0.0,365.0,OB1_P,hydrographs_LowerDarling,425007,Lower Darling River - Weir 32 to downstream Burtundy,NSW,Lower Darling,,944,1
2023,0.0,0.0,0.0,0.0,0.0,0.0,0.0,0.0,0.0,0.0,0.0,0.0,366.0,OB1_P,hydrographs_LowerDarling,425007,Lower Darling River - Weir 32 to downstream Burtundy,NSW,Lower Darling,,578,1
2024,0.0,0.0,0.0,0.0,0.0,0.0,0.0,0.0,0.0,0.0,0.0,0.0,281.0,OB1_P,hydrographs_LowerDarling,425007,Lower Darling River - Weir 32 to downstream Burtundy,NSW,Lower Darling,,859,1
2025,,,,,,,,,,,,,,OB1_P,hydrographs_LowerDarling,425007,Lower Darling River - Weir 32 to downstream Burtundy,NSW,Lower Darling,,0,1
2019,0.0,0.0,0.0,0.0,0.0,0.0,0.0,0.0,0.0,0.0,0.0,0.0,183.0,BK1a_P,hydrographs_LowerDarling,425007,Lower Darling River - Weir 32 to downstream Burtundy,NSW,Lower Darling,,183,1
2020,0.0,0.0,0.0,0.0,0.0,0.0,0.0,0.0,0.0,0.0,0.0,0.0,365.0,BK1a_P,hydrographs_LowerDarling,425007,Lower Darling River - Weir 32 to downstream Burtundy,NSW,Lower Darling,,548,1
2021,0.0,0.0,0.0,0.0,0.0,0.0,0.0,0.0,0.0,0.0,0.0,0.0,365.0,BK1a_P,hydrographs_LowerDarling,425007,Lower Darling River - Weir 32 to downstream Burtundy,NSW,Lower Darling,,913,0
2022,1.0,1.0,1.0,1.0,92.0,92.0,92.0,92.0,92.0,92.0,1.0,0.0,365.0,BK1a_P,hydrographs_LowerDarling,425007,Lower Darling River - Weir 32 to downstream Burtundy,NSW,Lower Darling,,944,0
2023,0.0,0.0,0.0,0.0,0.0,0.0,0.0,0.0,0.0,0.0,0.0,0.0,366.0,BK1a_P,hydrographs_LowerDarling,425007,Lower Darling River - Weir 32 to downstream Burtundy,NSW,Lower Darling,,608,1
2024,0.0,0.0,0.0,0.0,0.0,0.0,0.0,0.0,0.0,0.0,0.0,0.0,281.0,BK1a_P,hydrographs_LowerDarling,425007,Lower Darling River - Weir 32 to downstream Burtundy,NSW,Lower Darling,,889,0
2025,,,,,,,,,,,,,,BK1a_P,hydrographs_LowerDarling,425007,Lower Darling River - Weir 32 to downstream Burtundy,NSW,Lower Darling,,0,1
2019,0.0,0.0,0.0,1.0,7.0,0.0,7.0,0.0,7.0,7.0,0.0,0.0,183.0,SF3,hydrographs_LowerDarling,425007,Lower Darling River - Weir 32 to downstream Burtundy,NSW,Lower Darling,,183,1
2020,0.0,0.0,0.0,0.0,0.0,0.0,0.0,0.0,0.0,0.0,0.0,0.0,365.0,SF3,hydrographs_LowerDarling,425007,Lower Darling River - Weir 32 to downstream Burtundy,NSW,Lower Darling,,548,1
2021,1.0,1.0,1.0,1.0,151.0,151.0,151.0,151.0,151.0,151.0,1.0,0.0,365.0,SF3,hydrographs_LowerDarling,425007,Lower Darling River - Weir 32 to downstream Burtundy,NSW,Lower Darling,,701,1
2022,1.0,1.0,1.0,1.0,151.0,151.0,151.0,151.0,151.0,151.0,1.0,0.0,365.0,SF3,hydrographs_LowerDarling,425007,Lower Darling River - Weir 32 to downstream Burtundy,NSW,Lower Darling,,214,1
2023,0.0,0.0,0.0,0.0,0.0,0.0,0.0,0.0,0.0,0.0,0.0,0.0,366.0,SF3,hydrographs_LowerDarling,425007,Lower Darling River - Weir 32 to downstream Burtundy,NSW,Lower Darling,,427,1
2024,0.0,0.0,0.0,1.0,5.0,0.0,5.0,0.0,5.0,5.0,0.0,0.0,281.0,SF3,hydrographs_LowerDarling,425007,Lower Darling River - Weir 32 to downstream Burtundy,NSW,Lower Darling,,708,1
2025,,,,,,,,,,,,,,SF3,hydrographs_LowerDarling,425007,Lower Darling River - Weir 32 to downstream Burtundy,NSW,Lower Darling,,0,1
2019,0.0,0.0,0.0,0.0,0.0,0.0,0.0,0.0,0.0,0.0,0.0,0.0,183.0,NestS1,hydrographs_LowerDarling,425007,Lower Darling River - Weir 32 to downstream Burtundy,NSW,Lower Darling,,183,1
2020,0.0,0.0,0.0,0.0,0.0,0.0,0.0,0.0,0.0,0.0,0.0,0.0,365.0,NestS1,hydrographs_LowerDarling,425007,Lower Darling River - Weir 32 to downstream Burtundy,NSW,Lower Darling,,548,0
2021,0.0,0.0,0.0,1.0,52.0,0.0,52.0,0.0,52.0,52.0,0.0,0.0,365.0,NestS1,hydrographs_LowerDarling,425007,Lower Darling River - Weir 32 to downstream Burtundy,NSW,Lower Darling,,913,0
2022,1.0,1.0,1.0,1.0,91.0,91.0,91.0,91.0,91.0,91.0,1.0,0.0,365.0,NestS1,hydrographs_LowerDarling,425007,Lower Darling River - Weir 32 to downstream Burtundy,NSW,Lower Darling,,975,0
2023,0.0,0.0,0.0,1.0,4.0,0.0,4.0,0.0,4.0,4.0,0.0,0.0,366.0,NestS1,hydrographs_LowerDarling,425007,Lower Darling River - Weir 32 to downstream Burtundy,NSW,Lower Darling,,578,0
2024,0.0,0.0,0.0,2.0,26.0,0.0,52.0,0.0,51.0,51.0,0.0,0.0,281.0,NestS1,hydrographs_LowerDarling,425007,Lower Darling River - Weir 32 to downstream Burtundy,NSW,Lower Darling,,859,0
2025,,,,,,,,,,,,,,NestS1,hydrographs_LowerDarling,425007,Lower Darling River - Weir 32 to downstream Burtundy,NSW,Lower Darling,,0,1
2019,0.0,0.0,0.0,1.0,7.0,0.0,7.0,0.0,7.0,7.0,0.0,0.0,183.0,SF1,hydrographs_LowerDarling,425007,Lower Darling River - Weir 32 to downstream Burtundy,NSW,Lower Darling,,183,1
2020,0.0,0.0,0.0,0.0,0.0,0.0,0.0,0.0,0.0,0.0,0.0,0.0,365.0,SF1,hydrographs_LowerDarling,425007,Lower Darling River - Weir 32 to downstream Burtundy,NSW,Lower Darling,,548,1
2021,1.0,1.0,1.0,1.0,92.0,92.0,92.0,92.0,92.0,92.0,1.0,0.0,365.0,SF1,hydrographs_LowerDarling,425007,Lower Darling River - Weir 32 to downstream Burtundy,NSW,Lower Darling,,791,0
2022,1.0,1.0,1.0,1.0,73.0,73.0,73.0,73.0,73.0,73.0,1.0,0.0,365.0,SF1,hydrographs_LowerDarling,425007,Lower Darling River - Weir 32 to downstream Burtundy,NSW,Lower Darling,,273,1
2023,0.0,0.0,0.0,0.0,0.0,0.0,0.0,0.0,0.0,0.0,0.0,0.0,366.0,SF1,hydrographs_LowerDarling,425007,Lower Darling River - Weir 32 to downstream Burtundy,NSW,Lower Darling,,415,1
2024,0.0,0.0,0.0,0.0,0.0,0.0,0.0,0.0,0.0,0.0,0.0,0.0,281.0,SF1,hydrographs_LowerDarling,425007,Lower Darling River - Weir 32 to downstream Burtundy,NSW,Lower Darling,,696,1
2025,,,,,,,,,,,,,,SF1,hydrographs_LowerDarling,425007,Lower Darling River - Weir 32 to downstream Burtundy,NSW,Lower Darling,,0,1
