"Date","425007_level","425007_flow","425010_level","425010_flow","425012_level","425012_flow","425013_level","425013_flow","425019_level","425019_flow","425020_level","425022_level","425023_level","414203_flow","A4260505_flow","A4260509_level","A4260507_level","A4260509_flow","A4260507_flow","A4260505_level"
"2019-12-31",0.51,0,27.614,5637.565,0.648,0,0.289,0,51.501,0,56.446,53.062,53,43.371,24.091,20.537,21.624,21.424,25.057,23.616
"2020-01-01",0.51,0,27.63,5855.612,0.635,0,0.289,0,51.501,0,56.446,53.062,53,43.351,26.348,20.548,21.627,21.349,26.564,23.633
"2020-01-02",0.51,0,27.629,5847.123,0.624,0,0.289,0,51.501,0,56.446,53.062,53,43.334,27.74,20.631,21.651,22.812,28.351,23.649
"2020-01-03",0.51,0,27.628,5827.565,0.607,0,0.289,0,51.501,0,56.446,53.062,53,43.326,26.177,20.624,21.653,23.463,28.048,23.643
"2020-01-04",0.51,0,27.612,5597.666,0.593,0,0.289,0,51.501,0,56.446,53.062,53,43.313,24.943,20.602,21.632,22.261,26.248,23.626
"2020-01-05",0.51,0,27.646,6096.792,0.592,0,0.289,0,51.501,0,56.446,53.062,53,43.335,27.983,20.604,21.639,22.401,27.839,23.648
"2020-01-06",0.51,0,27.681,6628.69,0.592,0,0.289,0,51.501,0,56.446,53.062,53,43.378,32.479,20.606,21.71,26.78,32.384,23.707
"2020-01-07",0.51,0,27.673,6496.411,0.592,0,0.289,0,51.501,0,56.446,53.062,53,43.413,37.932,20.566,21.812,35.344,38.095,23.767
"2020-01-08",0.51,0,27.653,6194.512,0.592,0,0.289,0,51.501,0,56.446,53.062,53,43.432,38.397,20.585,21.708,34.82,37.545,23.67
"2020-01-09",0.51,0,27.643,6049.509,0.592,0,0.289,0,51.501,0,56.446,53.062,53,43.423,40.516,20.629,21.723,36.215,40.041,23.695
"2020-01-10",0.51,0,27.64,6005.031,0.592,0,0.289,0,51.501,0,56.446,53.062,53,43.414,39.344,20.609,21.709,35.19,38.908,23.688
"2020-01-11",0.51,0,27.656,6245.165,0.592,0,0.289,0,51.501,0,56.446,53.062,53,43.429,40.077,20.598,21.703,34.834,38.662,23.681
"2020-01-12",0.51,0,27.672,6486.859,0.592,0,0.289,0,51.501,0,56.446,53.062,53,43.439,41.3,20.593,21.721,35.86,39.969,23.689
"2020-01-13",0.51,0,27.657,6254.563,0.592,0,0.289,0,51.501,0,56.446,53.062,53,43.442,44.074,20.597,21.762,38.218,42.614,23.722
"2020-01-14",0.51,0,27.643,6048.759,0.592,0,0.289,0,51.501,0,56.446,53.062,53,43.454,42.271,20.588,21.779,36.808,40.565,23.737
"2020-01-15",0.51,0,27.627,5825.744,0.592,0,0.289,0,51.501,0,56.446,53.062,53,43.534,40.267,20.574,21.771,34.383,38.332,23.726
"2020-01-16",0.51,0,27.634,5921.329,0.592,0,0.289,0,51.501,0,56.446,53.062,53,43.57,37.16,20.563,21.747,29.413,34.685,23.716
"2020-01-17",0.51,0,27.655,6219.673,0.592,0,0.289,0,51.501,0,56.446,53.062,53,43.577,38.75,20.604,21.766,30.193,34.156,23.733
"2020-01-18",0.51,0,27.668,6414.475,0.592,0,0.289,0,51.501,0,56.446,53.062,53,43.585,38.652,20.617,21.788,32.042,29.655,23.747
"2020-01-19",0.51,0,27.704,7002.622,0.592,0,0.289,0,51.501,0,56.446,53.062,53,43.599,40.465,20.572,21.801,34.409,38.331,23.752
"2020-01-20",0.51,0,27.735,7531.478,0.592,0,0.289,0,51.501,0,56.446,53.062,53,43.618,52.919,20.551,21.853,45.089,50.367,23.798
"2020-01-21",0.51,0,27.739,7614.167,0.592,0,0.289,0,51.501,0,56.446,53.062,53,43.612,60.902,20.599,21.911,54.717,58.283,23.835
"2020-01-22",0.51,0,27.739,7615.495,0.592,0,0.289,0,51.501,0,56.446,53.062,53,43.614,62.606,20.571,21.913,58.204,59.742,23.819
"2020-01-23",0.51,0,27.716,7198.579,0.592,0,0.289,0,51.501,0,56.446,53.062,53,43.639,61.201,20.542,21.859,57.617,59.249,23.783
"2020-01-24",0.51,0,27.709,7084.741,0.592,0,0.289,0,51.501,0,56.446,53.062,53,43.656,60.897,20.577,21.841,55.425,58.621,23.778
"2020-01-25",0.51,0,27.7,6931.036,0.592,0,0.289,0,51.501,0,56.446,53.062,53,43.649,60.499,20.608,21.838,54.734,57.994,23.771
"2020-01-26",0.51,0,27.706,7034.166,0.592,0,0.289,0,51.501,0,56.446,53.062,53,43.637,61.306,20.61,21.833,54.318,57.367,23.772
"2020-01-27",0.51,0,27.714,7163.736,0.592,0,0.289,0,51.501,0,56.446,53.062,53,43.631,62.158,20.612,21.842,54.79,56.74,23.782
"2020-01-28",0.51,0,27.711,7106.981,0.592,0,0.289,0,51.501,0,56.446,53.062,53,43.624,62.961,20.619,21.852,55.718,56.113,23.789
"2020-01-29",0.51,0,27.699,6909.797,0.592,0,0.289,0,51.501,0,56.446,53.062,53,43.604,63.085,20.609,21.859,56.864,55.486,23.79
"2020-01-30",0.51,0,27.685,6684.524,0.592,0,0.289,0,51.501,0,56.446,53.062,53,43.559,61.315,20.566,21.851,55.815,54.859,23.783
"2020-01-31",0.51,0,27.681,6623.159,0.592,0,0.289,0,51.501,0,56.446,53.062,53,43.558,55.263,20.544,21.818,51.019,54.232,23.759
"2020-02-01",0.51,0,27.693,6818.946,0.592,0,0.289,0,51.501,0,56.446,53.062,53,43.561,54.227,20.554,21.801,48.841,53.605,23.753
"2020-02-02",0.51,0,27.701,6949.595,0.592,0,0.289,0,51.501,0,56.446,53.062,53,43.561,55.674,20.569,21.802,48.735,52.978,23.759
"2020-02-03",0.51,0,27.699,6918.558,0.592,0,0.289,0,51.501,0,56.446,53.062,53,43.559,56.177,20.568,21.812,49.69,52.351,23.762
"2020-02-04",0.51,0,27.682,6639.667,0.592,0,0.289,0,51.501,0,56.446,53.062,53,43.55,54.556,20.558,21.815,50.661,51.724,24.652
"2020-02-05",0.51,0,27.661,6312.811,0.592,0,0.289,0,51.501,0,56.446,53.062,53,43.548,53.816,20.559,21.812,51.292,51.097,26.639
"2020-02-06",0.51,0,27.649,6129.651,0.592,0,0.289,0,51.501,0,56.446,53.062,53,43.556,61.884,20.581,21.845,57.535,50.47,24.001
"2020-02-07",0.51,0,27.646,6095.887,0.592,0,0.289,0,51.501,0,56.446,53.062,53,43.548,64.324,20.555,21.838,58.87,49.843,23.786
"2020-02-08",0.51,0,27.625,5787.916,0.592,0,0.289,0,51.501,0,56.446,53.062,53,43.536,62.359,20.538,21.828,56.876,49.216,23.785
"2020-02-09",0.51,0,27.626,5802.401,0.592,0,0.289,0,51.501,0,56.446,53.062,53,43.494,60.65,20.556,21.821,54.788,48.588,23.776
"2020-02-10",0.51,0,27.628,5828.356,0.592,0,0.289,0,51.501,0,56.446,53.062,53,43.485,61.781,20.553,21.818,54.709,47.961,23.784
"2020-02-11",0.51,0,27.615,5654.297,0.592,0,0.289,0,51.501,0,56.446,53.062,53,43.551,61.027,20.584,21.811,53.81,47.334,23.773
"2020-02-12",0.51,0,27.605,5486.015,0.592,0,0.289,0,51.501,0,56.446,53.062,53,43.57,62.021,20.666,21.81,53.835,46.707,23.777
"2020-02-13",0.51,0,27.608,5532.66,0.592,0,0.289,0,51.501,0,56.446,53.062,53,43.509,61.541,20.673,21.806,52.935,46.08,23.766
"2020-02-14",0.51,0,27.604,5464.829,0.592,0,0.289,0,51.501,0,56.446,53.062,53,43.512,59.661,20.656,21.791,51.427,45.453,23.756
"2020-02-15",0.51,0,27.621,5730.008,0.592,0,0.289,0,51.501,0,56.446,53.062,53,43.519,62.51,20.673,21.797,52.218,44.826,23.773
"2020-02-16",0.51,0,27.634,5914.285,0.592,0,0.289,0,51.501,0,56.446,53.062,53,43.51,63.72,20.693,21.825,54.564,44.199,23.793
"2020-02-17",0.51,0,27.636,5945.708,0.592,0,0.289,0,51.501,0,56.446,53.062,53,43.499,61.543,20.693,21.842,56.314,43.572,23.804
"2020-02-18",0.51,0,27.623,5766.043,0.592,0,0.289,0,51.501,0,56.446,53.062,53,43.445,60.535,20.648,21.824,54.665,42.945,23.793
"2020-02-19",0.51,0,27.611,5591.148,0.592,0,0.289,0,51.501,0,56.446,53.062,53,43.434,61.069,20.661,21.829,55.665,42.318,23.797
"2020-02-20",0.51,0,27.594,5281.944,0.592,0,0.289,0,51.501,0,56.446,53.062,53,43.451,59.129,20.578,21.828,55.757,41.691,23.788
"2020-02-21",0.51,0,27.591,5235.139,0.592,0,0.289,0,51.501,0,56.446,53.062,53,43.461,58.359,20.263,21.812,53.704,41.064,23.776
"2020-02-22",0.51,0,27.578,5020.337,0.592,0,0.289,0,51.501,0,56.446,53.062,53,43.473,53.158,20.191,21.782,49.751,40.437,23.759
"2020-02-23",0.51,0,27.568,4849.963,0.592,0,0.289,0,51.501,0,56.446,53.062,53,43.486,53.286,20.243,21.782,49.922,39.81,23.755
"2020-02-24",0.51,0,27.591,5248.063,0.592,0,0.289,0,51.501,0,56.446,53.062,53,43.498,57.095,20.268,21.789,50.25,39.182,23.769
"2020-02-25",0.51,0,27.609,5543.899,0.592,0,0.289,0,51.501,0,56.446,53.062,53,43.504,57.749,20.279,21.792,50.046,38.555,23.772
"2020-02-26",0.51,0,27.619,5705.64,0.592,0,0.289,0,51.501,0,56.446,53.062,53,43.514,57.384,20.312,21.795,49.236,37.928,23.777
"2020-02-27",0.51,0,27.626,5807.663,0.592,0,0.289,0,51.501,0,56.446,53.062,53,43.518,53.043,20.278,21.781,46.448,37.301,23.768
"2020-02-28",0.51,0,27.618,5698.788,0.592,0,0.289,0,51.501,0,56.446,53.062,53,43.513,50.98,20.108,21.778,46.66,36.674,23.758
"2020-02-29",0.51,0,27.615,5651.538,0.592,0,0.289,0,51.501,0,56.446,53.062,53,43.496,50.522,20.114,21.768,45.959,36.047,23.746
"2020-03-01",0.51,0,27.612,5596.107,0.592,0,0.289,0,51.501,0,56.446,53.062,53,43.466,48.718,20.319,21.758,44.948,35.42,23.733
"2020-03-02",0.51,0,27.627,5824.314,0.592,0,0.289,0,51.501,0,56.446,53.062,53,43.447,50.824,20.559,21.757,44.816,34.793,23.748
"2020-03-03",0.51,0,27.66,6303.458,0.592,0,0.289,0,51.501,0,56.446,53.062,53,43.399,54.551,20.319,21.792,47.24,34.166,23.787
"2020-03-04",0.51,0,27.702,6968.934,0.592,0,0.289,0,51.501,0,56.446,53.062,53,43.384,56.041,20.336,21.83,51.101,33.539,23.809
"2020-03-05",0.51,0,27.681,6626.159,0.592,0,0.289,0,51.501,0,56.446,53.062,53,43.369,52.519,20.268,21.805,49.671,32.912,23.776
"2020-03-06",0.51,0,27.649,6138.396,0.592,0,0.289,0,51.501,0,56.446,53.062,53,43.357,49.914,20.246,21.775,47.122,32.285,23.747
"2020-03-07",0.51,0,27.627,5822.451,0.592,0,0.289,0,51.501,0,56.446,53.062,53,43.329,48.395,20.259,21.749,44.261,31.658,23.731
"2020-03-08",0.51,0,27.621,5732.519,0.592,0,0.289,0,51.501,0,56.446,53.062,53,43.291,49.244,20.267,21.743,43.217,31.031,23.73
"2020-03-09",0.51,0,27.611,5593.051,0.592,0,0.289,0,51.501,0,56.446,53.062,53,43.222,49.693,20.284,21.752,43.727,30.404,23.734
"2020-03-10",0.51,0,27.586,5158.049,0.592,0,0.289,0,51.501,0,56.726,53.062,53,43.171,50.666,20.267,21.755,44.593,29.777,23.747
"2020-03-11",0.51,0,27.561,4733.753,0.592,0,0.289,0,51.501,0,58.215,53.062,53,43.132,49.413,20.253,21.743,44.973,29.149,23.741
"2020-03-12",0.51,0,27.56,4734.17,0.592,0,0.289,0,51.501,0,59.248,53.062,53,43.099,46.563,20.264,21.725,41.961,28.522,23.731
"2020-03-13",0.51,0,27.538,4393.851,0.592,0,0.289,0,51.501,0,59.708,53.062,53,43.123,37.236,20.274,21.655,32.157,27.895,23.704
"2020-03-14",0.51,0,27.53,4280.241,0.592,0,0.289,0,51.501,0,59.888,53.062,53,43.132,36.8,20.263,21.68,31.916,27.268,23.709
"2020-03-15",0.51,0,27.5,3881.143,0.592,0,0.289,0,51.501,0,59.941,53.062,53,43.127,35.273,20.263,21.689,32.24,26.641,23.706
"2020-03-16",0.51,0,27.465,3450.281,0.592,0,0.289,0,51.501,0,59.977,53.062,53,43.132,29.038,20.199,21.668,27.989,26.014,23.676
"2020-03-17",0.51,0,27.483,3654.016,0.592,0,0.289,0,51.501,0,60.012,53.062,53,43.125,21.075,20.054,21.591,20.212,25.387,23.628
"2020-03-18",0.51,0,27.509,3983.988,0.592,0,0.289,0,51.501,0,60.114,53.062,53,43.107,21.679,20.031,21.582,17.783,24.76,23.639
"2020-03-19",0.51,0,27.524,4192.062,0.594,0,0.289,0,51.501,0,60.361,53.062,53,43.087,21.714,20.064,21.619,16.508,24.133,23.64
"2020-03-20",0.51,0,27.53,4271.382,0.646,0,0.289,0,51.501,0,60.637,53.062,53,43.063,22.15,20.091,21.632,17.161,23.506,23.64
"2020-03-21",0.51,0,27.529,4267.163,0.74,0,0.289,0,51.501,0,60.886,53.062,53,43.047,21.635,20.095,21.639,17.744,22.879,23.638
"2020-03-22",0.51,0,27.523,4174.613,0.843,0,0.289,0,51.501,0,61.105,53.062,53,42.992,21.484,20.074,21.638,17.628,22.252,23.631
"2020-03-23",0.51,0,27.526,4215.184,0.941,0,0.289,0,51.501,0,61.284,53.062,53,42.927,21.659,20.052,21.633,17.571,21.625,23.632
"2020-03-24",0.51,0,27.529,4262.726,1.008,0,0.289,0,51.501,0,61.403,53.062,53,42.867,21.834,20.05,21.639,17.723,21.005,23.639
"2020-03-25",0.51,0,27.522,4163.378,1.101,20.117,0.289,0,51.501,0,61.462,53.062,53,42.827,21.653,20.054,21.64,17.648,20.527,23.64
"2020-03-26",0.51,0,27.5,3869.184,1.368,307.791,0.289,0,51.501,0,61.48,53.062,53,42.798,21.093,20.062,21.64,17.639,20.416,23.638
"2020-03-27",0.51,0,27.462,3408.961,1.725,1191.542,0.289,0,51.501,0,61.481,53.062,53,42.775,19.75,20.037,21.633,17.442,19.861,23.626
"2020-03-28",0.51,0,27.429,3058.995,1.95,2162.496,0.289,0,51.501,0,61.462,53.168,53,42.746,18.327,20.028,21.607,16.425,18.438,23.609
"2020-03-29",0.51,0,27.432,3082.249,2.086,2906.475,0.289,0,51.501,0,61.426,53.916,53,42.718,16.421,20.031,21.578,14.002,16.285,23.598
"2020-03-30",0.51,0,27.45,3275.443,2.143,3260.692,0.289,0,51.501,0,61.394,54.054,53,42.716,13.624,19.977,21.538,8.752,12.993,23.595
"2020-03-31",0.51,0,27.483,3663.171,2.191,3568.317,0.289,0,51.501,0,61.364,54.131,53,42.742,14.489,19.988,21.562,7.764,14.027,23.618
"2020-04-01",0.51,0,27.49,3747.635,2.136,3211.637,0.289,0,51.501,0,61.345,54.104,53,42.816,14.707,19.989,21.607,9.142,15.354,23.643
"2020-04-02",0.51,0,27.491,3764.433,2.119,3106.889,0.289,0,51.501,0,61.329,54.079,53,42.927,16.002,19.891,21.619,11.649,16.944,23.64
"2020-04-03",0.51,0,27.526,4217.776,2.115,3079.255,0.289,0,51.501,0,61.311,54.073,53,42.986,23.57,19.864,21.646,19.824,24.051,23.663
"2020-04-04",0.51,0,27.497,3834.007,2.114,3071.515,0.289,0,51.501,0,61.304,54.071,53,42.993,23.382,19.872,21.636,20.366,23.946,23.647
"2020-04-05",0.51,0,27.469,3492.904,2.097,2973.234,0.289,0,51.501,0,61.302,54.054,53,43.007,21.878,19.882,21.617,19.634,22.914,23.629
"2020-04-06",0.51,0,27.475,3558.285,2.059,2743.915,0.289,0,51.501,0,61.334,54.002,53,43.004,22.313,19.889,21.603,18.74,22.397,23.623
"2020-04-07",0.51,0,27.488,3720.348,2.04,2635.349,0.289,0,51.501,0,61.363,53.977,53,43.001,23.677,19.892,21.612,18.835,23.074,23.632
"2020-04-08",0.51,0,27.497,3836.623,2.033,2594.618,0.289,0,51.501,0,61.396,53.969,53,43.025,24.888,19.908,21.637,19.365,24.222,23.644
"2020-04-09",0.51,0,27.503,3906.641,2.004,2431.983,0.289,0,51.501,0,61.429,53.933,53,43.04,25.563,19.931,21.711,19.519,25.123,23.661
"2020-04-10",0.802,556.921,27.518,4107.181,1.959,2193.823,0.289,0,51.501,0,61.451,53.879,53,43.038,25.044,19.896,21.777,19.579,25.317,23.667
"2020-04-11",1.383,1602.531,27.501,3885.971,1.909,1944.819,0.289,0,51.501,0,61.478,53.819,53,43.035,25.512,19.848,21.837,18.956,24.973,23.661
"2020-04-12",1.617,1921.426,27.555,4696.436,1.856,1701.973,0.289,0,51.501,0,61.5,53.756,53,43.045,26.874,19.87,21.925,18.528,25.868,23.667
"2020-04-13",1.712,2043.467,27.648,6119.763,1.799,1457.428,0.289,0,51.501,0,61.513,53.694,53,43.093,29.881,19.909,22.015,20.515,27.909,23.693
"2020-04-14",1.743,2083.031,27.702,6989.569,1.7,1079.306,0.289,0,51.501,0,61.523,53.581,53,43.142,29.591,19.913,22.089,23.298,29.045,23.704
"2020-04-15",1.736,2074.414,27.664,6365.939,1.628,845.557,0.289,0,51.501,0,61.534,53.503,53,43.202,26.302,19.867,22.1,24.387,27.258,23.68
"2020-04-16",1.699,2027.777,27.618,5694.888,1.51,544.746,0.289,0,51.501,0,61.568,53.381,53,43.25,21.677,19.786,22.066,21.087,22.798,23.636
"2020-04-17",1.638,1949.542,27.612,5607.8,1.453,423.606,0.289,0,51.501,0,61.592,53.318,53,43.291,16.838,19.782,22.037,14.647,17.668,23.612
"2020-04-18",1.561,1848.669,27.62,5720.709,1.435,388.625,0.289,0,51.501,0,61.607,53.299,53,43.29,17.474,19.796,22.021,13.817,17.19,23.614
"2020-04-19",1.476,1733.715,27.641,6024.144,1.428,375.169,0.289,0,51.501,0,61.615,53.289,53,43.307,18.964,19.823,22.024,13.954,18.133,23.629
"2020-04-20",1.371,1587.124,27.667,6404.517,1.425,368.032,0.289,0,51.501,0,61.61,53.288,53,43.299,19.953,19.834,22.039,14.995,19.093,23.632
"2020-04-21",1.247,1408.274,27.692,6793.884,1.425,368.476,0.289,0,51.501,0,61.586,53.287,53,43.248,20.567,19.826,22.044,15.822,19.697,23.639
"2020-04-22",1.122,1212.603,27.701,6950.239,1.419,357.993,0.289,0,51.501,0,61.561,53.28,53,43.172,20.462,19.837,22.059,16.728,20.197,23.642
"2020-04-23",1.024,1015.169,27.651,6181.752,1.412,344.119,0.289,0,51.501,0,61.538,53.274,53,43.076,20.066,19.853,22.06,16.99,20.072,23.647
"2020-04-24",0.966,853.866,27.603,5443.672,1.41,341.757,0.289,0,51.501,0,61.517,53.271,53,43.016,20.323,19.929,22.062,17.032,20.002,23.643
"2020-04-25",0.924,723.882,27.619,5711.589,1.411,342.893,0.289,0,51.501,0,61.495,53.272,53,43.027,21.66,19.811,22.069,17.547,20.948,23.652
"2020-04-26",0.892,613.673,27.626,5812.265,1.416,352.646,0.289,0,51.501,0,61.478,53.279,53,43.002,21.968,19.5,22.072,17.901,21.175,23.659
"2020-04-27",0.862,514.232,27.614,5623.12,1.421,360.906,0.289,0,51.501,0,61.464,53.282,53,42.971,22.295,19.911,22.082,18.4,21.699,23.66
"2020-04-28",0.842,448.377,27.593,5278.426,1.427,372.865,0.289,0,51.501,0,61.458,53.289,53,42.949,21.568,19.954,22.094,19.015,22.271,23.664
"2020-04-29",0.827,402.925,27.588,5186.748,1.425,369.561,0.289,0,51.501,0,61.444,53.288,53,42.938,20.225,19.932,22.102,19.234,22.988,23.672
"2020-04-30",0.818,375.47,27.586,5152.45,1.406,334.408,0.289,0,51.501,0,61.406,53.269,53,42.923,19.01,19.911,22.077,17.557,19.569,23.652
"2020-05-01",0.813,358.709,27.589,5202.247,1.344,231.611,0.289,0,51.501,0,61.393,53.205,53,42.926,19.672,19.942,22.061,16.722,19.224,23.648
"2020-05-02",0.803,332.156,27.573,4930.585,1.311,185.348,0.289,0,51.501,0,61.388,53.174,53,42.933,20.31,19.959,22.06,16.827,19.785,23.641
"2020-05-03",0.793,304.882,27.536,4370.989,1.315,190.62,0.289,0,51.501,0,61.388,53.177,53,42.948,19.526,19.958,22.058,16.758,19.586,23.636
"2020-05-04",0.786,285.107,27.495,3805.457,1.33,210.811,0.289,0,51.501,0,61.398,53.192,53,42.961,17.455,19.946,22.044,15.993,18.024,23.617
"2020-05-05",0.779,267.749,27.469,3492.032,1.332,213.822,0.289,0,51.501,0,61.417,53.192,53,42.995,16.34,19.884,22.019,14.761,16.629,23.599
"2020-05-06",0.775,257.796,27.478,3605.195,1.331,212.508,0.289,0,51.501,0,61.418,53.19,53,43.009,16.352,19.738,22.008,13.812,16.048,23.593
"2020-05-07",0.772,249.438,27.507,3960.61,1.326,204.597,0.289,0,51.501,0,61.374,53.188,53,42.998,17.18,19.737,21.992,13.923,16.401,23.604
"2020-05-08",0.767,236.408,27.551,4594.565,1.322,199.657,0.289,0,51.501,0,61.34,53.184,53,43.01,19.234,19.687,21.942,15.683,17.694,23.621
"2020-05-09",0.762,225.802,27.555,4645.24,1.321,198.214,0.289,0,51.501,0,61.326,53.184,53,43.043,20.603,19.627,21.864,15.747,19.098,23.632
"2020-05-10",0.757,214.343,27.564,4786.177,1.327,206.057,0.289,0,51.501,0,61.316,53.188,53,43.217,19.395,19.608,21.805,15.276,18.865,23.637
"2020-05-11",0.749,196.002,27.605,5456.236,1.338,222.59,0.289,0,51.501,0,61.306,53.199,53,43.509,13.318,19.604,21.718,11.66,14.171,23.606
"2020-05-12",0.738,170.496,27.639,5988.772,1.338,222.956,0.289,0,51.501,0,61.292,53.2,53,43.808,6.199,19.524,21.609,8.094,8.892,23.533
"2020-05-13",0.728,150.167,27.68,6614.171,1.338,222.205,0.289,0,51.501,0,61.276,53.2,53,43.989,11.757,19.535,21.549,5.215,9.8,23.559
"2020-05-14",0.718,131.51,27.764,7999.495,1.333,214.519,0.289,0,51.501,0,61.255,53.195,53,44.105,15.108,19.618,21.577,7.312,13.711,23.606
"2020-05-15",0.712,119.857,27.876,9653.802,1.332,213.567,0.289,0,51.501,0,61.228,53.193,53,44.167,21.637,19.637,21.647,14.304,19.883,23.642
"2020-05-16",0.708,112.228,27.987,11378.469,1.331,212.882,0.289,0,51.501,0,61.19,53.192,53,44.206,25.033,19.628,21.696,17.452,22.929,23.666
"2020-05-17",0.705,107.194,28.03,12029.011,1.334,216.583,0.289,0,51.501,0,61.143,53.193,53,44.215,26.137,19.612,21.732,19.225,24.747,23.695
"2020-05-18",0.703,104.322,28.083,12798.007,1.335,218.556,0.289,0,51.501,0,61.096,53.194,53,44.194,26.823,19.642,21.767,19.15,25.101,23.729
"2020-05-19",0.7,99.178,28.119,13336.741,1.33,210.714,0.289,0,51.501,0,61.063,53.19,53,44.139,33.238,19.871,21.841,28.006,30.121,23.772
"2020-05-20",0.698,94.352,28.139,13650.786,1.322,199.595,0.289,0,51.501,0,61.055,53.184,53,44.043,39.361,20.032,21.896,36.46,25.795,23.789
"2020-05-21",0.698,95.586,28.143,13723.548,1.324,201.735,0.289,0,51.501,0,61.069,53.185,53,44.016,45.513,20.156,21.902,41.056,20.504,23.79
"2020-05-22",0.699,96.723,28.132,13542.908,1.324,202.366,0.289,0,51.501,0,61.083,53.184,53,44.02,45.807,20.202,21.907,41.898,15.213,23.788
"2020-05-23",0.7,99.226,28.094,12959.499,1.323,200.031,0.289,0,51.501,0,61.096,53.183,53,44.024,44.119,20.187,21.896,41.524,9.921,23.774
"2020-05-24",0.705,106.261,28.049,12295.124,1.326,204.853,0.289,0,51.501,0,61.114,53.185,53,44.038,39.985,20.176,21.861,38.811,4.63,23.736
"2020-05-25",0.706,109.195,28.049,12294.353,1.326,204.543,0.289,0,51.501,0,61.127,53.184,53,44.052,34.785,20.189,21.788,33.847,0.372,23.684
"2020-05-26",0.707,110.871,28.063,12503.13,1.327,206.581,0.289,0,51.501,0,61.136,53.185,53,44.06,34.784,20.19,21.762,31.338,0.349,23.68
"2020-05-27",0.709,114.022,28.068,12563.234,1.328,207.573,0.289,0,51.501,0,61.145,53.186,53,44.067,35.438,20.17,21.762,31.2,2.008,23.682
"2020-05-28",0.712,119.282,28.073,12642.709,1.337,220.667,0.289,0,51.501,0,61.152,53.194,53,44.063,35.966,20.089,21.769,31.733,3.793,23.689
"2020-05-29",0.713,121.267,28.076,12685.911,1.343,230.285,0.289,0,51.501,0,61.16,53.2,53,44.049,36.378,20.025,21.772,32.057,5.578,23.692
"2020-05-30",0.713,121.249,28.078,12720.988,1.344,230.914,0.289,0,51.501,0,61.163,53.2,53,44.033,35.984,19.959,21.786,31.654,7.363,23.706
"2020-05-31",0.712,119.865,28.092,12931.009,1.339,224.41,0.289,0,51.501,0,61.165,53.197,53,44.02,34.515,19.833,21.804,28.125,9.147,23.731
"2020-06-01",0.716,126.489,28.102,13073.348,1.345,233.146,0.289,0,51.501,0,61.167,53.203,53,44.007,31.614,19.783,21.798,24.933,10.932,23.744
"2020-06-02",0.716,127.325,28.107,13162.226,1.347,235.989,0.289,0,51.501,0,61.167,53.206,53,43.986,32.451,19.794,21.827,25.939,12.717,23.768
"2020-06-03",0.716,127.832,28.106,13135.353,1.347,236.361,0.289,0,51.501,0,61.169,53.205,53,43.958,33.222,19.764,21.867,24.74,14.502,23.8
"2020-06-04",0.715,124.61,28.098,13023.893,1.347,236.743,0.289,0,51.501,0,61.172,53.204,53,43.926,33.21,19.795,21.902,26.709,16.287,23.812
"2020-06-05",0.713,121.814,28.087,12850.412,1.347,236.246,0.289,0,51.501,0,61.175,53.203,53,43.894,32.639,19.782,21.926,25.818,18.072,23.828
"2020-06-06",0.712,119.097,28.065,12522.646,1.342,229.222,0.289,0,51.501,0,61.175,53.2,53,43.858,31.178,19.766,21.953,23.421,19.857,23.856
"2020-06-07",0.712,119.357,28.006,11700.026,1.341,227.433,0.289,0,51.501,0,61.176,53.199,53,43.801,28.932,19.804,21.962,23.803,21.641,23.844
"2020-06-08",0.713,120.683,27.989,11461.549,1.343,230.252,0.289,0,51.501,0,61.179,53.2,53,43.75,25.861,19.794,21.935,22.436,23.426,23.817
"2020-06-09",0.712,119.825,27.992,11498.227,1.346,233.938,0.289,0,51.501,0,61.183,53.202,53,43.756,25.067,19.767,21.907,20.707,24.722,23.801
"2020-06-10",0.713,122.059,27.97,11139.791,1.348,237.067,0.289,0,51.501,0,61.186,53.203,53,43.749,24.36,19.756,21.889,19.617,24.159,23.798
"2020-06-11",0.717,128.648,27.947,10754.197,1.349,239.203,0.289,0,51.501,0,61.19,53.204,53,43.733,22.936,19.749,21.876,18.821,23.272,23.786
"2020-06-12",0.718,131.261,27.936,10563.127,1.349,239.007,0.289,0,51.501,0,61.193,53.203,53,43.717,22.009,19.692,21.859,17.922,21.762,23.771
"2020-06-13",0.721,136.425,27.93,10470.414,1.347,236.778,0.289,0,51.501,0,61.194,53.202,53,43.726,21.172,19.713,21.848,16.886,19.714,23.768
"2020-06-14",0.724,141.847,27.922,10345.264,1.346,234.949,0.289,0,51.501,0,61.194,53.201,53,43.779,20.82,19.731,21.836,16.658,20.991,23.752
"2020-06-15",0.725,144.225,27.922,10344.76,1.338,222.495,0.289,0,51.501,0,61.194,53.193,53,43.905,21.062,19.733,21.812,17.92,21.873,23.718
"2020-06-16",0.726,145.799,27.921,10319.515,1.333,215.161,0.289,0,51.501,0,61.194,53.187,53,43.987,21.073,19.716,21.78,16.506,21.061,23.701
"2020-06-17",0.725,144.007,27.945,10712.248,1.311,184.644,0.289,0,51.501,0,61.194,53.165,53,44.029,21.786,19.729,21.773,15.991,21.055,23.704
"2020-06-18",0.724,141.523,27.998,11570.828,1.302,173.875,0.289,0,51.501,0,61.198,53.155,53,44.044,24.437,19.734,21.786,16.539,NA,23.728
"2020-06-19",0.717,129.124,28.039,12156.815,1.298,168.649,0.289,0,51.501,0,61.197,53.15,53,44.015,28.069,19.744,21.819,18.432,NA,23.767
"2020-06-20",0.717,128.491,28.074,12661.396,1.307,179.446,0.289,0,51.501,0,61.192,53.159,53,43.983,31.194,19.729,21.866,20.971,NA,23.802
"2020-06-21",0.722,139.026,28.112,13232.922,1.329,209.442,0.289,0,51.501,0,61.191,53.183,53,43.908,33.771,19.725,21.911,23.048,NA,23.834
"2020-06-22",0.726,147.137,28.139,13647.575,1.343,230.552,0.289,0,51.501,0,61.189,53.197,53,43.831,36.438,19.739,21.977,22.628,NA,23.902
"2020-06-23",0.728,149.509,28.14,13664.955,1.343,230.323,0.289,0,51.501,0,61.192,53.196,53,43.807,38.66,19.749,22.063,25.322,NA,23.961
"2020-06-24",0.725,145.074,28.126,13442.256,1.339,223.837,0.289,0,51.501,0,61.189,53.192,53,43.772,39.252,19.791,22.134,30.924,NA,23.977
"2020-06-25",0.717,128.375,28.075,12676.645,1.338,222.386,0.289,0,51.501,0,61.185,53.19,53,43.754,38.004,19.828,22.157,32.873,NA,23.982
"2020-06-26",0.709,114.713,28.033,12071.728,1.335,218.373,0.289,0,51.501,0,61.181,53.187,53,43.753,36.136,19.813,22.125,30.166,NA,24.017
"2020-06-27",0.704,105.187,28.025,11954.021,1.328,208.265,0.289,0,51.501,0,61.177,53.181,53,43.786,36.083,19.845,22.132,30.584,NA,24.022
"2020-06-28",0.705,107.615,28.026,11970.939,1.328,207.893,0.289,0,51.501,0,61.175,53.18,53,43.884,39.446,19.854,22.157,32.41,NA,24.047
"2020-06-29",0.705,106.375,28.022,11910.843,1.329,209.129,0.289,0,51.501,0,61.174,53.179,53,43.959,50.795,19.95,22.24,40.447,NA,24.119
"2020-06-30",0.699,96.86,28.017,11843.383,1.333,215.357,0.289,0,51.501,0,61.172,53.182,53,43.996,59.944,20.176,22.324,56.588,NA,24.169
"2020-07-01",0.694,89.168,28.054,12367.585,1.33,211.178,0.289,0,51.501,0,61.165,53.181,53,44.051,71.128,20.383,22.339,70.522,NA,24.186
"2020-07-02",0.697,93.866,28.106,13142.081,1.329,209.26,0.289,0,51.501,0,61.158,53.18,53,44.091,86.782,20.553,22.388,84.572,NA,24.226
"2020-07-03",0.704,106.108,28.088,12867.498,1.33,210.164,0.289,0,51.501,0,61.153,53.182,53,44.128,99.826,20.699,22.448,98.116,NA,24.277
"2020-07-04",0.71,116.72,28.068,12566.894,1.33,210.352,0.289,0,51.501,0,61.15,53.182,53,44.181,97.756,20.697,22.427,96.654,NA,24.252
"2020-07-05",0.716,127.511,28.095,12979.214,1.33,211.354,0.289,0,51.501,0,61.146,53.183,53,44.295,98.085,20.678,22.42,94.195,NA,24.259
"2020-07-06",0.719,133.436,28.113,13242.811,1.331,212.404,0.289,0,51.501,0,61.143,53.183,53,44.373,107.717,20.765,22.457,102.107,NA,24.297
"2020-07-07",0.72,135.234,28.125,13442.299,1.332,214.253,0.289,0,51.501,0,61.14,53.184,53,44.379,113.725,20.814,22.494,106.503,NA,24.337
"2020-07-08",0.72,134.046,28.192,14541.967,1.333,214.477,0.289,0,51.501,0,61.138,53.184,53,44.387,122.471,20.892,22.547,113.454,NA,24.399
"2020-07-09",0.72,134.639,28.236,15291.586,1.335,218.575,0.289,0,51.501,0,61.135,53.186,53,44.379,142.087,21.098,22.656,131.448,NA,24.513
"2020-07-10",0.718,130.944,28.23,15180.753,1.334,216.444,0.289,0,51.501,0,61.13,53.185,53,44.37,150.225,21.217,22.709,140.403,NA,24.559
"2020-07-11",0.716,127.776,28.228,15151.07,1.336,219.568,0.289,0,51.501,0,61.127,53.188,53,44.359,150.94,21.243,22.717,140.865,NA,24.572
"2020-07-12",0.716,127.758,28.237,15296.349,1.335,218.303,0.289,0,51.501,0,61.122,53.187,53,44.333,153.905,21.279,22.726,143.322,NA,24.595
"2020-07-13",0.716,127.794,28.233,15233.553,1.335,218.688,0.289,0,51.501,0,61.119,53.187,53,44.26,161.803,21.354,22.781,151.682,NA,24.646
"2020-07-14",0.716,127.02,28.192,14521.661,1.334,216.75,0.289,0,51.501,0,61.117,53.186,53,44.213,162.143,21.386,22.792,154.273,NA,24.641
"2020-07-15",0.714,124.016,28.149,13808.436,1.332,213.527,0.289,0,51.501,0,61.113,53.183,53,44.21,157.519,21.369,22.763,151.273,NA,24.606
"2020-07-16",0.715,124.823,28.141,13685.945,1.332,213.829,0.289,0,51.501,0,61.109,53.183,53,44.211,154.786,21.326,22.732,147.636,NA,24.584
"2020-07-17",0.713,120.767,28.129,13496.568,1.331,212.803,0.289,0,51.501,0,61.106,53.182,53,44.23,154.382,21.302,22.728,145.582,NA,24.587
"2020-07-18",0.708,112.934,28.12,13355.357,1.327,206.908,0.289,0,51.501,0,61.098,53.178,53,44.254,152.88,21.298,22.718,143.929,NA,24.578
"2020-07-19",0.709,113.487,28.109,13186.142,1.327,205.753,0.289,0,51.501,0,61.092,53.178,53,44.277,151.648,21.284,22.711,141.521,NA,24.571
"2020-07-20",0.707,111.006,28.113,13244.159,1.327,206.74,0.289,0,51.501,0,61.086,53.18,53,44.289,151.012,21.262,22.712,139.384,NA,24.572
"2020-07-21",0.709,113.508,28.116,13286.613,1.328,208.134,0.289,0,51.501,0,61.08,53.18,53,44.319,151.307,21.262,22.719,139.736,NA,24.579
"2020-07-22",0.712,118.707,28.132,13550.845,1.33,211.205,0.289,0,51.501,0,61.077,53.182,53,44.354,149.379,21.298,22.711,137.963,NA,24.567
"2020-07-23",0.712,119.383,28.141,13691.56,1.332,214.119,0.289,0,51.501,0,61.076,53.183,53,44.37,141.33,21.373,22.68,129.946,NA,24.526
"2020-07-24",0.712,120.129,28.154,13896.324,1.332,213.698,0.289,0,51.501,0,61.073,53.183,53,44.388,140.514,21.308,22.673,129.579,NA,24.534
"2020-07-25",0.712,120.114,28.195,14576.444,1.329,208.781,0.289,0,51.501,0,61.061,53.181,53,44.409,142.518,21.288,22.686,130.32,NA,24.551
"2020-07-26",0.71,116.117,28.209,14809.337,1.327,206.795,0.289,0,51.501,0,61.053,53.18,53,44.42,144.343,21.317,22.708,131.98,NA,24.562
"2020-07-27",0.712,119.13,28.213,14885.299,1.33,211.284,0.289,0,51.501,0,61.051,53.182,53,44.413,143.525,21.35,22.71,131.719,NA,24.567
"2020-07-28",0.712,119.215,28.207,14775.829,1.331,212.732,0.289,0,51.501,0,61.049,53.183,53,44.339,141.969,21.351,22.706,131.639,NA,24.556
"2020-07-29",0.708,112.739,28.198,14616.28,1.33,211.165,0.289,0,51.501,0,61.044,53.182,53,44.239,136.941,21.289,22.673,127.678,NA,24.526
"2020-07-30",0.709,113.733,28.194,14561.663,1.332,213.437,0.289,0,51.501,0,61.041,53.183,53,44.184,126.858,21.149,22.612,116.066,NA,24.467
"2020-07-31",0.708,112.375,28.188,14448.589,1.332,213.472,0.289,0,51.501,0,61.036,53.183,53,44.054,121.62,21.045,22.601,113.533,NA,24.439
"2020-08-01",0.706,108.171,28.127,13479.408,1.332,214.299,0.289,0,51.501,0,61.031,53.183,53,43.961,119.39,21.039,22.596,112.796,NA,24.426
"2020-08-02",0.703,103.764,28.086,12841.802,1.33,210.382,0.289,0,51.501,0,61.025,53.181,53,43.873,113.511,21.012,22.554,107.76,NA,24.393
"2020-08-03",0.703,103.889,28.041,12187.1,1.326,205.383,0.289,0,51.501,0,61.015,53.18,53,43.767,95.364,20.743,22.429,86.838,NA,24.317
"2020-08-04",0.704,104.946,28.001,11622.425,1.33,210.809,0.289,0,51.501,0,61.011,53.183,53,43.67,74.455,20.413,22.302,60.937,NA,24.263
"2020-08-05",0.704,104.416,27.952,10842.558,1.331,212.778,0.289,0,51.501,0,61.008,53.185,53,43.659,67.731,20.281,22.279,55.979,NA,24.286
"2020-08-06",0.714,123.647,27.938,10608.788,1.342,218.279,0.289,0,51.501,0,61.007,53.196,53,43.685,52.544,20.12,22.222,39.352,NA,24.305
"2020-08-07",0.719,132.247,27.949,10780.251,1.345,211.664,0.289,0,51.501,0,61.01,53.197,53,43.681,54.21,20.084,22.245,39.399,NA,24.386
"2020-08-08",0.72,133.756,27.937,10577.142,1.34,206.394,0.289,0,51.501,0,61.003,53.194,53,43.641,54,20.119,22.268,42.384,NA,24.402
"2020-08-09",0.723,140.137,27.931,10482.934,1.341,207.234,0.289,0,51.501,0,60.999,53.193,53,43.532,53.975,20.149,22.266,42.411,NA,24.416
"2020-08-10",0.723,139.474,27.92,10308.05,1.341,206.999,0.289,0,51.501,0,61.001,53.192,53,43.383,58.855,20.375,22.269,45.925,NA,24.458
"2020-08-11",0.723,140.517,27.884,9753.972,1.336,201.975,0.289,0,51.501,0,60.994,53.187,53,43.276,73.829,20.727,22.326,61.789,NA,24.538
"2020-08-12",0.725,143.443,27.866,9480.123,1.332,197.406,0.289,0,51.501,0,60.99,53.182,53,43.212,74.585,20.423,22.323,59.973,NA,24.596
"2020-08-13",0.725,144.703,27.816,8781.729,1.334,199.221,0.289,0,51.501,0,60.989,53.184,53,43.216,69.722,21.044,22.293,56.317,NA,24.626
"2020-08-14",0.728,151.119,27.785,8370.697,1.333,198.57,0.289,0,51.501,0,60.988,53.184,53,43.209,58.387,20.891,22.258,48.741,NA,24.618
"2020-08-15",0.726,145.37,27.751,7822.192,1.33,194.65,0.289,0,51.501,0,60.983,53.182,53,43.207,54.401,20.732,22.237,46.76,NA,24.604
"2020-08-16",0.726,145.824,27.709,7078.84,1.332,197.04,0.289,0,51.501,0,60.983,53.182,53,43.177,51.725,20.63,22.212,43.716,NA,24.584
"2020-08-17",0.725,143.496,27.691,6784.665,1.331,196.014,0.289,0,51.501,0,60.976,53.181,53,43.175,46.029,20.448,22.196,36.541,NA,24.601
"2020-08-18",0.72,135.518,27.697,6885.272,1.334,199.274,0.288,0,51.501,0,60.96,53.182,53,43.212,44.968,20.522,22.237,32.087,NA,24.644
"2020-08-19",0.721,135.874,27.686,6703.336,1.34,206.189,0.288,0,51.501,0,60.966,53.191,53,43.287,47.407,20.581,22.244,33.357,NA,24.673
"2020-08-20",0.721,135.987,27.693,6813.893,1.341,206.666,0.288,0,51.501,0,60.965,53.191,53,43.364,48.253,20.54,22.263,35.927,NA,24.691
"2020-08-21",0.72,134.762,27.726,7376.068,1.334,199.843,0.288,0,51.501,0,60.961,53.187,53,43.403,48.93,20.424,22.27,37.375,NA,24.697
"2020-08-22",0.721,137.269,27.737,7568.539,1.334,199.588,0.288,0,51.501,0,60.968,53.188,53,43.461,48.511,20.369,22.242,38.419,NA,24.688
"2020-08-23",0.72,135.391,27.772,8146.801,1.333,198.563,0.288,0,51.501,0,60.974,53.187,53,43.543,52.241,20.42,22.251,41.425,NA,24.687
"2020-08-24",0.72,134.713,27.793,8476.275,1.334,199.836,0.288,0,51.501,0,60.978,53.188,53,43.613,67.996,20.707,22.307,57.651,NA,24.719
"2020-08-25",0.717,129.534,27.767,8107.868,1.335,200.277,0.288,0,51.501,0,60.982,53.187,53,43.631,80.46,20.961,22.371,69.948,NA,24.755
"2020-08-26",0.714,122.871,27.766,8090.615,1.334,200.075,0.288,0,51.501,0,60.987,53.187,53,43.648,81.263,21.017,22.361,71.308,NA,24.748
"2020-08-27",0.712,119.366,27.792,8465.693,1.333,198.567,0.288,0,51.501,0,60.991,53.186,53,43.67,79.778,20.849,22.351,69.301,NA,24.741
"2020-08-28",0.711,117.712,27.826,8917.046,1.333,198.708,0.288,0,51.501,0,60.998,53.186,53,43.673,74.905,20.752,22.327,62.92,NA,24.742
"2020-08-29",0.708,111.481,27.831,8992.615,1.33,194.324,0.288,0,51.501,0,60.999,53.182,53,43.667,74.431,20.683,22.337,63.52,NA,24.745
"2020-08-30",0.712,120.257,27.853,9299.642,1.327,191.409,0.288,0,51.501,0,61.001,53.183,53,43.688,74.162,20.635,22.335,64.524,NA,24.738
"2020-08-31",0.716,126.858,27.847,9205.548,1.332,196.798,0.288,0,51.501,0,61.013,53.185,53,43.792,80.424,20.697,22.349,69.778,NA,24.756
"2020-09-01",0.714,123.554,27.826,8919.693,1.336,201.31,0.288,0,51.501,0,61.02,53.185,53,43.91,79.511,20.698,22.343,69.693,NA,24.748
"2020-09-02",0.711,118.176,27.83,8972.431,1.331,196.642,0.289,0,51.501,0,61.024,53.184,53,44.004,79.654,20.665,22.542,65.549,NA,24.743
"2020-09-03",0.709,114.822,27.871,9563.265,1.332,197.019,0.289,0,51.501,0,61.033,53.185,53,44.152,84.736,20.707,23.059,68.255,NA,24.761
"2020-09-04",0.709,113.979,27.909,10133.347,1.332,197.481,0.289,0,51.501,0,61.043,53.185,53,44.255,96.857,20.837,22.481,82.018,NA,24.799
"2020-09-05",0.708,112.577,27.968,11077.746,1.335,200.155,0.289,0,51.501,0,61.056,53.187,53,44.31,99.724,20.875,22.446,85.034,NA,24.814
"2020-09-06",0.705,107.643,28.047,12278,1.335,199.978,0.289,0,51.501,0,61.068,53.186,53,44.405,105.69,20.923,22.488,90.196,NA,24.836
"2020-09-07",0.703,103.58,28.077,12702.483,1.333,198.241,0.289,0,51.501,0,61.074,53.185,53,44.45,117.628,21.002,22.551,103.405,NA,24.856
"2020-09-08",0.705,106.301,28.123,13416.58,1.333,198.002,0.289,0,51.501,0,61.08,53.187,53,44.427,118.444,20.985,22.543,103.716,NA,24.855
"2020-09-09",0.703,104.346,28.167,14110.873,1.337,202.716,0.289,0,51.501,0,61.093,53.191,53,44.342,121.278,20.938,22.556,104.697,NA,24.871
"2020-09-10",0.703,104.001,28.172,14187.257,1.338,203.531,0.289,0,51.501,0,61.106,53.191,53,44.272,122.595,20.953,22.581,106.722,NA,24.882
"2020-09-11",0.702,102.689,28.172,14183.524,1.338,203.549,0.289,0,51.501,0,61.113,53.189,53,44.129,122.84,20.956,22.589,107.848,NA,24.887
"2020-09-12",0.698,94.329,28.153,13878.367,1.332,197.177,0.289,0,51.501,0,61.116,53.187,53,43.966,121.099,20.907,22.586,107.441,NA,24.878
"2020-09-13",0.697,93.166,28.088,12883.435,1.333,198.463,0.289,0,51.501,0,61.121,53.189,53,43.852,115.97,20.837,22.547,101.703,NA,24.859
"2020-09-14",0.698,95.002,28.032,12060.476,1.348,215.157,0.289,0,51.501,0,61.128,53.201,53,43.779,97.516,20.66,22.455,83.302,NA,24.816
"2020-09-15",0.698,95.316,28.004,11658.179,1.389,266.613,0.289,0,51.501,0,61.131,53.239,53,43.655,88.338,20.546,22.411,73.641,NA,24.789
"2020-09-16",0.696,92.475,27.928,10460.187,1.425,319.241,0.289,0,51.501,0,61.134,53.275,53,43.492,85.661,20.537,22.401,71.916,NA,24.774
"2020-09-17",0.697,92.935,27.86,9401.626,1.454,366.837,0.289,0,51.501,0,61.133,53.307,53,43.422,82.003,20.609,22.393,69.214,NA,24.747
"2020-09-18",0.698,95.365,27.8,8574.566,1.466,389.778,0.289,0,51.501,0,61.138,53.319,53,43.433,79.696,20.779,22.369,66.837,NA,24.729
"2020-09-19",0.704,105.431,27.785,8373.372,1.462,381.055,0.289,0,51.501,0,61.152,53.315,53,43.515,77.222,20.815,22.356,65.29,NA,24.721
"2020-09-20",0.703,103.898,27.777,8269.609,1.443,348.382,0.289,0,51.501,0,61.145,53.297,53,43.533,77.467,20.835,22.341,63.671,NA,24.722
"2020-09-21",0.705,107.311,27.774,8215.579,1.438,339.314,0.289,0,51.501,0,61.137,53.289,53,43.504,76.951,20.707,22.333,61.708,NA,24.723
"2020-09-22",0.707,110.593,27.732,7493.314,1.436,337.046,0.289,0,51.501,0,61.131,53.288,53,43.494,69.551,20.536,22.305,54.27,NA,24.697
"2020-09-23",0.708,112.242,27.736,7552.477,1.44,342.788,0.289,0,51.501,0,61.129,53.29,53,43.487,60.561,20.301,22.288,43.788,NA,24.688
"2020-09-24",0.707,111.36,27.783,8332.946,1.439,341.568,0.288,0,51.501,0,61.122,53.289,53,43.503,64.571,20.235,22.319,46.892,NA,24.717
"2020-09-25",0.717,128.593,27.782,8326.989,1.443,347.699,0.288,0,51.501,0,61.126,53.294,53,43.529,74.141,20.329,22.362,56.614,NA,24.748
"2020-09-26",0.734,162.908,27.778,8277.015,1.443,348.573,0.288,0,51.501,0,61.124,53.294,53,43.582,75.957,20.363,22.381,59.26,NA,24.752
"2020-09-27",0.754,207.335,27.799,8559.862,1.444,349.881,0.288,0,51.501,0,61.123,53.295,53,43.611,76.679,20.392,22.392,60.446,NA,24.759
"2020-09-28",0.768,240.295,27.8,8564.672,1.444,349.612,0.288,0,51.501,0,61.119,53.294,53,43.592,77.718,20.443,22.402,61.364,NA,24.762
"2020-09-29",0.778,263.799,27.811,8707.383,1.443,347.583,0.289,0,51.501,0,61.116,53.294,53,43.577,82.122,20.515,22.423,66.185,NA,24.778
"2020-09-30",0.781,272.661,27.807,8656.32,1.445,351.887,0.289,0,51.501,0,61.119,53.297,53,43.494,97.828,20.728,22.476,80.969,NA,24.812
"2020-10-01",0.782,275.082,27.796,8512.813,1.445,352.352,0.289,0,51.501,0,61.119,53.297,53,43.437,104.329,20.959,22.503,86.2,NA,24.824
"2020-10-02",0.779,266.517,27.771,8172.708,1.442,345.655,0.289,0,51.501,0,61.116,53.293,53,43.416,102.433,21.049,22.487,84.572,NA,24.807
"2020-10-03",0.775,256.094,27.742,7657.328,1.437,338.819,0.289,0,51.501,0,61.116,53.29,53,43.38,99.445,21.037,22.467,83.03,NA,24.787
"2020-10-04",0.766,234.685,27.721,7294.838,1.432,330.49,0.288,0,51.501,0,61.098,53.286,53,43.304,93.794,20.997,22.438,79.058,NA,24.767
"2020-10-05",0.765,232.128,27.718,7240.473,1.451,362.192,0.288,0,51.501,0,61.099,53.303,53,43.273,87.399,20.916,22.398,69.635,NA,24.753
"2020-10-06",0.77,245.165,27.701,6942.502,1.461,379.117,0.288,0,51.501,0,61.106,53.313,53,43.278,85.192,20.897,22.404,67.941,NA,24.766
"2020-10-07",0.774,255.645,27.73,7440.717,1.454,366.527,0.288,0,51.501,0,61.104,53.307,53,43.285,76.263,20.809,22.391,59.632,NA,24.786
"2020-10-08",0.774,255.423,27.727,7398.023,1.454,367.555,0.288,0,51.501,0,61.103,53.307,53,43.28,76.542,20.659,22.392,59.692,NA,24.781
"2020-10-09",0.777,261.262,27.729,7426.754,1.455,368.354,0.288,0,51.501,0,61.098,53.307,53,43.28,77.618,20.641,22.399,60.759,NA,24.78
"2020-10-10",0.774,254.912,27.719,7243.285,1.45,359.341,0.288,0,51.501,0,61.091,53.303,53,43.277,77.114,20.64,22.4,61.236,NA,24.78
"2020-10-11",0.773,252.347,27.708,7068.068,1.452,364.404,0.288,0,51.501,0,61.086,53.304,53,43.32,76.695,20.638,22.4,61.377,NA,24.78
"2020-10-12",0.769,242.026,27.696,6864.99,1.452,363.844,0.288,0,51.501,0,61.083,53.304,53,43.341,75.443,20.604,22.396,61.287,NA,24.776
"2020-10-13",0.767,236.504,27.664,6364.356,1.449,357.642,0.288,0,51.501,0,61.078,53.301,53,43.355,72.71,20.514,22.377,58.551,NA,24.757
"2020-10-14",0.765,231.148,27.654,6211.523,1.445,352.167,0.288,0,51.501,0,61.071,53.297,53,43.485,67.614,20.496,22.354,54.286,NA,24.737
"2020-10-15",0.764,230.023,27.65,6150.576,1.443,348.054,0.288,0,51.501,0,61.062,53.296,53,43.629,66.211,20.51,22.338,52.02,NA,24.726
"2020-10-16",0.768,240.38,27.713,7165.832,1.444,349.76,0.288,0,51.501,0,61.053,53.296,53,43.728,68.011,20.601,22.361,51.487,NA,24.741
"2020-10-17",0.772,249.197,27.769,8100.856,1.438,339.846,0.288,0,51.501,0,61.042,53.293,53,43.858,70.294,20.598,22.372,52.482,NA,24.754
"2020-10-18",0.772,249.589,27.812,8727.062,1.437,338.142,0.288,0,51.501,0,61.036,53.291,53,43.938,74.967,20.622,22.397,56.423,NA,24.778
"2020-10-19",0.769,242.673,27.874,9624.569,1.433,331.581,0.288,0,51.501,0,61.028,53.285,53,44.034,88.58,20.747,22.478,71.208,NA,24.821
"2020-10-20",0.768,240.258,27.926,10405.652,1.434,333.324,0.288,0,51.501,0,61.018,53.286,53,44.104,103.692,20.865,22.552,88,NA,24.867
"2020-10-21",0.766,235.738,27.926,10402.491,1.462,381.911,0.288,0,51.501,0,61.009,53.313,53,44.143,108.727,21.003,22.557,93.405,NA,24.874
"2020-10-22",0.764,230.325,27.927,10418.279,1.475,406.282,0.288,0,51.501,0,60.999,53.327,53,44.225,116.285,21.112,22.583,100.55,NA,24.893
"2020-10-23",0.771,246.855,28.035,12099.296,1.471,397.992,0.288,0,51.501,0,60.979,53.328,53,44.305,119.26,21.111,22.599,101.621,NA,24.913
"2020-10-24",0.771,246.506,28.077,12703.58,1.472,400.34,0.288,0,51.501,0,60.97,53.328,53,44.318,121.926,21.089,22.604,102.193,NA,24.931
"2020-10-25",0.776,258.606,28.086,12841.443,1.472,399.918,0.288,0,51.501,0,60.961,53.327,53,44.311,122.299,21.108,22.623,104.867,NA,24.942
"2020-10-26",0.778,265.723,28.11,13205.615,1.473,402.926,0.289,0,51.501,0,60.95,53.328,53,44.298,122.427,21.094,22.634,106.426,NA,24.943
"2020-10-27",0.779,267.776,28.119,13338.228,1.473,402.601,0.289,0,51.501,0,60.937,53.327,53,44.269,115.909,20.993,22.603,101.841,NA,24.908
"2020-10-28",0.777,262.27,28.125,13435.931,1.473,402.218,0.289,0,51.501,0,60.927,53.327,53,44.241,103.77,20.816,22.547,89.339,NA,24.866
"2020-10-29",0.781,271.412,28.139,13655.378,1.475,405.706,0.289,0,51.501,0,60.916,53.33,53,44.255,103.067,20.764,22.549,88.183,NA,24.872
"2020-10-30",0.789,292.828,28.149,13820.541,1.484,422.68,0.289,0,51.501,0,60.926,53.339,53,44.288,103.746,20.727,22.55,87.846,NA,24.879
"2020-10-31",0.804,334.016,28.134,13571.186,1.478,411.854,0.289,0,51.501,0,60.92,53.334,53,44.314,104.082,20.797,22.552,88.346,NA,24.878
"2020-11-01",0.816,368.972,28.119,13342.408,1.477,409.901,0.289,0,51.501,0,60.911,53.332,53,44.341,103.806,20.807,22.557,89.204,NA,24.868
"2020-11-02",0.822,387.216,28.101,13065.62,1.474,404.33,0.289,0,51.501,0,60.899,53.328,53,44.385,102.33,20.798,22.548,88.521,NA,24.861
"2020-11-03",0.821,384.372,28.098,13025.858,1.468,392.559,0.289,0,51.501,0,60.877,53.323,53,44.407,100.769,20.784,22.536,87.039,NA,24.858
"2020-11-04",0.821,382.186,28.111,13224.309,1.467,390.162,0.289,0,51.501,0,60.85,53.324,53,44.409,100.548,20.779,22.523,84.968,NA,24.853
"2020-11-05",0.817,371.261,28.129,13493.548,1.481,416.629,0.289,0,51.501,0,60.842,53.334,53,44.416,102.915,20.833,22.532,85.949,NA,24.862
"2020-11-06",0.813,359.468,28.126,13455.414,1.478,411.94,0.289,0,51.501,0,60.827,53.333,53,44.391,103.654,20.833,22.542,87.563,NA,24.867
"2020-11-07",0.809,349.15,28.115,13281.171,1.473,401.898,0.289,0,51.501,0,60.813,53.326,53,44.295,102.746,20.837,22.547,88.107,NA,24.861
"2020-11-08",0.805,337.352,28.105,13121.612,1.472,399.83,0.289,0,51.501,0,60.802,53.325,53,44.19,101.655,20.813,22.538,87.564,NA,24.858
"2020-11-09",0.801,326.975,28.091,12911.089,1.472,400.013,0.289,0,51.501,0,60.788,53.326,53,44.144,101.237,20.75,22.531,87.078,NA,24.851
"2020-11-10",0.796,310.872,28.046,12260.825,1.471,398.058,0.289,0,51.501,0,60.776,53.325,53,44.131,100.855,20.729,22.53,85.879,NA,24.852
"2020-11-11",0.792,300.483,28.006,11697.936,1.467,391.142,0.289,0,51.501,0,60.743,53.322,53,44.186,101.496,20.721,22.528,85.501,NA,24.855
"2020-11-12",0.79,294.661,27.997,11572.296,1.471,398.507,0.289,0,51.501,0,60.727,53.326,53,44.207,100.19,20.727,22.523,85.475,NA,24.846
"2020-11-13",0.786,285.677,27.994,11529.358,1.474,403.386,0.289,0,51.501,0,60.714,53.327,53,44.219,102.703,20.753,22.534,85.954,NA,24.861
"2020-11-14",0.781,271.615,27.967,11079.807,1.471,398.694,0.289,0,51.501,0,60.707,53.324,53,44.224,102.687,20.764,22.547,87.459,NA,24.865
"2020-11-15",0.776,260.55,27.974,11203.922,1.467,390.937,0.289,0,51.501,0,60.67,53.323,53,44.243,101.772,20.773,22.547,88.271,NA,24.856
"2020-11-16",0.78,268.432,27.988,11431.029,1.473,402.158,0.289,0,51.501,0,60.655,53.327,53,44.251,114.453,20.687,22.588,97.249,NA,24.884
"2020-11-17",0.778,264.043,28.005,11676.132,1.477,409.469,0.289,0,51.501,0,60.643,53.329,53,44.232,126.998,20.448,22.662,108.352,NA,24.941
"2020-11-18",0.776,258.655,28.004,11663.832,1.476,407.904,0.289,0,51.501,0,60.629,53.328,53,44.181,128.917,21.287,22.688,113.399,NA,24.957
"2020-11-19",0.776,258.952,27.99,11477.699,1.474,403.904,0.289,0,51.501,0,60.612,53.328,53,44.053,126.554,21.416,22.692,113.519,NA,24.951
"2020-11-20",0.779,266.829,27.984,11382.567,1.474,403.265,0.289,0,51.501,0,60.598,53.326,53,43.914,124.32,21.579,22.699,111.736,NA,24.952
"2020-11-21",0.78,268.67,27.946,10745.162,1.473,402.408,0.289,0,51.501,0,60.584,53.328,53,43.847,122.795,21.627,22.698,112.549,NA,24.955
"2020-11-22",0.782,276.055,27.923,10366.83,1.473,402.728,0.289,0,51.501,0,60.563,53.332,53,43.839,117.778,21.663,22.677,109.001,NA,24.932
"2020-11-23",0.78,270.247,27.925,10392.014,1.478,411.127,0.289,0,51.501,0,60.544,53.335,53,43.816,113.304,21.787,22.638,100.676,NA,24.902
"2020-11-24",0.781,271.481,27.866,9497.621,1.501,452.741,0.289,0,51.501,0,60.528,53.354,53,43.802,111.001,21.842,22.64,99.239,NA,24.887
"2020-11-25",0.78,268.949,27.777,8214.71,1.585,638.105,0.289,0,51.501,0,60.503,53.433,53,43.782,99.437,21.787,22.579,94.746,NA,24.823
"2020-11-26",0.779,267.261,27.74,7627.048,1.735,1067.303,0.289,0,51.501,0,60.465,53.577,53,43.77,85.334,21.634,22.453,81.878,NA,24.748
"2020-11-27",0.779,268.254,27.744,7689.209,1.854,1518.695,0.289,0,51.501,0,60.412,53.725,53,43.793,80.07,21.595,22.389,69.838,NA,24.719
"2020-11-28",0.787,287.69,27.739,7609.247,1.855,1522.042,0.289,0,51.501,0,60.345,53.741,53,43.862,76.632,21.565,22.367,65.965,NA,24.708
"2020-11-29",0.794,307.419,27.736,7549.678,1.802,1302.446,0.289,0,51.501,0,60.316,53.679,53,43.985,NA,21.546,22.356,NA,NA,24.705
"2020-11-30",0.787,288.022,27.794,8458.569,1.708,975.699,0.289,0,51.501,0,60.269,53.582,53,44.058,NA,21.57,22.38,NA,NA,24.726
"2020-12-01",0.783,277.577,27.816,8777.922,1.64,775.016,0.289,0,51.501,0,60.24,53.506,53,44.08,90.734,21.621,22.426,76.967,NA,24.753
"2020-12-02",0.778,264.13,27.838,9084.923,1.61,694.811,0.289,0,51.501,0,60.223,53.47,53,44.093,94.662,21.68,22.471,82.271,NA,24.773
"2020-12-03",0.784,281.375,27.845,9184.186,1.625,732.244,0.289,0,51.501,0,60.208,53.485,53,44.075,99.424,21.733,22.517,89.534,NA,24.789
"2020-12-04",0.814,364.5,27.866,9487.356,1.624,730.801,0.289,0,51.501,0,60.197,53.484,53,44.049,101.059,21.752,22.52,92.541,NA,24.792
"2020-12-05",0.863,517.879,27.901,10013.804,1.613,701.55,0.289,0,51.501,0,60.177,53.474,53,44.028,101.835,21.729,22.522,93.328,NA,24.804
"2020-12-06",0.909,672.698,27.953,10845.697,1.609,689.847,0.289,0,51.501,0,60.158,53.47,53,43.999,104.846,21.705,22.529,94.146,NA,24.826
"2020-12-07",0.937,766.84,27.978,11269.968,1.612,699.907,0.289,0,51.501,0,60.145,53.473,53,43.948,109.807,21.636,22.537,100.141,NA,24.857
"2020-12-08",0.946,797.354,27.98,11313.862,1.613,702.283,0.289,0,51.501,0,60.138,53.473,53,43.905,113.199,21.55,22.556,107.75,NA,24.89
"2020-12-09",0.939,773.698,27.965,11049.73,1.609,689.775,-0.302,0,51.501,0,60.12,53.47,53,43.858,112.859,21.444,22.542,112.169,NA,24.895
"2020-12-10",0.927,728.345,27.926,10408.964,1.606,683.66,-0.553,0,51.501,0,60.107,53.467,53,43.822,110.77,21.339,22.512,110.315,NA,24.874
"2020-12-11",0.913,679.614,27.861,9414.054,1.605,680.075,-0.552,0,51.501,0,60.108,53.465,53,43.795,106.453,21.249,22.499,107.193,NA,24.845
"2020-12-12",0.899,631.214,27.816,8777.11,1.6,666.731,-0.552,0,51.501,0,60.087,53.458,53,43.766,100.962,21.252,22.458,102.576,NA,24.813
"2020-12-13",0.889,597.222,27.795,8499.515,1.599,666.301,-0.551,0,51.501,0,60.068,53.459,53,43.737,95.219,21.251,22.423,94.775,NA,24.776
"2020-12-14",0.88,565.102,27.801,8574.786,1.593,649.364,-0.552,0,51.501,0,60.052,53.451,53,43.712,87.447,21.213,22.364,82.615,NA,24.749
"2020-12-15",0.873,541.438,27.777,8246.828,1.577,613.005,-0.552,0,51.501,0,60.04,53.438,53,43.714,80.86,21.162,22.356,75.103,NA,24.736
"2020-12-16",0.869,527.689,27.768,8129.496,1.566,586.274,-0.55,0,51.501,0,60.029,53.427,53,43.745,74.247,21.077,22.33,70.675,NA,24.714
"2020-12-17",0.866,516.254,27.776,8253.054,1.559,570.796,-0.553,0,51.501,0,60.007,53.42,53,43.767,71.301,20.994,22.295,66.104,NA,24.694
"2020-12-18",0.864,506.558,27.785,8363.835,1.576,610.599,-0.553,0,51.501,0,60.004,53.435,53,43.795,73.649,20.929,22.304,66.903,NA,24.704
"2020-12-19",0.862,498.919,27.789,8420.34,1.568,590.3,-0.554,0,51.501,0,59.997,53.424,53,43.827,75.647,20.937,22.323,69.162,NA,24.721
"2020-12-20",0.862,496.31,27.817,8800.374,1.563,579.391,-0.556,0,51.501,0,59.996,53.42,53,43.854,78.969,20.915,22.352,74.092,NA,24.738
"2020-12-21",0.861,492.653,27.861,9419.381,1.572,600.193,-0.553,0,51.501,0,59.988,53.433,53,43.888,89.273,20.882,22.397,89.252,NA,24.763
"2020-12-22",0.86,489.511,27.865,9472.068,1.566,585.701,-0.552,0,51.501,0,59.983,53.425,53,43.893,96.84,20.927,22.384,96.933,NA,24.733
"2020-12-23",0.857,476.85,27.827,8934.776,1.54,529.181,-0.552,0,51.501,0,59.974,53.398,53,43.887,92.273,20.907,22.309,93.819,NA,24.652
"2020-12-24",0.854,465.877,27.794,8480.174,1.531,510.012,-0.553,0,51.501,0,59.965,53.387,53,43.875,86.861,20.928,22.213,87.804,NA,24.567
"2020-12-25",0.85,454.111,27.778,8264.517,1.517,483.781,-0.552,0,51.501,0,59.958,53.373,53,43.846,84.169,20.969,22.154,80.247,NA,24.53
"2020-12-26",0.846,439.499,27.752,7836.539,1.481,416.463,-0.553,0,51.501,0,59.946,53.336,53,43.784,81.55,21.005,22.111,74.567,NA,24.512
"2020-12-27",0.842,428.363,27.717,7208.52,1.461,380.129,-0.555,0,51.501,0,59.921,53.318,53,43.685,77.657,20.998,22.071,70.357,NA,24.482
"2020-12-28",0.841,421.368,27.723,7322.199,1.472,400.79,-0.554,0,51.501,0,59.912,53.327,53,43.641,78.758,20.968,22.065,69.887,NA,24.473
"2020-12-29",0.84,418.861,27.731,7469.071,1.482,419.272,-0.553,0,51.501,0,59.903,53.337,53,43.623,80.798,20.851,22.074,74.545,NA,24.443
"2020-12-30",0.838,412.413,27.703,6979.194,1.481,417.022,-0.552,0,51.501,0,59.895,53.337,53,43.576,80.466,20.717,22.054,78.82,NA,24.397
"2020-12-31",0.838,411.16,27.637,5955.508,1.477,410.182,-0.55,0,51.501,0,59.891,53.333,53,43.555,77.81,20.756,22.023,77.033,NA,24.335
"2021-01-01",0.839,414.003,27.624,5769.167,1.479,412.229,-0.551,0,51.501,0,59.879,53.334,53,43.593,74.57,20.773,21.988,72.682,NA,24.3
"2021-01-02",0.835,401.018,27.661,6314.989,1.48,414.242,-0.549,0,51.501,0,59.87,53.337,53,43.681,73.188,20.821,21.976,68.268,NA,24.291
"2021-01-03",0.827,376.493,27.684,6679.204,1.476,407.358,-0.549,0,51.501,0,59.861,53.333,53,43.679,75.496,20.83,21.996,69.012,NA,24.29
"2021-01-04",0.819,354.115,27.72,7270.873,1.473,401.855,-0.552,0,51.501,0,59.846,53.33,53,43.618,79.912,20.773,22.018,73.257,NA,24.288
"2021-01-05",0.81,327.53,27.711,7121.855,1.472,399.883,-0.552,0,51.501,0,59.831,53.329,53,43.59,78.534,20.673,22.016,74.448,NA,24.276
"2021-01-06",0.802,306.932,27.675,6531.706,1.472,399.976,-0.551,0,51.501,0,59.821,53.33,53,43.567,76.855,20.651,21.999,73.02,NA,24.259
"2021-01-07",0.797,293.891,27.649,6129.283,1.473,401.228,-0.551,0,51.501,0,59.818,53.328,53,43.507,74.57,20.646,21.977,70.602,NA,24.242
"2021-01-08",0.793,282.532,27.615,5620.336,1.468,392.604,-0.552,0,51.501,0,59.805,53.323,53,43.472,68.985,20.64,21.936,66.227,NA,24.21
"2021-01-09",0.789,272.047,27.567,4844.053,1.466,389.429,-0.552,0,51.501,0,59.793,53.32,53,43.471,65.352,20.672,21.922,61.958,NA,24.192
"2021-01-10",0.782,254.416,27.531,4293.276,1.464,385.385,-0.552,0,51.501,0,59.783,53.318,53,43.458,53.16,20.684,21.844,51.186,NA,24.153
"2021-01-11",0.777,242.393,27.553,4617.343,1.463,382.776,-0.552,0,51.501,0,59.767,53.318,53,43.438,43.511,20.669,21.777,40.109,NA,24.131
"2021-01-12",0.774,235.658,27.584,5115.125,1.47,395.862,-0.552,0,51.501,0,59.756,53.325,53,43.426,45.984,20.661,21.786,38.401,NA,24.16
"2021-01-13",0.769,224.82,27.593,5280.058,1.471,398.231,-0.553,0,51.501,0,59.737,53.328,53,43.455,47.979,20.66,21.817,41.423,NA,24.174
"2021-01-14",0.764,213.376,27.602,5425.088,1.47,395.801,-0.554,0,51.501,0,59.714,53.327,53,43.491,51.859,20.653,21.843,46.821,NA,24.184
"2021-01-15",0.765,213.687,27.594,5287.716,1.468,392.836,-0.554,0,51.501,0,59.704,53.324,53,43.534,51.831,20.634,21.829,49.557,NA,24.171
"2021-01-16",0.762,208.032,27.588,5179.571,1.453,364.912,-0.553,0,51.501,0,59.695,53.307,53,43.556,51.983,20.644,21.821,49.15,NA,24.17
"2021-01-17",0.758,199.135,27.596,5331.198,1.438,339.042,-0.553,0,51.501,0,59.683,53.293,53,43.566,52.169,20.659,21.82,48.731,NA,24.17
"2021-01-18",0.757,195.198,27.626,5808.027,1.437,338.278,-0.553,0,51.501,0,59.672,53.292,53,43.558,55.607,20.664,21.838,51.377,NA,24.181
"2021-01-19",0.756,193.474,27.627,5820.273,1.442,345.695,-0.553,0,51.501,0,59.665,53.295,53,43.531,64.434,20.697,21.896,60.488,NA,24.217
"2021-01-20",0.754,188.987,27.601,5417.278,1.441,344.729,-0.554,0,51.501,0,59.655,53.293,53,43.477,59.543,20.762,21.871,56.014,NA,24.198
"2021-01-21",0.752,184.641,27.573,4936.404,1.441,344.946,-0.554,0,51.501,0,59.645,53.292,53,43.386,35.946,20.766,21.744,33.646,NA,24.11
"2021-01-22",0.752,184.297,27.525,4213.351,1.445,351.844,-0.554,0,51.501,0,59.636,53.296,53,43.318,13.747,20.7,21.619,12.536,NA,24.049
"2021-01-23",0.75,181.834,27.503,3916.131,1.445,351.521,-0.553,0,51.501,0,59.63,53.297,53,43.225,11.871,20.72,21.578,9.008,NA,24.031
"2021-01-24",0.752,184.199,27.496,3822.289,1.442,346.978,-0.551,0,51.501,0,59.622,53.295,53,43.19,13.09,20.768,21.57,8.726,NA,24.039
"2021-01-25",0.754,188.567,27.545,4491.261,1.464,386.396,-0.55,0,51.501,0,59.61,53.32,53,43.224,15.38,20.807,21.6,10.142,NA,24.07
"2021-01-26",0.752,184.605,27.559,4703.494,1.463,383.205,-0.549,0,51.501,0,59.605,53.321,53,43.259,16.446,20.808,21.612,11.038,NA,24.082
"2021-01-27",0.749,179.388,27.552,4597.592,1.455,369.041,-0.55,0,51.501,0,59.596,53.311,53,43.288,16.961,20.794,21.619,11.27,NA,24.089
"2021-01-28",0.748,177.843,27.547,4520.15,1.456,370.857,-0.549,0,51.501,0,59.602,53.312,53,43.366,16.307,20.767,21.62,11.256,NA,24.088
"2021-01-29",0.744,168.898,27.564,4795.531,1.45,359.686,-0.549,0,51.501,0,59.584,53.308,53,43.402,15.025,20.747,21.616,10.977,NA,24.076
"2021-01-30",0.742,164.753,27.573,4931.759,1.448,356.174,-0.55,0,51.501,0,59.575,53.304,53,43.392,14.372,20.716,21.599,10.259,NA,24.061
"2021-01-31",0.741,163.214,27.62,5702.069,1.449,357.644,-0.552,0,51.501,0,59.569,53.302,53,43.391,15.166,20.657,21.591,9.852,NA,24.06
"2021-02-01",0.744,169.606,27.597,5337.232,1.443,347.839,-0.553,0,51.501,0,59.55,53.299,53,43.41,14.792,20.634,21.59,9.661,NA,24.06
"2021-02-02",0.747,175.416,27.554,4634.338,1.446,353.843,-0.553,0,51.501,0,59.545,53.3,53,43.452,13.559,20.639,21.588,9.612,NA,24.056
"2021-02-03",0.753,186.679,27.545,4495.309,1.448,356.57,-0.553,0,51.501,0,59.548,53.3,53,43.499,13.076,20.642,21.581,9.05,NA,24.043
"2021-02-04",0.756,193.348,27.586,5151.516,1.444,349.08,-0.553,0,51.501,0,59.554,53.297,53,43.518,14.305,20.649,21.582,8.704,NA,24.056
"2021-02-05",0.754,189.974,27.616,5651.556,1.438,340.624,-0.553,0,51.501,0,59.565,53.292,53,43.551,16.641,20.648,21.594,9.305,NA,24.081
"2021-02-06",0.753,187.933,27.626,5810.506,1.435,334.661,-0.552,0,51.501,0,59.587,53.29,53,43.604,18.094,20.641,21.613,10.783,NA,24.094
"2021-02-07",0.752,184.315,27.657,6262.77,1.438,339.427,-0.552,0,51.501,0,59.614,53.292,53,43.687,19.848,20.638,21.633,12.394,NA,24.111
"2021-02-08",0.751,182.393,27.676,6550.469,1.44,343.13,-0.553,0,51.501,0,59.638,53.293,53,43.756,19.71,20.631,21.649,13.534,NA,24.117
"2021-02-09",0.749,179.945,27.674,6506.922,1.441,344.457,-0.552,0,51.501,0,59.662,53.294,53,43.827,18.354,20.626,21.648,13.483,NA,24.108
"2021-02-10",0.745,171.112,27.672,6481.945,1.441,343.952,-0.55,0,51.501,0,59.688,53.294,53,43.852,17.316,20.613,21.641,12.997,NA,24.101
"2021-02-11",0.739,159.378,27.677,6558.716,1.435,335.117,-0.551,0,51.501,0,59.692,53.291,53,43.857,18.744,20.635,21.647,14.938,NA,24.1
"2021-02-12",0.738,156.895,27.696,6867.972,1.435,334.792,-0.552,0,51.501,0,59.703,53.291,53,43.874,27.401,20.682,21.666,23.633,NA,24.098
"2021-02-13",0.736,153.579,27.72,7270.359,1.435,334.393,-0.552,0,51.501,0,59.718,53.289,53,43.873,28.388,20.671,21.663,24.025,NA,24.093
"2021-02-14",0.736,154.447,27.733,7500.489,1.438,339.312,-0.552,0,51.501,0,59.736,53.292,53,43.823,30.189,20.666,21.674,23.791,NA,24.113
"2021-02-15",0.735,152.799,27.747,7755.053,1.445,351.556,-0.552,0,51.501,0,59.746,53.299,53,43.782,33.682,20.673,21.722,22.962,NA,24.172
"2021-02-16",0.731,144.732,27.746,7723.601,1.462,381.832,-0.55,0,51.501,0,59.749,53.317,53,43.752,40.714,20.749,21.843,30.227,NA,24.231
"2021-02-17",0.729,140.447,27.723,7318.764,1.464,385.12,-0.551,0,51.501,0,59.749,53.319,53,43.66,44.865,20.74,21.878,39.456,NA,24.247
"2021-02-18",0.729,140.305,27.695,6844.604,1.458,375.056,-0.551,0,51.501,0,59.752,53.312,53,43.523,42.395,20.643,21.848,40.212,NA,24.236
"2021-02-19",0.727,138.193,27.668,6419.453,1.449,358.704,-0.551,0,51.501,0,59.754,53.303,53,43.465,39.98,20.626,21.829,38.831,NA,24.219
"2021-02-20",0.725,133.901,27.629,5849.136,1.444,350.33,-0.551,0,51.501,0,59.753,53.3,53,43.461,38.017,20.646,21.814,37.091,NA,24.206
"2021-02-21",0.725,134.104,27.605,5479.772,1.442,347.034,-0.553,0,51.501,0,59.741,53.3,53,43.436,37.522,20.662,21.789,34.84,NA,24.193
"2021-02-22",0.727,137.725,27.586,5156.987,1.453,365.44,-0.554,0,51.501,0,59.739,53.309,53,43.407,40.059,20.648,21.787,34.451,NA,24.204
"2021-02-23",0.726,136.422,27.589,5207.199,1.459,376.093,-0.554,0,51.501,0,59.74,53.313,53,43.308,42.446,20.671,21.813,36.599,NA,24.223
"2021-02-24",0.726,135.772,27.604,5474.285,1.459,376.975,-0.554,0,51.501,0,59.741,53.313,53,43.236,43.807,20.677,21.831,38.531,NA,24.239
"2021-02-25",0.727,138.145,27.595,5316.549,1.455,369.494,-0.553,0,51.501,0,59.749,53.309,53,43.204,44.925,20.673,21.842,39.845,NA,24.242
"2021-02-26",0.73,142.201,27.58,5046.191,1.451,361.284,-0.552,0,51.501,0,59.759,53.304,53,43.102,44.481,20.677,21.849,40.613,NA,24.247
"2021-02-27",0.733,148.098,27.551,4585.21,1.449,357.974,-0.553,0,51.501,0,59.765,53.302,53,43.03,43.186,20.637,21.846,40.25,NA,24.236
"2021-02-28",0.735,152.19,27.506,3952.426,1.446,352.484,-0.554,0,51.501,0,59.765,53.3,53,42.992,39.869,20.495,21.822,38.561,NA,24.217
"2021-03-01",0.737,156.493,27.481,3631.803,1.45,359.724,-0.554,0,51.501,0,59.766,53.304,53,42.946,36.349,20.345,21.774,33.351,NA,24.197
"2021-03-02",0.736,153.488,27.48,3624.906,1.45,360.325,-0.554,0,51.501,0,59.763,53.304,53,42.936,28.22,20.244,21.728,22.567,NA,24.183
"2021-03-03",0.734,150.4,27.478,3592.141,1.45,359.68,-0.554,0,51.501,0,59.758,53.304,53,42.952,27.415,20.295,21.769,21.133,NA,24.189
"2021-03-04",0.734,150.311,27.472,3520.353,1.452,362.865,-0.554,0,51.501,0,59.752,53.306,53,42.985,25.726,20.321,21.771,20.68,NA,24.188
"2021-03-05",0.739,158.773,27.471,3514.057,1.453,365.252,-0.554,0,51.501,0,59.749,53.307,53,42.998,21.542,20.304,21.742,16.62,NA,24.183
"2021-03-06",0.755,190.783,27.482,3644.952,1.453,365.413,-0.554,0,51.501,0,59.743,53.305,53,43.004,22.068,20.309,21.744,16.335,NA,24.189
"2021-03-07",0.782,250,27.513,4044.469,1.45,361.061,-0.553,0,51.501,0,59.739,53.304,53,43.023,22.861,20.303,21.757,17.202,NA,24.192
"2021-03-08",0.784,253.976,27.528,4243.264,1.43,326.156,-0.552,0,51.501,0,59.738,53.284,53,43.065,26.794,20.308,21.766,20.365,NA,24.206
"2021-03-09",0.774,231.897,27.523,4181.878,1.432,329.32,-0.553,0,51.501,0,59.739,53.284,53,43.098,37.552,20.38,21.816,32.81,NA,24.228
"2021-03-10",0.766,214.544,27.523,4182.918,1.455,368.617,-0.552,0,51.501,0,59.744,53.307,53,43.137,41.281,20.312,21.811,39.217,NA,24.228
"2021-03-11",0.762,205.446,27.525,4202.662,1.45,360.253,-0.552,0,51.501,0,59.751,53.303,53,43.17,43.813,20.226,21.802,39.747,NA,24.225
"2021-03-12",0.757,196.187,27.513,4039.736,1.439,341.622,-0.554,0,51.501,0,59.739,53.293,53,43.158,49.11,20.273,21.858,47.563,NA,24.232
"2021-03-13",0.763,208.574,27.496,3824.226,1.44,342.413,-0.554,0,51.501,0,59.732,53.294,53,43.179,46.366,20.264,21.835,45.548,NA,24.207
"2021-03-14",0.775,234.485,27.516,4084.457,1.448,356.297,-0.553,0,51.501,0,59.731,53.3,53,43.216,46.122,20.244,21.814,43.727,NA,24.193
"2021-03-15",0.775,234.695,27.53,4271.666,1.451,362.555,-0.553,0,51.501,0,59.729,53.303,53,43.289,47.815,20.256,21.824,44.295,NA,24.202
"2021-03-16",0.77,223.583,27.527,4236.284,1.45,360.927,-0.553,0,51.501,0,59.731,53.302,53,43.323,48.379,20.301,21.841,45.686,NA,24.209
"2021-03-17",0.765,211.142,27.529,4263.301,1.447,355.098,-0.552,0,51.501,0,59.725,53.301,53,43.318,48.606,20.366,21.847,46.459,NA,24.21
"2021-03-18",0.762,205.254,27.545,4500.278,1.451,361.643,-0.551,0,51.501,0,59.725,53.305,53,43.314,49.599,20.349,21.845,46.646,NA,24.214
"2021-03-19",0.759,200.09,27.576,4979.314,1.453,364.523,-0.55,0,51.501,0,59.729,53.307,53,43.303,52.287,20.375,21.863,47.84,NA,24.236
"2021-03-20",0.757,194.4,27.594,5294.617,1.448,355.963,-0.551,0,51.501,0,59.723,53.3,53,43.291,54.103,20.398,21.883,49.887,NA,24.258
"2021-03-21",0.758,196.813,27.604,5465.876,1.453,365.856,-0.552,0,51.501,0,59.731,53.305,53,43.293,54.89,20.404,21.903,51.475,NA,24.264
"2021-03-22",0.759,200.228,27.641,6020.491,1.458,374.166,-0.55,0,51.501,0,59.747,53.313,53,43.303,55.49,20.408,21.919,52.239,NA,24.279
"2021-03-23",0.762,205.614,27.652,6184.169,1.453,365.526,-0.552,0,51.501,0,59.745,53.306,53,43.339,54.721,20.366,21.918,51.628,NA,24.278
"2021-03-24",0.766,214.292,27.63,5861.029,1.451,361.568,-0.552,0,51.501,0,59.744,53.303,53,43.411,53.96,20.339,21.908,51.153,NA,24.268
"2021-03-25",0.767,216.52,27.621,5729.554,1.451,361.834,-0.553,0,51.501,0,59.746,53.301,53,43.462,52.115,20.291,21.896,49.697,NA,24.258
"2021-03-26",0.764,209.774,27.637,5955.16,1.446,353.742,-0.553,0,51.501,0,59.736,53.298,53,43.489,48.041,20.151,21.881,45.618,NA,24.251
"2021-03-27",0.765,211.95,27.629,5841.597,1.444,350.245,-0.553,0,51.501,0,59.734,53.296,53,43.503,48.002,20.114,21.88,45.187,NA,24.25
"2021-03-28",0.766,214.517,27.634,5923.345,1.444,350.575,-0.553,0,51.501,0,59.74,53.296,53,43.513,48.534,20.142,21.88,45.227,NA,24.252
"2021-03-29",0.767,215.534,27.647,6108.917,1.442,346.818,-0.553,0,51.501,0,59.741,53.294,53,43.51,49.121,20.214,21.88,45.643,NA,24.257
"2021-03-30",0.768,218.084,27.655,6223.266,1.457,372.499,-0.553,0,51.501,0,59.744,53.308,53,43.507,47.64,20.204,21.878,45.393,NA,24.248
"2021-03-31",0.767,216.884,27.654,6211.251,1.461,379.864,-0.554,0,51.501,0,59.751,53.311,53,43.483,46.663,20.149,21.871,44.648,NA,24.241
"2021-04-01",0.767,216.114,27.649,6127.777,1.448,356.711,-0.554,0,51.501,0,59.758,53.299,53,43.449,46.425,20.136,21.874,44.215,NA,24.24
"2021-04-02",0.767,216.361,27.645,6076.501,1.435,334.471,-0.553,0,51.501,0,59.764,53.285,53,43.417,46.468,20.149,21.884,44.186,NA,24.24
"2021-04-03",0.766,214.652,27.642,6036.533,1.41,296.404,-0.553,0,51.501,0,59.77,53.26,53,43.413,47.1,20.152,21.871,44.472,NA,24.24
"2021-04-04",0.765,212.158,27.638,5967.332,1.398,278.933,-0.553,0,51.501,0,59.774,53.25,53,43.388,46.371,20.157,21.87,44.44,NA,24.24
"2021-04-05",0.765,212.847,27.632,5891.317,1.405,288.023,-0.553,0,51.501,0,59.785,53.256,53,43.368,45.739,20.148,21.868,43.842,NA,24.238
"2021-04-06",0.764,210.453,27.629,5842.19,1.419,309.193,-0.554,0,51.501,0,59.8,53.269,53,43.322,45.393,20.141,21.858,43.227,NA,24.231
"2021-04-07",0.764,208.841,27.599,5368.889,1.428,323.53,-0.554,0,51.501,0,59.825,53.277,53,43.258,44.776,20.147,21.857,42.599,NA,24.23
"2021-04-08",0.762,205.196,27.589,5197.308,1.429,325.038,-0.556,0,51.501,0,59.85,53.279,53,43.225,42.96,20.142,21.883,39.381,NA,24.228
"2021-04-09",0.76,201.591,27.613,5616.072,1.429,325.672,-0.555,0,51.501,0,59.883,53.28,53,43.197,40.429,20.079,21.917,33.423,NA,24.223
"2021-04-10",0.762,206.014,27.616,5661.126,1.427,322.109,-0.555,0,51.501,0,59.93,53.279,53,43.164,41.518,20.153,21.98,34.141,NA,24.229
"2021-04-11",0.762,205.606,27.599,5376.552,1.43,326.007,-0.554,0,51.501,0,59.995,53.279,53,43.101,41.702,20.177,22.014,36.079,NA,24.23
"2021-04-12",0.76,200.864,27.554,4645.116,1.425,318.388,-0.554,0,51.501,0,60.066,53.273,53,43.05,40.038,20.136,22.082,36.781,NA,24.228
"2021-04-13",0.757,194.955,27.541,4439.868,1.419,308.886,-0.554,0,51.501,0,60.13,53.269,53,43.002,37.167,20.107,22.147,35.3,NA,24.216
"2021-04-14",0.752,184.829,27.541,4437.017,1.419,309.05,-0.555,0,51.501,0,60.201,53.268,53,42.952,38.213,20.1,22.205,34.015,NA,24.203
"2021-04-15",0.746,173.626,27.535,4342.259,1.419,309.532,-0.554,0,51.501,0,60.275,53.27,53,42.949,37.691,20.134,22.286,32.917,NA,24.207
"2021-04-16",0.74,161.983,27.531,4293.749,1.42,310.818,-0.555,0,51.501,0,60.349,53.27,53,42.941,34.532,20.156,22.362,29.328,NA,24.201
"2021-04-17",0.741,162.806,27.512,4030.757,1.42,311.567,-0.554,0,51.501,0,60.431,53.27,53,42.926,34.406,20.153,22.391,30.709,NA,24.2
"2021-04-18",0.744,168.753,27.497,3836.292,1.424,317.448,-0.554,0,51.501,0,60.523,53.273,53,42.923,33.938,20.155,22.408,31.364,NA,24.2
"2021-04-19",0.746,173.339,27.509,3998.339,1.422,313.524,-0.554,0,51.501,0,60.622,53.271,53,42.977,33.7,20.137,22.444,29.274,NA,24.2
"2021-04-20",0.752,183.992,27.504,3924.686,1.424,317.459,-0.555,0,51.501,0,60.734,53.274,53,43.02,33.757,20.123,22.482,26.211,NA,24.2
"2021-04-21",0.751,183.911,27.516,4087.609,1.425,318.541,-0.555,0,51.501,0,60.853,53.273,53,43.093,34.441,20.134,22.536,24.946,NA,24.202
"2021-04-22",0.754,189.654,27.534,4332.242,1.427,321.88,-0.555,0,51.501,0,60.965,53.277,53,43.145,34.772,20.149,22.579,24.557,NA,24.207
"2021-04-23",0.754,188.082,27.541,4430.933,1.428,322.976,-0.554,0,51.501,0,61.071,53.279,53,43.136,33.991,20.152,22.617,24.518,NA,24.201
"2021-04-24",0.752,184.058,27.541,4428.954,1.43,326.006,-0.554,0,51.501,0,61.176,53.279,53,43.136,33.974,20.159,22.62,24.986,NA,24.2
"2021-04-25",0.753,186.346,27.554,4638.308,1.432,330.714,-0.553,0,51.501,0,61.231,53.283,53,43.166,34.382,20.16,22.622,25.277,NA,24.2
"2021-04-26",0.753,187.157,27.578,5019.727,1.433,331.174,-0.554,0,51.501,0,61.174,53.283,53,43.187,34.244,20.162,22.636,25.188,NA,24.2
"2021-04-27",0.753,186.692,27.586,5154.597,1.428,322.897,-0.554,0,51.501,0,61.146,53.278,53,43.167,33.631,20.174,22.661,24.213,NA,24.198
"2021-04-28",0.753,187.04,27.571,4895.812,1.422,313.717,-0.554,0,51.501,0,61.139,53.271,53,43.157,29.417,20.142,22.654,22.328,NA,24.182
"2021-04-29",0.753,186.354,27.553,4609.442,1.418,307.619,-0.554,0,51.501,0,61.151,53.267,53,43.214,19.397,19.901,22.606,13.252,NA,24.15
"2021-04-30",0.751,182.892,27.557,4680.044,1.417,305.871,-0.554,0,51.501,0,61.149,53.825,53,43.222,18.7,19.604,22.612,9.113,NA,24.141
"2021-05-01",0.748,177.429,27.551,4589.935,1.428,323.741,-0.553,0,51.501,0,61.153,55.62,53,43.277,18.607,19.617,22.628,8.419,NA,24.14
"2021-05-02",0.747,175.626,27.557,4675.727,1.434,332.413,-0.555,0,51.501,0,61.161,56.306,53,43.379,18.864,19.633,22.662,6.555,NA,24.142
"2021-05-03",0.747,174.467,27.568,4857.428,1.434,333.179,-0.555,0,51.501,0,61.173,56.43,53,43.479,19.738,19.674,22.681,6.993,NA,24.149
"2021-05-04",0.751,183.813,27.571,4893,1.44,344.06,-0.554,0,51.501,0,61.192,56.515,53,43.529,20.067,19.666,22.689,7.325,NA,24.152
"2021-05-05",0.753,187.463,27.606,5481.13,1.503,458.047,-0.554,0,51.501,0,61.214,56.592,53,43.57,23.773,19.691,22.694,10.526,NA,24.164
"2021-05-06",0.752,184.33,27.647,6101.001,1.545,541.113,-0.554,0,51.501,0,61.236,56.721,53,43.589,33.903,19.813,22.711,20.596,NA,24.181
"2021-05-07",0.745,171.94,27.673,6494.336,1.554,560.557,-0.554,0,51.501,0,61.261,56.874,53,43.604,36.346,19.802,22.724,22.137,NA,24.192
"2021-05-08",0.74,161.511,27.701,6953.568,1.548,546.799,-0.553,0,51.501,0,61.283,56.999,53,43.649,37.805,19.802,22.741,23.202,NA,24.202
"2021-05-09",0.738,157.771,27.751,7796.641,1.543,535.383,-0.554,0,51.501,0,61.299,57.12,53,43.791,36.612,19.805,22.747,23.498,NA,24.205
"2021-05-10",0.742,165.754,27.751,7817.469,1.533,515.966,-0.554,0,51.501,0,61.314,57.186,53,43.957,33.608,19.784,22.734,22.682,NA,24.189
"2021-05-11",0.744,168.524,27.737,7566.679,1.53,509.9,-0.554,0,51.501,0,61.335,57.308,53,44.036,32.061,19.768,22.709,21.504,NA,24.176
"2021-05-12",0.747,175.102,27.756,7891.729,1.528,505.406,-0.554,0,51.501,0,61.354,57.405,53,44.067,31.243,19.795,22.696,20.426,NA,24.159
"2021-05-13",0.751,183.594,27.787,8390.96,1.521,490.099,-0.554,0,51.501,0,61.371,57.493,53,44.043,29.721,19.858,22.674,17.906,NA,24.166
"2021-05-14",0.756,192.493,27.817,8796.175,1.519,487.638,-0.554,0,51.501,0,61.386,57.567,53,44.038,27.657,20.023,22.661,13.107,NA,24.221
"2021-05-15",0.767,217.029,27.851,9267.675,1.528,503.961,-0.554,0,51.501,0,61.405,57.66,53,44.051,29.922,20.133,22.697,15.044,NA,24.246
"2021-05-16",0.788,262.641,27.878,9662.652,1.531,511.65,-0.554,0,51.501,0,61.423,57.75,53,44.036,34.545,20.174,22.719,21.68,NA,24.271
"2021-05-17",0.806,306.333,27.891,9857.285,1.55,553.766,-0.554,0,51.501,0,61.445,57.828,53,43.979,43.961,20.361,22.69,36.8,NA,24.279
"2021-05-18",0.821,344.069,27.895,9913.475,1.655,819.006,-0.554,0,51.501,0,61.468,57.9,53.159,43.906,44.644,20.316,22.687,37.026,NA,24.282
"2021-05-19",0.829,364.877,27.89,9844.658,1.714,989.548,-0.554,0,51.501,0,61.49,57.977,53.311,43.839,43.912,20.23,22.711,36.225,NA,24.287
"2021-05-20",0.833,374.436,27.884,9757.86,1.729,1039.676,-0.554,0,51.501,0,61.513,58.053,53.392,43.781,43.449,20.139,22.719,36.882,NA,24.281
"2021-05-21",0.834,377.88,27.855,9321.365,1.719,1007.671,-0.555,0,51.501,0,61.537,58.123,53.476,43.668,42.71,20.107,22.718,36.301,NA,24.278
"2021-05-22",0.83,366.604,27.818,8813.332,1.667,850.71,-0.555,0,51.501,0,61.564,58.194,53.564,43.579,41.46,20.104,22.708,35.391,NA,24.268
"2021-05-23",0.829,366.125,27.744,7679.147,1.605,680.82,-0.554,0,51.501,0,61.6,58.263,53.673,43.479,40.053,20.142,22.698,34.269,NA,24.258
"2021-05-24",0.832,373.549,27.701,6945.032,1.625,739.651,-0.555,0,51.501,0,61.642,58.335,53.786,43.403,36.301,20.133,22.688,29.611,NA,24.246
"2021-05-25",0.835,381.553,27.712,7129.557,1.804,1331.688,-0.555,0,51.501,0,61.672,58.353,53.83,43.292,26.492,20.077,22.678,18.324,NA,24.233
"2021-05-26",0.843,404.119,27.711,7109.752,2.031,2471.35,-0.555,0,51.501,0,61.695,58.36,53.932,43.201,23.01,19.86,22.675,13.988,NA,24.244
"2021-05-27",0.862,455.179,27.683,6656.081,2.251,3974.418,-0.554,0,51.501,0,61.698,58.376,54.025,43.128,22.919,19.781,22.691,14.907,NA,24.257
"2021-05-28",0.886,529.339,27.638,5976.143,2.251,3977.36,-0.554,0,51.501,0,61.677,58.436,54.138,43.08,21.8,19.729,22.697,15.251,NA,24.248
"2021-05-29",0.907,595.412,27.609,5561.293,2.252,3984.709,-0.554,0,51.501,0,61.66,58.475,54.25,43.085,20.961,19.709,22.688,14.871,NA,24.241
"2021-05-30",0.923,645.009,27.577,5003.776,2.254,3999.216,-0.555,0,51.501,0,61.692,58.494,54.362,43.085,21.566,19.698,22.683,14.549,NA,24.242
"2021-05-31",0.93,669.818,27.557,4679.995,2.249,3963.444,-0.555,0,51.501,0,61.698,58.504,54.477,43.089,22.513,19.691,22.687,14.621,NA,24.249
"2021-06-01",0.955,755.969,27.566,4817.974,2.224,3756.832,-0.555,0,51.501,0,61.763,58.486,54.608,43.106,23.554,19.694,22.687,14.85,NA,24.254
"2021-06-02",1.038,1079.272,27.615,5621.156,2.211,3651.936,-0.554,0,51.501,0,61.791,58.443,54.723,43.126,24.887,19.713,22.711,16.174,NA,24.269
"2021-06-03",1.2,1652.282,27.648,6119.449,2.192,3505.31,-0.553,0,51.501,0,61.81,58.372,54.833,43.19,24.798,19.722,22.719,16.784,NA,24.27
"2021-06-04",1.46,2176.844,27.642,6028.695,2.174,3370.422,-0.552,0,51.501,0,61.817,58.299,54.941,43.214,23.728,19.699,22.72,16.757,NA,24.268
"2021-06-05",1.71,2618.755,27.65,6153.915,2.153,3213.895,-0.552,0,51.501,0,61.815,58.233,55.04,43.201,23.848,19.688,22.72,16.679,NA,24.263
"2021-06-06",1.87,2887.795,27.708,7082.353,2.11,2914.459,-0.552,0,51.501,0,61.812,58.19,55.145,43.191,24.862,19.683,22.722,16.724,NA,24.272
"2021-06-07",1.961,3034.545,27.768,8078.903,2.043,2494.575,-0.553,0,51.501,0,61.809,58.14,55.215,43.18,24.473,19.694,22.729,16.995,NA,24.277
"2021-06-08",2.002,3099.479,27.801,8582.618,1.99,2192.211,-0.553,0,51.501,0,61.809,58.049,55.253,43.142,23.832,19.709,22.73,16.771,NA,24.271
"2021-06-09",2.011,3114.022,27.813,8744.004,1.951,1986.374,-0.553,0,51.501,0,61.817,58.007,55.323,43.125,24.458,19.708,22.73,16.642,NA,24.272
"2021-06-10",2.001,3097.54,27.81,8699.034,1.889,1680.326,-0.553,0,51.501,0,61.845,57.988,55.431,43.131,26.625,19.705,22.732,17.416,NA,24.282
"2021-06-11",1.962,3036.259,27.799,8557.444,1.808,1327.673,-0.553,0,51.501,0,61.86,57.955,55.504,43.13,26.366,19.721,22.739,18.378,NA,24.287
"2021-06-12",1.903,2940.27,27.779,8296.387,1.721,1016.547,-0.552,0,51.501,0,61.875,57.923,55.573,43.13,24.853,19.718,22.738,18.082,NA,24.276
"2021-06-13",1.824,2811.658,27.761,8006.883,1.617,715.953,-0.552,0,51.501,0,61.889,57.89,55.641,43.131,23.38,19.678,22.726,17.196,NA,24.259
"2021-06-14",1.731,2655.65,27.747,7759.125,1.529,508.305,-0.552,0,51.501,0,61.906,57.864,55.709,43.127,22.394,19.666,22.711,16.198,NA,24.251
"2021-06-15",1.63,2480.809,27.743,7668.692,1.493,437.883,-0.553,0,51.501,0,61.913,57.847,55.765,43.112,21.43,19.686,22.706,15.356,NA,24.248
"2021-06-16",1.513,2274.257,27.709,7089.39,1.495,441.71,-0.553,0,51.501,0,61.926,57.805,55.817,43.075,20.797,19.708,22.691,14.621,NA,24.243
"2021-06-17",1.395,2058.188,27.677,6569.486,1.511,470.94,-0.553,0,51.501,0,61.939,57.762,55.87,43.038,23.188,19.748,22.69,16.805,NA,24.249
"2021-06-18",1.276,1833.887,27.688,6738.57,1.52,489.183,-0.553,0,51.501,0,61.951,57.715,55.918,43.038,32.089,19.873,22.692,24.692,NA,24.254
"2021-06-19",1.179,1613.35,27.712,7125.126,1.524,497.678,-0.552,0,51.501,0,61.97,57.691,55.976,43.039,36.074,19.898,22.704,26.215,NA,24.271
"2021-06-20",1.111,1388.356,27.703,6972.883,1.526,500.18,-0.552,0,51.501,0,61.98,57.663,56.028,43.049,39.003,19.959,22.728,30.594,NA,24.284
"2021-06-21",1.062,1174.718,27.667,6402.095,1.529,508.061,-0.552,0,51.501,0,61.979,57.641,56.082,43.104,45.656,20.062,22.756,40.198,NA,24.294
"2021-06-22",1.023,1015.911,27.649,6135.511,1.569,593.818,-0.552,0,51.501,0,61.974,57.633,56.135,43.155,44.946,20.066,22.746,40.182,NA,24.281
"2021-06-23",0.988,878.874,27.646,6090.222,1.562,576.804,-0.552,0,51.501,0,61.967,57.652,56.191,43.202,43.215,20.056,22.731,37.133,NA,24.276
"2021-06-24",0.955,757.791,27.641,6012.836,1.528,505.638,-0.553,0,51.501,0,61.959,57.628,56.225,43.237,41.655,20.102,22.728,36.513,NA,24.261
"2021-06-25",0.927,660.26,27.645,6072.724,1.517,483.488,-0.553,0,51.501,0,61.95,57.639,56.265,43.24,41.711,20.194,22.721,35.913,NA,24.262
"2021-06-26",0.904,585.862,27.65,6152.389,1.522,492.528,-0.553,0,51.501,0,61.942,57.657,56.313,43.244,43.367,20.147,22.722,36.427,NA,24.267
"2021-06-27",0.891,542.514,27.649,6134.884,1.521,490.823,-0.553,0,51.501,0,61.932,57.673,56.36,43.275,42.96,20.216,22.729,37.074,NA,24.261
"2021-06-28",0.884,523.198,27.652,6176.862,1.522,492.781,-0.553,0,51.501,0,61.92,57.687,56.408,43.282,42.789,20.418,22.726,36.462,NA,24.258
"2021-06-29",0.882,516.411,27.653,6197.771,1.522,493.184,-0.553,0,51.501,0,61.907,57.694,56.456,43.273,42.303,20.355,22.713,35.331,NA,24.251
"2021-06-30",0.88,511.027,27.684,6674.066,1.523,494.94,-0.553,0,51.501,0,61.899,57.68,56.504,43.324,40.727,20.253,22.715,35.571,NA,24.248
"2021-07-01",0.88,510.982,27.682,6639.312,1.522,493.907,-0.553,0,51.501,0,61.888,57.667,56.548,43.367,38.382,20.196,22.697,33.16,NA,24.241
"2021-07-02",0.881,512.115,27.68,6606.559,1.523,493.986,-0.553,0,51.501,0,61.878,57.643,56.588,43.396,34.597,20.077,22.681,27.963,NA,24.24
"2021-07-03",0.88,511.078,27.678,6580.854,1.522,492.9,-0.553,0,51.501,0,61.871,57.62,56.631,43.463,34.402,20.069,22.68,27.879,NA,24.24
"2021-07-04",0.878,502.403,27.696,6860.52,1.522,492.955,-0.553,0,51.501,0,61.865,57.598,56.672,43.634,34.214,20.082,22.68,27.992,NA,24.238
"2021-07-05",0.872,485.858,27.707,7038.725,1.523,494.784,-0.554,0,51.501,0,61.857,57.587,56.713,43.735,31.238,19.996,22.676,25.356,NA,24.233
"2021-07-06",0.869,478.314,27.722,7307.632,1.523,494.937,-0.554,0,51.501,0,61.849,57.578,56.754,43.76,23.927,19.856,22.663,17.344,NA,24.242
"2021-07-07",0.867,471.811,27.772,8130.617,1.523,494.225,-0.554,0,51.501,0,61.841,57.569,56.791,43.828,24.071,19.808,22.667,17.086,NA,24.243
"2021-07-08",0.865,463.954,27.84,9119.957,1.522,493.882,-0.553,0,51.501,0,61.834,57.568,56.828,43.904,22.866,19.81,22.663,15.934,NA,24.219
"2021-07-09",0.864,462.267,27.94,10659.586,1.522,493.386,-0.554,0,51.501,0,61.829,57.568,56.865,43.974,23.877,19.791,22.676,14.133,NA,24.219
"2021-07-10",0.864,461.614,28.012,11778.399,1.523,494.614,-0.554,0,51.501,0,61.832,57.567,56.904,44.051,28.358,19.82,22.707,15.864,NA,24.254
"2021-07-11",0.863,458.684,28.087,12882.594,1.522,493.203,-0.554,0,51.501,0,61.828,57.573,56.939,44.127,31.751,19.814,22.738,18.099,NA,24.292
"2021-07-12",0.862,457.312,28.26,15546.024,1.523,495.222,-0.555,0,51.501,0,61.806,57.578,56.972,44.188,39.79,19.795,22.767,21.841,NA,24.363
"2021-07-13",0.864,460.949,28.386,17249.88,1.524,496.954,-0.554,0,51.501,0,61.792,57.606,57.014,44.242,62.93,20.008,22.729,42.142,NA,24.478
"2021-07-14",0.865,463.763,28.393,17334.534,1.523,494.797,-0.555,0,51.501,0,61.779,57.612,57.046,44.283,88.741,20.42,22.469,72.84,NA,24.575
"2021-07-15",0.867,471.52,28.366,16978.802,1.52,489.663,-0.555,0,51.501,0,61.751,57.715,57.079,44.314,94.647,20.554,22.886,80.981,NA,24.624
"2021-07-16",0.866,468.83,28.297,16098.379,1.523,495.409,-0.555,0,51.501,0,61.745,57.667,57.101,44.347,93.484,20.588,22.911,82.671,NA,24.635
"2021-07-17",0.867,470.725,28.236,15281.171,1.524,497.543,-0.554,0,51.501,0,61.742,57.651,57.136,44.37,87.447,20.551,22.871,78.413,NA,24.587
"2021-07-18",0.867,470.601,28.233,15210.28,1.523,495.092,-0.554,0,51.501,0,61.731,57.668,57.172,44.391,83.577,20.488,22.826,72.857,NA,24.566
"2021-07-19",0.865,465.984,28.294,16069.733,1.52,489.43,-0.554,0,51.501,0,61.697,57.698,57.199,44.414,82.295,20.408,22.806,67.176,NA,24.588
"2021-07-20",0.865,464.282,28.228,15106.304,1.521,491.711,-0.554,0,51.501,0,61.643,57.714,57.233,44.437,80.815,20.387,22.817,66.541,NA,24.609
"2021-07-21",0.865,465.881,28.219,14993.543,1.524,496.781,-0.554,0,51.501,0,61.604,57.757,57.284,44.461,72.855,20.324,22.817,60.831,NA,24.593
"2021-07-22",0.866,468.763,28.26,15631.418,1.523,494.633,-0.554,0,51.501,0,61.559,57.789,57.317,44.483,77.915,20.359,22.838,64.181,NA,24.629
"2021-07-23",0.865,466.39,28.23,15170.265,1.522,492.98,-0.554,0,51.501,0,61.518,57.861,57.361,44.495,77.392,20.395,22.838,65.699,NA,24.637
"2021-07-24",0.864,463.058,28.216,14934.81,1.521,491.307,-0.553,0,51.501,0,61.487,57.883,57.396,44.508,74.922,20.386,22.828,64.796,NA,24.628
"2021-07-25",0.863,459.664,28.215,14922.581,1.521,490.766,-0.553,0,51.501,0,61.465,57.894,57.436,44.523,74.476,20.367,22.818,63.645,NA,24.625
"2021-07-26",0.864,460.797,28.203,14711.065,1.522,492.421,-0.553,0,51.501,0,61.441,57.938,57.486,44.555,74.79,20.351,22.811,62.214,NA,24.643
"2021-07-27",0.861,453.421,28.247,15402.018,1.518,484.49,-0.555,0,51.501,0,61.412,57.962,57.515,44.628,75.725,20.348,22.81,62.06,NA,24.67
"2021-07-28",0.861,454.291,28.312,16293.019,1.524,496.059,-0.555,0,51.501,0,61.39,57.97,57.553,44.739,82.89,20.394,22.823,66.929,NA,24.716
"2021-07-29",0.86,452.005,28.347,16735.399,1.525,499.644,-0.555,0,51.501,0,61.344,58.006,57.6,44.839,97.672,20.596,22.873,84.612,NA,24.752
"2021-07-30",0.858,445.132,28.384,17225.272,1.523,495.212,-0.554,0,51.501,0,61.302,58.041,57.641,44.973,106.53,20.709,22.901,94.913,NA,24.773
"2021-07-31",0.859,448.133,28.477,18486.377,1.522,492.603,-0.555,0,51.501,0,61.273,58.068,57.681,45.079,112.095,20.747,22.921,98.124,NA,24.8
"2021-08-01",0.859,448.998,28.555,19460.137,1.525,498.923,-0.554,0,51.501,0,61.259,58.117,57.734,45.212,125.058,20.851,22.982,108.477,NA,24.853
"2021-08-02",0.86,450.391,28.614,20168.372,1.521,491.906,-0.555,0,51.501,0,61.242,58.159,57.775,45.299,145.204,21.116,23.066,131.931,NA,24.917
"2021-08-03",0.859,448.951,28.676,20928.503,1.516,481.103,-0.554,0,51.501,0,61.218,58.184,57.817,45.335,157.037,21.243,23.086,140.268,NA,24.966
"2021-08-04",0.86,451.105,28.701,21249.359,1.514,476.505,-0.554,0,51.501,0,61.139,58.229,57.865,45.403,170.812,21.387,23.137,117.014,NA,25.022
"2021-08-05",0.86,449.278,28.733,21660.661,1.514,476.314,-0.554,0,51.501,0,61.078,58.281,57.916,45.451,189.45,21.57,23.231,9.863,NA,25.113
"2021-08-06",0.858,446.231,28.781,22282.17,1.515,478.999,-0.554,0,51.501,0,61.023,58.333,57.968,45.474,197.826,21.691,23.237,1.47,NA,25.154
"2021-08-07",0.857,443.473,28.816,22755.109,1.515,478.766,-0.554,0,51.501,0,60.978,58.38,58.023,45.542,202.347,21.741,23.267,1.37,NA,25.185
"2021-08-08",0.857,441.824,28.867,23463.199,1.519,487.423,-0.554,0,51.501,0,60.943,58.428,58.079,45.581,209.821,21.824,23.32,1.345,NA,25.233
"2021-08-09",0.857,440.828,28.892,23813.832,1.535,518.853,-0.553,0,51.501,0,60.921,58.477,58.138,45.594,222.906,21.957,23.401,1.3,NA,25.318
"2021-08-10",0.856,438.626,28.934,24410.968,1.531,510.632,-0.554,0,51.501,0,60.903,58.53,58.193,45.603,231.268,22.033,23.446,1.259,NA,25.368
"2021-08-11",0.856,438.042,28.955,24722.862,1.522,493.428,-0.555,0,51.501,0,60.891,58.553,58.244,45.633,248.642,22.179,23.519,1.235,NA,25.469
"2021-08-12",0.853,431.073,28.964,24838.935,1.52,489.19,-0.555,0,51.501,0,60.878,58.596,58.305,45.67,251.05,22.19,23.567,1.217,NA,25.503
"2021-08-13",0.853,431.748,28.978,25026.574,1.52,489.413,-0.554,0,51.501,0,60.873,58.637,58.365,45.663,250.504,22.197,23.577,1.226,NA,25.523
"2021-08-14",0.851,425.366,28.99,25175.121,1.521,491.729,-0.555,0,51.501,0,60.873,58.678,58.425,45.668,252.599,22.227,23.596,1.264,NA,25.543
"2021-08-15",0.849,419.543,29.008,25397.757,1.529,506.487,-0.555,0,51.501,0,60.874,58.715,58.479,45.683,254.346,22.258,23.593,1.281,NA,25.561
"2021-08-16",0.85,422.16,29.024,25606.447,1.533,515.158,-0.555,0,51.501,0,60.879,58.752,58.535,45.706,258.005,22.267,23.608,1.281,NA,25.578
"2021-08-17",0.851,425.462,29.044,25867.151,1.532,512.219,-0.554,0,51.501,0,60.889,58.797,58.596,45.77,264.118,22.297,23.644,1.327,NA,25.614
"2021-08-18",0.852,427.939,29.052,25974.768,1.527,503.07,-0.554,0,51.501,0,60.899,58.839,58.654,45.814,264.254,22.314,23.655,1.395,NA,25.623
"2021-08-19",0.852,427.925,29.045,25876.397,1.525,499.324,-0.555,0,51.501,0,60.909,58.882,58.711,45.829,252.246,22.269,23.609,1.403,NA,25.578
"2021-08-20",0.85,422.206,29.064,26126.549,1.524,497.824,-0.554,0,51.501,0,60.921,58.927,58.765,45.852,253.98,22.256,23.598,1.417,NA,25.593
"2021-08-21",0.847,414.991,29.082,26372.321,1.523,495.365,-0.554,0,51.501,0,60.934,58.975,58.821,45.871,257.604,22.273,23.623,1.439,NA,25.616
"2021-08-22",0.847,413.647,29.105,26680.733,1.522,492.943,-0.555,0,51.501,0,60.941,59.015,58.861,45.894,261.102,22.296,23.648,1.465,NA,25.645
"2021-08-23",0.846,411.194,29.133,27050.47,1.525,498.252,-0.555,0,51.501,0,60.952,59.05,58.897,45.906,267.536,22.325,23.673,1.504,NA,25.675
"2021-08-24",0.845,409.406,29.154,27337.111,1.529,506.268,-0.555,0,51.501,0,60.971,59.106,58.951,45.909,271.043,22.351,23.666,1.555,NA,25.707
"2021-08-25",0.846,410.07,29.167,27515.106,1.529,507.932,-0.555,0,51.501,0,60.988,59.152,59.007,45.9,276.9,22.377,23.692,1.573,NA,25.753
"2021-08-26",0.845,409.019,29.173,27595.924,1.531,510.446,-0.555,0,51.501,0,61.006,59.197,59.067,45.877,288.151,22.44,23.741,1.532,NA,25.813
"2021-08-27",0.842,400.845,29.173,27595.236,1.54,530.486,-0.555,0,51.501,0,61.023,59.243,59.133,45.848,289.802,22.463,23.761,1.483,NA,25.841
"2021-08-28",0.838,389.451,29.171,27576.078,1.576,609.635,-0.555,0,51.501,0,61.028,59.285,59.182,45.81,289.581,22.481,23.772,1.426,NA,25.849
"2021-08-29",0.839,391.926,29.166,27497.679,1.629,743.873,-0.555,0,51.501,0,61.044,59.33,59.24,45.736,290.234,22.485,23.775,1.406,NA,25.852
"2021-08-30",0.839,391.487,29.155,27356.509,1.659,827.655,-0.554,0,51.501,0,61.057,59.378,59.298,45.651,289.105,22.464,23.754,1.474,NA,25.866
"2021-08-31",0.837,386.288,29.132,27038.843,1.681,891.421,-0.554,0,51.501,0,61.066,59.422,59.351,45.569,287.813,22.435,23.729,1.428,NA,25.897
"2021-09-01",0.836,382.502,29.069,26192.808,1.705,962.99,-0.555,0,51.501,0,61.07,59.475,59.411,45.527,281.563,22.394,23.705,1.402,NA,25.921
"2021-09-02",0.835,381.649,29.025,25625.271,1.742,1083.641,-0.555,0,51.501,0,61.069,59.519,59.463,45.501,266.585,22.312,23.654,1.425,NA,25.911
"2021-09-03",0.839,393.219,29.027,25653.805,1.782,1223.038,-0.555,0,51.501,0,61.077,59.573,59.505,45.521,262.759,22.24,23.654,1.395,NA,25.938
"2021-09-04",0.839,392.743,29.01,25425.277,1.786,1239.995,-0.555,0,51.501,0,61.086,59.62,59.545,45.524,261.557,22.256,23.662,1.363,NA,25.938
"2021-09-05",0.844,405.068,28.958,24734.528,1.784,1230.852,-0.554,0,51.501,0,61.099,59.67,59.598,45.519,257.829,22.267,23.626,1.339,NA,25.928
"2021-09-06",0.85,421.215,28.933,24399.294,1.779,1214.013,-0.554,0,51.501,0,61.112,59.719,59.656,45.507,250.126,22.222,23.572,1.326,NA,25.925
"2021-09-07",0.862,457.464,28.952,24681.611,1.779,1214.335,-0.553,0,51.501,0,61.124,59.769,59.715,45.484,253.672,22.205,23.585,1.341,NA,25.954
"2021-09-08",0.881,512.545,28.959,24769.23,1.778,1210.783,-0.553,0,51.501,0,61.134,59.819,59.774,45.428,270.912,22.294,23.682,1.34,NA,26.017
"2021-09-09",0.903,581.375,28.943,24544.252,1.779,1211.472,-0.554,0,51.501,0,61.142,59.866,59.824,45.382,281.716,22.376,23.741,1.332,NA,26.053
"2021-09-10",0.927,660.618,28.915,24139.862,1.778,1208.778,-0.556,0,51.501,0,61.147,59.921,59.878,45.345,278.954,22.413,23.724,1.334,NA,26.034
"2021-09-11",0.95,738.944,28.884,23693.879,1.773,1190.314,-0.558,0,51.501,0,61.14,59.964,59.91,45.312,274.166,22.397,23.695,1.342,NA,26.007
"2021-09-12",0.972,817.22,28.871,23520.265,1.775,1199.531,-0.557,0,51.501,0,61.142,60.01,59.942,45.27,271.028,22.374,23.669,1.343,NA,25.993
"2021-09-13",0.987,873.851,28.861,23378.943,1.777,1206.811,-0.556,0,51.501,0,61.159,60.051,60.003,45.248,269.178,22.347,23.654,1.348,NA,25.997
"2021-09-14",0.996,910.359,28.816,22753.219,1.778,1208.045,-0.555,0,51.501,0,61.198,60.085,60.055,45.292,262.042,22.309,23.621,1.367,NA,25.984
"2021-09-15",1.002,932.047,28.794,22457.878,1.779,1212.296,-0.555,0,51.501,0,61.222,60.12,60.1,45.384,251.418,22.233,23.583,1.379,NA,25.966
"2021-09-16",1.007,952.967,28.84,23089.252,1.779,1211.846,-0.556,0,51.501,0,61.241,60.161,60.15,45.479,255.095,22.256,23.589,1.391,NA,25.983
"2021-09-17",1.01,961.452,28.873,23543.42,1.777,1206.776,-0.555,0,51.501,0,61.244,60.197,60.171,45.634,267.851,22.369,23.616,1.405,NA,25.997
"2021-09-18",1.012,970.178,28.865,23438.328,1.778,1207.892,-0.555,0,51.501,0,61.255,60.234,60.209,45.736,268.33,22.371,23.608,1.427,NA,25.991
"2021-09-19",1.011,967.149,28.906,24016.75,1.775,1196.797,-0.556,0,51.501,0,61.258,60.263,60.22,45.818,268.411,22.394,23.605,1.448,NA,25.994
"2021-09-20",1.013,974.494,29.012,25461.978,1.778,1210.282,-0.556,0,51.501,0,61.269,60.294,60.228,45.86,277.279,22.505,23.65,1.468,NA,26.024
"2021-09-21",1.015,980.774,29.094,26523.767,1.781,1221.818,-0.556,0,51.501,0,61.285,60.322,60.284,45.871,295.055,22.63,23.768,1.505,NA,26.087
"2021-09-22",1.016,987.398,29.127,26977.817,1.782,1223.656,-0.554,0,51.501,0,61.308,60.349,60.331,45.865,303.478,22.689,23.844,1.516,NA,26.134
"2021-09-23",1.015,982.059,29.15,27285.75,1.776,1202.188,-0.554,0,51.501,0,61.362,60.37,60.352,45.848,310.327,22.705,23.919,1.516,NA,26.158
"2021-09-24",1.014,980.569,29.157,27375.693,1.777,1205.227,-0.556,0,51.501,0,61.4,60.382,60.356,45.829,313.699,22.816,23.969,1.514,NA,26.16
"2021-09-25",1.012,971.74,29.156,27368.548,1.779,1211.253,-0.555,0,51.501,0,61.43,60.392,60.38,45.837,314.849,22.839,23.979,1.498,NA,26.162
"2021-09-26",1.013,975.809,29.161,27438.308,1.781,1218.787,-0.555,0,51.501,0,61.453,60.411,60.4,45.887,316.387,22.849,23.993,1.467,NA,26.169
"2021-09-27",1.013,976.139,29.161,27437.82,1.783,1227.812,-0.556,0,51.501,0,61.478,60.423,60.416,45.928,320.767,22.882,24.039,1.451,NA,26.163
"2021-09-28",1.021,1007.535,29.18,27701.83,1.777,1207.076,-0.555,0,51.501,0,61.513,60.421,60.411,45.976,321.622,22.906,24.056,1.46,NA,26.144
"2021-09-29",1.025,1022.257,29.219,28240.832,1.785,1236.567,-0.554,0,51.501,0,61.561,60.441,60.415,46.035,325.587,22.935,24.087,1.48,NA,26.154
"2021-09-30",1.028,1036.244,29.237,28494.608,1.82,1371.973,-0.554,0,51.577,2.362,61.615,60.435,60.396,46.115,329.44,22.958,24.118,1.532,NA,26.164
"2021-10-01",1.028,1035.696,29.258,28804.463,1.865,1566.557,-0.553,0,52.246,148.214,61.693,60.418,60.387,46.177,331.502,22.958,24.12,1.6,NA,26.153
"2021-10-02",1.029,1037.851,29.29,29272.171,1.928,1868.172,-0.552,0,52.495,349.919,61.814,60.407,60.386,46.227,334.676,22.951,24.12,1.633,NA,26.162
"2021-10-03",1.029,1038.634,29.344,30068.717,1.994,2216.515,-0.554,0,52.617,503.686,61.892,60.404,60.354,46.299,335.134,22.95,24.12,1.648,NA,26.169
"2021-10-04",1.029,1040.61,29.377,30563.9,2.042,2487.147,-0.554,0,52.711,647.771,61.968,60.378,60.348,46.346,339.882,22.97,24.151,1.676,NA,26.188
"2021-10-05",1.03,1040.99,29.376,30553.764,2.064,2622.273,-0.553,0,52.766,740.517,62.03,60.361,60.35,46.366,351.355,23.026,24.25,1.708,NA,26.241
"2021-10-06",1.029,1038.633,29.393,30803.179,2.056,2569.842,-0.556,0,52.776,759.639,62.062,60.352,60.311,46.39,351.147,22.991,24.251,1.687,NA,26.229
"2021-10-07",1.036,1067.37,29.414,31124.506,2.089,2774.946,-0.555,0,52.79,785.027,62.099,60.348,60.326,46.411,354.586,22.953,24.252,1.628,NA,26.223
"2021-10-08",1.052,1132.772,29.419,31202.329,2.101,2858.843,-0.554,0,52.796,795.87,62.12,60.346,60.323,46.427,356.602,22.95,24.259,1.591,NA,26.229
"2021-10-09",1.084,1271.356,29.415,31142.882,2.11,2916.397,-0.557,0,52.799,802.584,62.135,60.347,60.302,46.447,357.435,22.95,24.26,1.575,NA,26.23
"2021-10-10",1.132,1468.28,29.44,31531.17,2.112,2925.727,-0.555,0,52.802,807.919,62.15,60.345,60.306,46.471,354.429,22.946,24.251,1.609,NA,26.217
"2021-10-11",1.193,1653.313,29.466,31950.442,2.112,2925.556,-0.238,0,52.806,814.273,62.157,60.342,60.316,46.489,346.088,22.929,24.222,1.609,NA,26.171
"2021-10-12",1.261,1804.438,29.486,32261.153,2.115,2949.368,1.075,251.833,52.808,818.201,62.158,60.339,60.32,46.516,342.965,22.912,24.204,1.572,NA,26.138
"2021-10-13",1.341,1957.294,29.522,32847.77,2.126,3021.966,1.477,491.535,52.8,803.819,62.14,60.348,60.323,46.561,334.864,22.887,24.165,1.537,NA,26.07
"2021-10-14",1.419,2102.572,29.572,33641.968,2.121,2991.444,1.651,638.08,52.747,707.029,62.105,60.35,60.31,46.601,342.021,22.899,24.197,1.478,NA,26.077
"2021-10-15",1.487,2226.979,29.595,34014.437,2.111,2924.641,1.746,730.017,52.692,615.284,62.077,60.349,60.308,46.616,343.579,22.898,24.198,1.459,NA,26.071
"2021-10-16",1.543,2327.549,29.603,34147.912,2.102,2861.545,1.79,784.038,52.665,572.902,62.053,60.346,60.321,46.621,343.983,22.893,24.193,1.49,NA,26.072
"2021-10-17",1.584,2400.251,29.613,34303.232,2.078,2711.066,1.804,802.409,52.65,550.643,62.022,60.345,60.324,46.625,347.956,22.906,24.211,1.493,NA,26.084
"2021-10-18",1.615,2454.908,29.632,34613.825,2.039,2465.821,1.792,786.717,52.644,541.433,61.988,60.346,60.316,46.627,357.437,22.935,24.256,1.49,NA,26.101
"2021-10-19",1.641,2500.578,29.629,34559.338,2.034,2436.671,1.762,748.257,52.65,550.148,61.971,60.339,60.325,46.632,361.544,22.963,24.288,1.485,NA,26.107
"2021-10-20",1.659,2531.25,29.63,34580.765,2.031,2424.264,1.724,706.031,52.656,559.592,61.974,60.335,60.317,46.639,362.178,22.977,24.29,1.485,NA,26.098
"2021-10-21",1.666,2544.173,29.628,34552.045,2.039,2468.889,1.685,669.221,52.66,565.484,61.963,60.329,60.303,46.647,361.802,22.971,24.288,1.471,NA,26.091
"2021-10-22",1.655,2525.207,29.629,34569.653,2.043,2491.109,1.649,635.555,52.661,567.32,61.945,60.32,60.27,46.654,361.563,22.968,24.281,1.502,NA,26.09
"2021-10-23",1.631,2483.664,29.626,34514.578,2.044,2497.954,1.622,611.251,52.671,582.554,61.941,60.306,60.266,46.666,361.741,22.963,24.28,1.505,NA,26.09
"2021-10-24",1.595,2420.921,29.627,34533.137,2.044,2497.36,1.604,595.438,52.683,599.807,61.937,60.292,60.265,46.685,361.288,22.969,24.282,1.497,NA,26.088
"2021-10-25",1.552,2344.048,29.633,34634.094,2.046,2508.318,1.589,582.056,52.694,618.291,61.938,60.283,60.263,46.701,361.154,22.97,24.289,1.474,NA,26.083
"2021-10-26",1.519,2284.303,29.635,34654.246,2.045,2501.87,1.582,575.914,52.705,635.259,61.936,60.274,60.259,46.709,362.382,22.972,24.294,1.486,NA,26.089
"2021-10-27",1.501,2251.861,29.642,34780.399,2.046,2508.94,1.59,583.211,52.721,662.701,61.941,60.274,60.263,46.727,365.497,22.984,24.311,1.503,NA,26.094
"2021-10-28",1.487,2227.497,29.645,34820.882,2.043,2491.357,1.597,589.309,52.727,672.188,61.93,60.261,60.231,46.743,370.306,22.999,24.319,1.499,NA,26.102
"2021-10-29",1.481,2215.776,29.653,34950.167,2.043,2490.739,1.606,597.199,52.737,690.291,61.93,60.25,60.211,46.767,363.706,22.998,24.32,1.48,NA,26.082
"2021-10-30",1.486,2225.993,29.651,34932.42,2.045,2501.343,1.616,606.225,52.75,711.705,61.937,60.238,60.214,46.778,364.088,22.993,24.32,1.468,NA,26.082
"2021-10-31",1.492,2235.999,29.659,35052.402,2.045,2501.72,1.631,619.225,52.761,732.714,61.946,60.231,60.208,46.792,365.489,23.002,24.32,1.462,NA,26.092
"2021-11-01",1.495,2241.798,29.669,35223.738,2.045,2502.655,1.645,631.85,52.773,753.437,61.959,60.223,60.206,46.779,368.076,23.018,24.336,1.474,NA,26.113
"2021-11-02",1.52,2286.678,29.689,35560.947,2.049,2525.61,1.682,666.419,52.797,797.472,61.979,60.218,60.219,46.779,373.424,23.052,24.393,1.492,NA,26.159
"2021-11-03",1.544,2329.185,29.718,36047.089,2.046,2508.9,1.72,701.541,52.82,842.533,61.986,60.232,60.193,46.803,376.35,23.078,24.429,1.496,NA,26.169
"2021-11-04",1.534,2311.329,29.745,36506.832,2.044,2498,1.724,705.921,52.82,842.151,61.987,60.225,60.198,46.792,381.603,23.114,24.478,1.504,NA,26.181
"2021-11-05",1.537,2317.092,29.742,36449.153,2.042,2485.271,1.739,721.422,52.82,840.899,61.988,60.216,60.191,46.741,387.535,23.145,24.522,1.505,NA,26.219
"2021-11-06",1.536,2316.147,29.746,36519.517,2.044,2499.046,1.756,741.525,52.819,840.121,61.985,60.211,60.175,46.677,388.69,23.179,24.543,1.507,NA,26.236
"2021-11-07",1.534,2311.277,29.751,36604.513,2.045,2502.612,1.767,755.566,52.817,836.691,61.982,60.204,60.17,46.594,390.36,23.222,24.563,1.513,NA,26.261
"2021-11-08",1.53,2305.426,29.74,36427.681,2.045,2502.991,1.774,763.771,52.816,834.979,61.974,60.2,60.174,46.483,390.976,23.234,24.581,1.508,NA,26.267
"2021-11-09",1.522,2290.614,29.69,35574.808,2.041,2480.199,1.776,766.206,52.813,827.691,61.955,60.201,60.148,46.353,390.401,23.223,24.592,1.518,NA,26.254
"2021-11-10",1.523,2292.49,29.632,34616.658,2.043,2494.755,1.79,784.177,52.818,838.46,61.946,60.195,60.163,46.217,388.778,23.225,24.593,1.527,NA,26.223
"2021-11-11",1.536,2315.132,29.635,34664.869,2.043,2494.49,1.81,811.037,52.811,824.918,61.918,60.222,60.153,46.156,386.338,23.218,24.567,1.525,NA,26.188
"2021-11-12",1.535,2313.226,29.586,33872.555,2.043,2492.374,1.813,813.79,52.809,820.796,61.893,60.234,60.166,46.118,384.488,23.243,24.551,1.522,NA,26.169
"2021-11-13",1.533,2309.699,29.533,33030.05,2.041,2482.836,1.811,811.966,52.809,820.283,61.869,60.24,60.178,46.045,381.986,23.25,24.543,1.541,NA,26.154
"2021-11-14",1.528,2300.958,29.45,31690.882,2.043,2490.049,1.806,805.593,52.81,822.561,61.846,60.24,60.184,45.96,375.263,23.224,24.506,1.555,NA,26.107
"2021-11-15",1.521,2289.106,29.392,30791.45,2.042,2487.822,1.799,795.453,52.813,827.8,61.826,60.242,60.19,45.894,361.641,23.212,24.441,1.581,NA,26.015
"2021-11-16",1.516,2278.892,29.352,30179.844,2.044,2498.22,1.788,782.256,52.814,829.902,61.805,60.245,60.211,45.84,355.943,23.132,24.376,1.617,NA,25.971
"2021-11-17",1.51,2268.152,29.268,28952.578,2.045,2504.527,1.778,768.71,52.812,826.31,61.778,60.254,60.226,45.773,347.432,23.031,24.29,1.658,NA,25.941
"2021-11-18",1.504,2257.725,29.213,28163.809,2.045,2501.275,1.771,759.534,52.814,829.465,61.755,60.266,60.228,45.724,332.268,22.966,24.195,1.685,NA,25.864
"2021-11-19",1.506,2261.614,29.176,27644.348,2.044,2495.293,1.774,763.472,52.82,841.604,61.742,60.279,60.239,45.704,322.881,23.025,24.151,1.714,NA,25.816
"2021-11-20",1.507,2262.734,29.155,27346.501,2.043,2493.09,1.78,771.66,52.827,855.198,61.727,60.294,60.24,45.681,318.347,23.026,24.134,1.726,NA,25.785
"2021-11-21",1.505,2259.421,29.109,26733.65,2.043,2492.889,1.784,776.674,52.825,852.037,61.707,60.299,60.26,45.638,312.662,23.011,24.098,1.748,NA,25.759
"2021-11-22",1.505,2260.231,29.078,26316.647,2.042,2483.868,1.789,782.647,52.825,850.509,61.684,60.308,60.279,45.608,303.804,22.994,24.047,1.796,NA,25.746
"2021-11-23",1.522,2289.582,29.063,26120.781,2.043,2490.221,1.801,798.42,52.827,854.92,61.657,60.32,60.284,45.623,300.752,22.924,24.015,1.821,NA,25.729
"2021-11-24",1.585,2401.93,29.061,26090.967,2.045,2502.423,1.81,810.124,52.832,864.915,61.634,60.348,60.311,45.646,299.03,22.842,23.983,1.836,NA,25.716
"2021-11-25",1.656,2526.191,29.064,26129.269,2.037,2458.216,1.814,815.673,52.832,865.731,61.588,60.365,60.282,45.675,297.061,22.787,23.948,1.834,NA,25.699
"2021-11-26",1.645,2507.513,29.058,26050.219,2.037,2456.094,1.81,810.247,52.83,860.794,61.558,60.363,60.32,45.689,297.335,22.766,23.933,1.856,NA,25.691
"2021-11-27",1.602,2432.47,29.051,25955.846,2.054,2562.529,1.807,806.281,52.834,868.18,61.522,60.369,60.333,45.682,297.58,22.779,23.939,1.876,NA,25.69
"2021-11-28",1.567,2371.025,29.052,25972.288,2.134,3089.291,1.804,803.089,52.852,904.503,61.489,60.378,60.341,45.677,297.068,22.769,23.938,1.889,NA,25.69
"2021-11-29",1.545,2331.481,29.057,26036.356,2.248,3939.402,1.803,800.843,52.879,959.83,61.455,60.383,60.348,45.673,297.544,22.722,23.928,1.895,NA,25.69
"2021-11-30",1.531,2306.097,29.039,25799.161,2.318,4448.7,1.802,800.224,52.902,1007.596,61.414,60.387,60.354,45.659,297.954,22.681,23.918,1.88,NA,25.688
"2021-12-01",1.519,2285.451,29.011,25445.346,2.353,4699.721,1.8,797.199,52.925,1057,61.335,60.387,60.354,45.65,294.081,22.673,23.899,1.846,NA,25.674
"2021-12-02",1.517,2280.704,28.984,25096.497,2.385,4945.7,1.801,798.413,52.954,1122.53,61.19,60.386,60.332,45.644,285.86,22.691,23.856,1.816,NA,25.643
"2021-12-03",1.544,2329.484,28.992,25193.369,2.441,5405.558,1.811,811.748,52.979,1180.348,61.113,60.382,60.326,45.643,280.985,22.723,23.834,1.806,NA,25.617
"2021-12-04",1.632,2485.431,28.994,25225.885,2.569,6428.424,1.827,833.459,53.001,1230.369,61.062,60.377,60.34,45.64,283.608,22.711,23.842,1.806,NA,25.631
"2021-12-05",1.778,2734.943,29.02,25559.281,2.873,8165.611,1.847,860.41,53.018,1271.298,61.027,60.369,60.337,45.632,286.407,22.706,23.856,1.8,NA,25.644
"2021-12-06",1.946,3009.1,29.031,25704.129,3.27,9579.772,1.869,890.366,53.03,1300.798,60.989,60.356,60.308,45.611,290.614,22.691,23.876,1.779,NA,25.657
"2021-12-07",2.127,3293.489,29.033,25731.299,3.768,11305.398,1.895,925.628,53.042,1330.629,60.924,60.337,60.276,45.59,293.459,22.697,23.882,1.758,NA,25.666
"2021-12-08",2.352,3656.452,29.048,25916.474,4.353,13352.093,1.919,960.853,53.052,1356.176,60.836,60.317,60.254,45.582,300.651,22.718,23.933,1.756,NA,25.723
"2021-12-09",2.638,4328.957,29.055,26012.899,4.883,15223.097,1.945,998.038,53.061,1378.578,60.743,60.305,60.25,45.58,303.61,22.718,23.984,1.801,NA,25.746
"2021-12-10",2.991,5234.844,29.063,26115.026,5.25,16457.642,1.968,1031.84,53.07,1402.241,60.653,60.29,60.252,45.577,303.029,22.711,23.981,1.865,NA,25.741
"2021-12-11",3.377,6252.835,29.074,26257.392,5.209,15815.721,1.988,1062.638,53.079,1425.087,60.585,60.277,60.246,45.569,304.476,22.71,23.98,1.861,NA,25.744
"2021-12-12",3.778,7342.824,29.125,26945.234,5.342,15783.123,2.006,1089.238,53.091,1454.008,60.514,60.261,60.233,45.558,309.375,22.75,23.998,1.903,NA,25.768
"2021-12-13",4.139,8340.89,29.21,28123.166,5.312,15603.344,2.033,1131.919,53.1,1478.32,60.462,60.252,60.214,45.567,321.001,22.898,24.082,1.986,NA,25.82
"2021-12-14",4.437,9170.854,29.251,28701.393,5.309,15591.459,2.079,1207.502,53.109,1503.421,60.417,60.232,60.196,45.612,335.074,22.972,24.184,2.086,NA,25.897
"2021-12-15",4.688,9875.755,29.334,29912.352,5.321,15637.502,2.128,1290.289,53.119,1529.395,60.397,60.213,60.178,45.68,342.013,22.985,24.236,2.175,NA,25.929
"2021-12-16",4.867,10383.563,29.405,30997.676,5.312,15605.345,2.17,1362.575,53.126,1547.773,60.388,60.188,60.162,45.694,354.73,22.959,24.294,2.261,NA,26.017
"2021-12-17",5.024,10830.716,29.428,31345.479,5.308,15589.625,2.211,1436.206,53.134,1569.941,60.388,60.17,60.142,45.693,363.691,23.031,24.39,2.386,NA,26.094
"2021-12-18",5.141,11168.057,29.469,31995.053,5.321,15636.511,2.248,1504.415,53.142,1591.146,60.398,60.15,60.117,45.728,364.768,23.118,24.423,2.478,NA,26.104
"2021-12-19",5.202,11343.215,29.545,33217.509,5.34,15705.786,2.279,1573.039,53.146,1602.981,60.395,60.127,60.087,45.769,369.661,23.163,24.468,2.542,NA,26.148
"2021-12-20",5.272,11543.992,29.595,34015.442,5.478,16202.88,2.308,1646.571,53.152,1617.237,60.384,60.104,60.071,45.8,379.111,23.253,24.574,2.551,NA,26.245
"2021-12-21",5.336,11730.362,29.637,34696.999,5.634,16774.357,2.333,1709.384,53.156,1630.052,60.362,60.081,60.041,45.815,382.624,23.292,24.619,2.568,NA,26.259
"2021-12-22",5.378,11852.793,29.662,35102.078,5.772,17309.883,2.353,1763.513,53.161,1642.916,60.345,60.061,60.025,45.816,385.533,23.316,24.638,2.58,NA,26.269
"2021-12-23",5.411,11946.748,29.671,35263.82,5.847,17607.165,2.37,1809.698,53.165,1655.521,60.331,60.036,60.006,45.811,388.407,23.341,24.67,2.613,NA,26.296
"2021-12-24",5.449,12058.182,29.683,35456.969,5.877,17725.629,2.385,1852.338,53.166,1657.467,60.323,60.014,59.975,45.802,388.616,23.352,24.682,2.626,NA,26.293
"2021-12-25",5.483,12158.661,29.702,35769.531,5.887,17767.27,2.398,1890.225,53.168,1663.485,60.311,59.988,59.932,45.794,389.542,23.359,24.692,2.631,NA,26.304
"2021-12-26",5.517,12257.593,29.72,36086.312,5.895,17798.009,2.41,1924.915,53.172,1673.472,60.302,59.956,59.907,45.757,391.334,23.362,24.704,2.526,NA,26.323
"2021-12-27",5.551,12355.605,29.73,36251.585,5.903,17829.585,2.425,1963.484,53.174,1680.389,60.307,59.93,59.898,45.692,392.723,23.363,24.721,2.464,NA,26.343
"2021-12-28",5.581,12443.445,29.73,36253.841,5.91,17859.599,2.441,2005.022,53.181,1700.022,60.314,59.91,59.887,45.606,394.454,23.333,24.727,2.449,NA,26.359
"2021-12-29",5.609,12525.601,29.693,35618.001,5.916,17882.975,2.455,2046.294,53.184,1707.837,60.322,59.889,59.867,45.551,394.336,23.298,24.714,2.487,NA,26.349
"2021-12-30",5.634,12599.224,29.641,34757.528,5.922,17907.041,2.469,2085.864,53.19,1724.249,60.333,59.87,59.846,45.471,390.053,23.277,24.685,2.571,NA,26.304
"2021-12-31",5.658,12667.446,29.608,34216.287,5.927,17927.177,2.482,2117.075,53.194,1736.164,60.346,59.847,59.825,45.407,386.042,23.254,24.653,2.597,NA,26.263
"2022-01-01",5.677,12723.449,29.581,33795.547,5.933,17950.654,2.494,2141.137,53.199,1749.769,60.361,59.828,59.798,45.362,381.066,23.225,24.616,2.59,NA,26.226
"2022-01-02",5.694,12774.509,29.56,33446.866,5.935,17959.006,2.502,2155.623,53.199,1751.177,60.375,59.807,59.764,45.313,377.778,23.197,24.585,2.609,NA,26.195
"2022-01-03",5.711,12823.062,29.527,32924.207,5.939,17974.427,2.505,2162.471,53.21,1784.417,60.385,59.782,59.728,45.261,374.399,23.172,24.551,2.576,NA,26.163
"2022-01-04",5.727,12871.886,29.506,32591.712,5.945,17997.895,2.508,2167.293,53.229,1837.936,60.4,59.756,59.701,45.186,370.377,23.136,24.506,2.524,NA,26.132
"2022-01-05",5.746,12926.122,29.461,31861.688,5.95,18016.475,2.51,2170.972,53.231,1843.154,60.419,59.733,59.68,45.072,367.968,23.109,24.479,2.539,NA,26.123
"2022-01-06",5.763,12976.12,29.42,31217.431,5.954,18034.291,2.512,2176.062,53.234,1851.815,60.44,59.707,59.657,45.027,363.199,23.096,24.459,2.519,NA,26.093
"2022-01-07",5.784,13037.788,29.388,30729.663,5.961,18059.144,2.517,2184.912,53.237,1861.693,60.463,59.686,59.632,44.985,358.665,23.077,24.418,2.499,NA,26.056
"2022-01-08",5.8,13084.705,29.36,30308.491,5.971,18101.794,2.523,2197.715,53.241,1875.206,60.491,59.664,59.625,44.94,356.869,23.057,24.394,2.492,NA,26.027
"2022-01-09",5.815,13127.952,29.308,29532.656,5.98,18136.777,2.529,2209.678,53.246,1890.557,60.521,59.639,59.607,44.885,352.603,23.028,24.354,2.499,NA,26.002
"2022-01-10",5.831,13176.268,29.272,29002.194,5.964,18072.908,2.54,2232.73,53.252,1908.587,60.557,59.614,59.596,44.853,345.623,22.974,24.286,2.503,NA,25.972
"2022-01-11",5.852,13238.378,29.215,28193.688,5.944,17995.014,2.55,2252.109,53.255,1914.727,60.583,59.602,59.578,44.772,340.115,22.931,24.237,2.516,NA,25.959
"2022-01-12",5.865,13277.336,29.195,27908.929,5.947,18005.923,2.566,2283.499,53.259,1927.873,60.575,59.606,59.586,44.717,332.028,22.888,24.182,2.539,NA,25.921
"2022-01-13",5.882,13327.221,29.187,27788.473,5.955,18038.979,2.584,2322.137,53.262,1938.562,60.557,59.625,59.592,44.768,327.241,22.856,24.148,2.562,NA,25.904
"2022-01-14",5.892,13356.454,29.162,27444.541,5.955,18035.39,2.596,2346.661,53.264,1943.081,60.542,59.631,59.582,44.773,319.514,22.804,24.078,2.59,NA,25.884
"2022-01-15",5.902,13387.281,29.158,27389.651,5.947,18005.533,2.609,2372.276,53.266,1948.592,60.535,59.638,59.596,44.761,319.567,22.8,24.077,2.638,NA,25.887
"2022-01-16",5.915,13423.995,29.158,27392.837,5.922,17906.524,2.618,2391.752,53.266,1948.369,60.528,59.64,59.588,44.765,319.006,22.798,24.071,2.7,NA,25.881
"2022-01-17",5.926,13455.768,29.179,27688.809,5.922,17904.059,2.629,2414.227,53.267,1951.311,60.529,59.651,59.597,44.786,319.835,22.795,24.077,2.772,NA,25.889
"2022-01-18",5.936,13485.689,29.202,28009.063,5.924,17912.924,2.642,2441.188,53.267,1951.741,60.532,59.652,59.613,44.834,326.28,22.82,24.116,2.797,NA,25.922
"2022-01-19",5.945,13514.371,29.219,28247.232,5.924,17912.427,2.649,2455.372,53.267,1951.397,60.531,59.646,59.632,44.863,331.628,22.857,24.169,2.768,NA,25.932
"2022-01-20",5.951,13530.464,29.199,27965.88,5.931,17942.925,2.651,2459.704,53.263,1939.819,60.526,59.653,59.641,44.871,328.104,22.856,24.147,2.809,NA,25.909
"2022-01-21",5.957,13547.515,29.197,27938.718,5.944,17994.041,2.651,2460.81,53.258,1924.678,60.52,59.66,59.64,44.859,327.464,22.841,24.133,2.86,NA,25.903
"2022-01-22",5.963,13566.849,29.202,28008.757,5.963,18069.127,2.655,2467.712,53.251,1905.112,60.518,59.672,59.641,44.833,329.366,22.842,24.142,2.91,NA,25.912
"2022-01-23",5.972,13592.475,29.219,28249.956,5.979,18131.19,2.661,2480.147,53.246,1888.334,60.52,59.674,59.64,44.826,330.98,22.849,24.152,2.919,NA,25.922
"2022-01-24",5.981,13618.57,29.238,28517.579,5.993,18186.877,2.67,2500.625,53.239,1869.36,60.526,59.684,59.648,44.807,329.921,22.843,24.146,2.957,NA,25.921
"2022-01-25",5.992,13653.001,29.251,28699.04,6.02,18297.152,2.683,2528.066,53.233,1849.346,60.521,59.688,59.658,44.81,324.288,22.828,24.112,2.947,NA,25.903
"2022-01-26",6.045,13811.677,29.319,29688.897,6.058,18448.561,2.686,2535.025,53.225,1827.49,60.522,59.689,59.662,44.897,329.345,22.855,24.149,2.935,NA,25.946
"2022-01-27",6.049,13825.036,29.388,30736.812,6.039,18371.122,2.695,2552.906,53.221,1814.283,60.54,59.704,59.675,44.969,339.192,22.892,24.207,2.958,NA,25.996
"2022-01-28",6.048,13821.479,29.398,30885.172,6.033,18347.771,2.708,2580.49,53.221,1814.189,60.562,59.721,59.677,44.999,348.771,22.941,24.279,2.987,NA,26.056
"2022-01-29",6.05,13829.484,29.394,30816.277,6.016,18278.884,2.717,2600.516,53.215,1798.532,60.582,59.727,59.683,45.013,348.493,22.961,24.299,2.997,NA,26.06
"2022-01-30",6.052,13833.931,29.403,30961.819,6.002,18223.513,2.726,2620.848,53.211,1787.151,60.596,59.728,59.688,45.017,345.539,22.965,24.289,3.008,NA,26.042
"2022-01-31",6.053,13837.394,29.403,30961.835,6.001,18219.335,2.727,2624.4,53.208,1777.405,60.606,59.737,59.691,45.002,332.386,22.931,24.226,3.059,NA,25.96
"2022-02-01",6.053,13837.95,29.396,30851.211,5.992,18185.339,2.713,2592.165,53.201,1757.897,60.609,59.725,59.652,44.978,315.83,22.849,24.117,3.115,NA,25.863
"2022-02-02",6.056,13845.56,29.39,30759.68,5.982,18144.584,2.696,2555.555,53.194,1737.268,60.619,59.715,59.646,44.962,305.588,22.783,24.032,3.103,NA,25.807
"2022-02-03",6.065,13872.985,29.382,30636.647,5.975,18118.607,2.684,2529.858,53.189,1722.021,60.633,59.711,59.655,44.942,301.557,22.736,23.979,3.107,NA,25.782
"2022-02-04",6.071,13891.135,29.368,30421.816,5.972,18103.307,2.679,2518.338,53.185,1711.696,60.648,59.711,59.672,44.929,298.894,22.709,23.961,3.111,NA,25.78
"2022-02-05",6.073,13899.56,29.352,30190.933,5.97,18096.166,2.676,2512.201,53.185,1709.992,60.658,59.71,59.682,44.922,297.955,22.698,23.958,3.068,NA,25.778
"2022-02-06",6.077,13910.022,29.342,30029.063,5.97,18095.647,2.673,2505.607,53.182,1701.112,60.667,59.712,59.688,44.918,296.615,22.688,23.948,3.066,NA,25.768
"2022-02-07",6.082,13927.004,29.339,29982.169,5.971,18100.214,2.667,2494.723,53.179,1694.458,60.678,59.722,59.69,44.922,295.61,22.681,23.938,3.099,NA,25.758
"2022-02-08",6.089,13945.802,29.328,29826.655,5.972,18106.628,2.667,2492.806,53.181,1699.057,60.694,59.729,59.69,44.926,293.875,22.678,23.928,3.081,NA,25.748
"2022-02-09",6.089,13947.298,29.311,29578.632,5.909,17236.047,2.662,2483.433,53.179,1692.682,60.748,59.736,59.67,44.919,290.423,22.662,23.907,3.009,NA,25.732
"2022-02-10",6.091,13953.453,29.31,29560.011,5.677,15041.83,2.653,2464.403,53.173,1677.879,60.847,59.734,59.671,44.922,286.418,22.637,23.872,2.987,NA,25.709
"2022-02-11",6.093,13960.692,29.318,29678.509,5.44,14210.913,2.648,2454.246,53.169,1665.254,60.924,59.736,59.682,44.919,290.815,22.649,23.9,2.989,NA,25.728
"2022-02-12",6.097,13970.795,29.307,29515.215,5.267,13675.041,2.648,2453.382,53.169,1664.534,60.977,59.741,59.703,44.906,291.827,22.652,23.912,3.002,NA,25.732
"2022-02-13",6.1,13979.546,29.299,29401.863,5.165,13360.193,2.647,2451.72,53.169,1665.119,61.018,59.745,59.711,44.888,293.206,22.659,23.919,3.025,NA,25.739
"2022-02-14",6.101,13984.877,29.297,29365.12,5.11,13191.307,2.642,2442.146,53.167,1661.089,61.05,59.766,59.721,44.878,292.769,22.66,23.918,3.063,NA,25.738
"2022-02-15",6.105,13995.412,29.294,29325.502,5.038,12971.521,2.628,2412.551,53.165,1653.404,61.078,59.787,59.733,44.87,296.05,22.669,23.928,3.137,NA,25.748
"2022-02-16",6.113,14019.305,29.303,29461.176,4.813,12281.084,2.607,2368.093,53.162,1646.714,61.139,59.81,59.734,44.871,309.391,22.707,23.994,3.148,NA,25.812
"2022-02-17",6.114,14023.062,29.313,29606.338,4.523,11412.233,2.579,2310.833,53.157,1631.82,61.201,59.825,59.742,44.886,313.272,22.742,24.032,3.119,NA,25.843
"2022-02-18",6.107,14003.53,29.316,29643.804,4.277,10696.215,2.55,2251.312,53.152,1617.683,61.265,59.843,59.774,44.896,314.965,22.761,24.053,3.14,NA,25.861
"2022-02-19",6.094,13961.648,29.309,29548.886,4.066,10083.992,2.517,2186.578,53.15,1613.214,61.324,59.859,59.799,44.896,315.768,22.772,24.069,3.198,NA,25.867
"2022-02-20",6.072,13895.955,29.319,29693.073,3.857,9480.071,2.476,2105.614,53.15,1612.391,61.383,59.879,59.802,44.884,315.762,22.779,24.07,3.227,NA,25.863
"2022-02-21",6.037,13788.363,29.331,29876.495,3.561,8631.875,2.428,2013.953,53.148,1606.648,61.431,59.907,59.833,44.833,320.674,22.789,24.088,3.229,NA,25.885
"2022-02-22",5.986,13633.336,29.338,29970.249,3.176,7536.611,2.374,1930.959,53.147,1604.124,61.458,59.945,59.878,44.725,332.395,22.827,24.154,3.219,NA,25.943
"2022-02-23",5.918,13432.248,29.321,29725.665,3.16,7489.282,2.324,1855.645,53.145,1599.318,61.471,60,59.928,44.66,335.186,22.869,24.194,3.173,NA,25.973
"2022-02-24",5.823,13153.713,29.303,29455.441,3.22,7658.548,2.276,1784.145,53.132,1563.786,61.484,60.051,59.979,44.587,335.726,22.909,24.218,3.136,NA,25.987
"2022-02-25",5.683,12742.589,29.231,28422.002,3.256,7762.162,2.237,1726.921,53.106,1495.553,61.491,60.11,60.034,44.465,332.707,22.913,24.207,3.163,NA,25.963
"2022-02-26",5.501,12210.402,29.178,27676.203,3.281,7833.168,2.213,1692.691,53.078,1420.367,61.492,60.163,60.094,44.353,322.549,22.883,24.154,3.182,NA,25.896
"2022-02-27",5.292,11603.951,29.119,26866.079,3.324,7954.719,2.2,1672.772,53.049,1348.494,61.484,60.212,60.152,44.261,314.97,22.841,24.104,3.188,NA,25.847
"2022-02-28",5.094,11032.076,29.08,26342.076,3.333,7980.977,2.195,1666.517,53.029,1298.932,61.472,60.274,60.213,44.223,303.795,22.794,24.036,3.218,NA,25.789
"2022-03-01",4.915,10520.393,29.002,25323.536,3.326,7961.887,2.181,1645.79,52.986,1195.329,61.44,60.296,60.251,44.173,297.174,22.749,23.98,3.263,NA,25.749
"2022-03-02",4.753,10058.691,28.897,23891.515,3.301,7888.906,2.157,1611.731,52.936,1082.299,61.414,60.32,60.282,44.068,281.785,22.714,23.888,3.234,NA,25.656
"2022-03-03",4.64,9741.951,28.84,23084.414,3.296,7877.036,2.124,1564.321,52.884,970.986,61.393,60.342,60.307,43.938,266.695,22.718,23.796,3.093,NA,25.572
"2022-03-04",4.568,9538.048,28.76,22017.851,3.294,7869.873,2.078,1500.783,52.827,854.729,61.358,60.358,60.298,43.811,248.846,22.605,23.671,3.065,NA,25.508
"2022-03-05",4.528,9425.667,28.681,20995.151,3.289,7855.359,2.025,1426.245,52.777,760.314,61.329,60.361,60.296,43.751,233.831,22.514,23.563,3.088,NA,25.441
"2022-03-06",4.504,9357.446,28.597,19959.009,3.218,7865.569,1.962,1340.944,52.733,683.02,61.308,60.364,60.318,43.727,224.239,22.451,23.48,3.09,NA,25.38
"2022-03-07",4.484,9302.456,28.499,18792.707,3.02,7729.921,1.89,1245.574,52.688,608.334,61.304,60.354,60.295,43.706,205.377,22.362,23.346,3.095,NA,25.32
"2022-03-08",4.473,9272.645,28.433,17884.686,2.809,7482.66,1.813,1146.17,52.65,549.879,61.308,60.336,60.293,43.697,192.658,22.293,23.248,3.117,NA,25.273
"2022-03-09",4.456,9225.206,28.403,17479.721,2.721,7242.658,1.738,1050.345,52.618,503.4,61.33,60.309,60.277,43.687,182.258,22.218,23.189,3.133,NA,25.261
"2022-03-10",4.43,9152.369,28.412,17596.697,2.682,7004.62,1.666,962.851,52.587,460.777,61.349,60.282,60.257,43.679,177.41,22.194,23.201,3.138,NA,25.237
"2022-03-11",4.388,9033.463,28.411,17582.812,2.657,6856.328,1.601,883.811,52.565,431.672,61.363,60.261,60.232,43.668,179.044,22.202,23.212,3.2,NA,25.249
"2022-03-12",4.321,8848.19,28.403,17467.275,2.641,6764.386,1.541,814.107,52.565,431.611,61.375,60.239,60.223,43.66,179.427,22.209,23.219,3.288,NA,25.25
"2022-03-13",4.248,8646.054,28.389,17288.24,2.63,6699.259,1.498,764.019,52.586,460.122,61.383,60.213,60.203,43.692,178.897,22.192,23.216,3.365,NA,25.248
"2022-03-14",4.183,8466.084,28.394,17346.571,2.623,6652.824,1.49,755.872,52.601,479.149,61.395,60.206,60.194,43.715,178.072,22.132,23.199,3.424,NA,25.241
"2022-03-15",4.108,8255.396,28.389,17290.628,2.619,6616.033,1.491,756.094,52.598,476.055,61.41,60.207,60.187,43.71,177.73,22.098,23.186,3.464,NA,25.24
"2022-03-16",4.034,8048.952,28.405,17501.09,2.606,6523.661,1.493,759.339,52.594,470.251,61.416,60.189,60.163,43.716,179.144,22.032,23.184,3.45,NA,25.242
"2022-03-17",3.967,7862.608,28.395,17366.567,2.599,6464.644,1.487,752.073,52.594,470.62,61.416,60.171,60.14,43.719,182.576,22.046,23.22,3.441,NA,25.243
"2022-03-18",3.905,7691.563,28.355,16837.681,2.601,6485.78,1.477,740.821,52.639,534.253,61.396,60.158,60.127,43.709,179.998,22.032,23.193,3.414,NA,25.215
"2022-03-19",3.851,7542.001,28.321,16402.291,2.606,6517.041,1.45,710.448,52.714,650.476,61.375,60.147,60.117,43.721,177.116,21.993,23.151,3.401,NA,25.185
"2022-03-20",3.802,7406.116,28.299,16123.135,2.602,6492.498,1.426,684.048,52.775,758.455,61.355,60.134,60.107,43.788,174.418,21.956,23.106,3.387,NA,25.159
"2022-03-21",3.757,7283.476,28.265,15702.215,2.595,6435.187,1.423,681.372,52.817,836.714,61.333,60.119,60.086,43.817,170.705,21.898,23.079,3.369,NA,25.139
"2022-03-22",3.721,7184.387,28.263,15679.152,2.588,6387.118,1.457,718.694,52.846,892.76,61.308,60.099,60.058,43.812,164.445,21.791,23.077,3.373,NA,25.105
"2022-03-23",3.686,7088.205,28.28,15891.668,2.589,6390.733,1.524,794.248,52.87,940.437,61.289,60.082,60.049,43.832,165.589,21.794,23.101,3.398,NA,25.114
"2022-03-24",3.655,7004.529,28.32,16388.015,2.585,6365.014,1.6,883.22,52.89,983.137,61.271,60.066,60.025,43.859,168.049,21.827,23.114,3.421,NA,25.138
"2022-03-25",3.626,6924.315,28.332,16544.218,2.583,6344.654,1.672,969.814,52.911,1027.626,61.262,60.051,60.018,43.895,172.604,21.89,23.131,3.407,NA,25.168
"2022-03-26",3.598,6849.486,28.315,16327.206,2.579,6318.042,1.729,1040.084,52.93,1067.709,61.256,60.036,60.011,43.979,173.02,21.907,23.139,3.356,NA,25.168
"2022-03-27",3.574,6784.772,28.312,16287.903,2.572,6265.815,1.774,1095.855,52.945,1102.069,61.255,60.027,59.998,44.084,172.194,21.898,23.138,3.263,NA,25.161
"2022-03-28",3.554,6729.925,28.34,16650.236,2.556,6152.884,1.809,1139.824,52.959,1133.209,61.258,60.016,59.981,44.145,173.448,21.904,23.128,3.221,NA,25.167
"2022-03-29",3.534,6673.936,28.371,17043.513,2.548,6088.473,1.837,1176.66,52.971,1160.038,61.259,60,59.948,44.192,178.001,21.944,23.123,3.18,NA,25.188
"2022-03-30",3.516,6626.285,28.416,17661.358,2.546,6076.455,1.862,1208.373,52.983,1188.999,61.262,59.979,59.92,44.272,182.142,21.958,23.141,3.158,NA,25.201
"2022-03-31",3.497,6574.414,28.464,18318.77,2.546,6074.35,1.884,1237.317,52.995,1216.492,61.278,59.957,59.918,44.303,192.069,22.027,23.188,3.144,NA,25.242
"2022-04-01",3.475,6515.56,28.459,18248.393,2.545,6072.204,1.905,1264.826,53.005,1240.434,61.303,59.944,59.91,44.319,193.911,22.069,23.229,3.106,NA,25.259
"2022-04-02",3.455,6462.915,28.477,18493.068,2.545,6068.854,1.927,1294.483,53.016,1267.035,61.327,59.936,59.905,44.335,195.399,22.084,23.246,3.03,NA,25.264
"2022-04-03",3.44,6421.138,28.512,18960.413,2.545,6066.711,1.95,1324.762,53.027,1294.203,61.36,59.925,59.896,44.346,198.311,22.103,23.273,2.979,NA,25.286
"2022-04-04",3.424,6379.683,28.549,19390.855,2.545,6068.254,1.97,1351.4,53.036,1315.77,61.408,59.915,59.887,44.332,200.885,22.126,23.298,2.903,NA,25.313
"2022-04-05",3.411,6342.759,28.562,19538.11,2.543,6056.453,1.986,1373.055,53.046,1339.308,61.452,59.899,59.864,44.317,204.783,22.171,23.339,2.859,NA,25.336
"2022-04-06",3.402,6318.581,28.551,19419.79,2.549,6098.718,2.002,1394.92,53.052,1354.689,61.488,59.898,59.857,44.275,210.129,22.262,23.379,2.808,NA,25.352
"2022-04-07",3.395,6299.654,28.549,19386.719,2.597,6457.116,2.016,1415.07,53.06,1375.725,61.509,59.904,59.866,44.239,208.524,22.337,23.392,2.757,NA,25.332
"2022-04-08",3.391,6290.257,28.551,19411.221,2.66,6875.284,2.032,1436.917,53.067,1392.921,61.52,59.915,59.878,44.239,208.138,22.379,23.402,2.677,NA,25.33
"2022-04-09",3.385,6274.512,28.536,19240.171,2.734,7313.889,2.047,1457.37,53.074,1412.255,61.528,59.928,59.892,44.227,207.717,22.385,23.407,2.66,NA,25.328
"2022-04-10",3.383,6267.646,28.511,18956.611,2.836,7802.555,2.058,1472.828,53.081,1428.051,61.513,59.959,59.911,44.15,205.453,22.367,23.392,2.648,NA,25.312
"2022-04-11",3.391,6289.742,28.505,18876.606,2.924,8097.836,2.067,1484.166,53.087,1445.157,61.489,59.983,59.931,44.083,200.613,22.349,23.36,2.645,NA,25.282
"2022-04-12",3.416,6357.519,28.463,18306.172,3.008,8333.178,2.074,1494.675,53.092,1458.412,61.462,60.007,59.955,43.977,197.532,22.323,23.333,2.663,NA,25.271
"2022-04-13",3.462,6480.353,28.443,18020.946,3.096,8576.567,2.082,1505.85,53.096,1467.867,61.426,60.032,59.986,43.876,187.163,22.262,23.272,2.673,NA,25.242
"2022-04-14",3.526,6653.808,28.442,18010.124,3.173,8791.862,2.092,1519.305,53.1,1477.657,61.355,60.057,60.014,43.803,186.697,22.248,23.261,2.679,NA,25.24
"2022-04-15",3.601,6856.326,28.436,17918.419,3.213,8902.257,2.102,1534.362,53.103,1487.528,61.325,60.084,60.04,43.721,186.402,22.241,23.26,2.693,NA,25.24
"2022-04-16",3.679,7069.778,28.399,17423.813,3.236,8965.042,2.111,1546.707,53.107,1497.297,61.311,60.11,60.071,43.642,184.446,22.236,23.253,2.691,NA,25.231
"2022-04-17",3.766,7307.791,28.356,16847.689,3.248,8999.801,2.121,1560.197,53.111,1507.005,61.299,60.132,60.09,43.619,181.942,22.219,23.229,2.71,NA,25.204
"2022-04-18",3.878,7615.416,28.424,17755.532,3.27,9059.424,2.14,1587.807,53.114,1516.872,61.303,60.18,60.113,43.679,184.045,22.213,23.227,2.727,NA,25.216
"2022-04-19",3.956,7833.206,28.44,17975.915,3.265,9047.868,2.15,1601.518,53.118,1526.773,61.309,60.205,60.151,43.713,187.77,22.231,23.255,2.768,NA,25.243
"2022-04-20",4.01,7983.535,28.425,17770.41,3.255,9018.56,2.156,1610.545,53.122,1536.668,61.31,60.218,60.176,43.754,192.582,22.267,23.274,2.849,NA,25.252
"2022-04-21",4.052,8098.28,28.405,17495.704,3.264,9043.729,2.158,1613.756,53.126,1546.556,61.313,60.229,60.187,43.801,190.201,22.263,23.254,2.944,NA,25.227
"2022-04-22",4.088,8200.326,28.406,17518.84,3.323,9207.989,2.161,1616.657,53.129,1556.619,61.337,60.231,60.197,43.848,189.119,22.239,23.229,2.972,NA,25.213
"2022-04-23",4.119,8287.734,28.419,17689.99,3.419,9471.782,2.163,1620.386,53.133,1566.563,61.367,60.228,60.207,43.879,189.891,22.231,23.223,3.041,NA,25.222
"2022-04-24",4.146,8362.685,28.443,18015.786,3.542,9811.45,2.166,1623.835,53.137,1576.598,61.394,60.233,60.213,43.898,191.644,22.234,23.236,3.057,NA,25.234
"2022-04-25",4.178,8450.625,28.53,19135.706,3.685,10214.494,2.189,1657.892,53.14,1586.767,61.442,60.246,60.25,43.934,198.692,22.271,23.289,3.072,NA,25.273
"2022-04-26",4.229,8591.297,28.576,19710.044,3.868,10778.43,2.232,1719.996,53.144,1596.829,61.486,60.296,60.278,44.021,214.45,22.342,23.397,3.097,NA,25.356
"2022-04-27",4.277,8725.82,28.584,19798.847,4.074,11419.548,2.247,1741.92,53.148,1606.912,61.505,60.306,60.281,44.057,215.45,22.332,23.419,3.118,NA,25.372
"2022-04-28",4.334,8882.65,28.593,19906.488,4.24,11938.548,2.255,1753.108,53.152,1617.187,61.526,60.306,60.281,44.055,216.681,22.304,23.422,3.083,NA,25.379
"2022-04-29",4.412,9099.674,28.621,20253.893,4.316,12177.387,2.263,1765.336,53.155,1627.44,61.566,60.311,60.274,44.065,217.999,22.312,23.432,2.999,NA,25.384
"2022-04-30",4.497,9339.465,28.647,20570.804,4.381,12379.919,2.263,1765.795,53.159,1637.599,61.613,60.307,60.282,44.056,220.938,22.322,23.446,2.926,NA,25.406
"2022-05-01",4.6,9627.724,28.685,21040.04,4.526,12835.212,2.268,1771.991,53.163,1647.836,61.67,60.308,60.283,44.037,225.852,22.336,23.482,2.804,NA,25.435
"2022-05-02",4.707,9929.521,28.699,21223.894,4.71,13460.703,2.279,1788.364,53.166,1658.369,61.787,60.307,60.284,44.005,234.18,22.365,23.527,2.605,NA,25.454
"2022-05-03",4.808,10214.827,28.703,21266.435,4.868,14018.003,2.291,1806.024,53.17,1668.633,61.781,60.317,60.281,43.972,234.679,22.386,23.526,2.571,NA,25.441
"2022-05-04",4.9,10478.542,28.727,21583.575,4.925,14222.662,2.303,1824.405,53.174,1678.93,61.727,60.328,60.283,43.932,235.672,22.381,23.513,2.54,NA,25.444
"2022-05-05",4.988,10730.141,28.749,21860.059,4.925,14222.623,2.317,1844.684,53.177,1688.78,61.699,60.339,60.301,43.889,238.686,22.382,23.526,2.551,NA,25.463
"2022-05-06",5.069,10960.387,28.759,21989.066,4.915,14184.061,2.331,1866.123,53.176,1685.873,61.68,60.347,60.313,43.809,240.438,22.394,23.551,2.568,NA,25.481
"2022-05-07",5.146,11180.879,28.757,21970.195,4.911,14171.475,2.345,1887.269,53.177,1688.753,61.664,60.353,60.323,43.775,241.804,22.411,23.562,2.567,NA,25.492
"2022-05-08",5.219,11391.456,28.744,21804.349,4.906,14152.702,2.36,1910.111,53.177,1686.96,61.651,60.358,60.333,43.753,242.797,22.426,23.576,2.551,NA,25.497
"2022-05-09",5.284,11579.496,28.738,21721.784,4.89,14097.801,2.373,1929.033,53.176,1685.171,61.644,60.361,60.337,43.711,246.068,22.448,23.592,2.525,NA,25.488
"2022-05-10",5.347,11762.829,28.733,21655.803,4.898,14124.972,2.394,1960.311,53.182,1703.563,61.663,60.375,60.356,43.675,247.286,22.459,23.583,2.523,NA,25.487
"2022-05-11",5.414,11957.994,28.729,21603.809,4.905,14149.264,2.414,1990.981,53.187,1715.326,61.678,60.392,60.369,43.653,252.073,22.486,23.613,2.521,NA,25.504
"2022-05-12",5.457,12081.51,28.73,21610.887,4.906,14154.955,2.425,2007.889,53.187,1717.104,61.717,60.397,60.374,43.635,250.091,22.474,23.597,2.512,NA,25.489
"2022-05-13",5.489,12174.584,28.727,21581.937,4.925,14222.673,2.432,2020.286,53.188,1718.411,61.802,60.389,60.374,43.637,249.355,22.452,23.579,2.517,NA,25.478
"2022-05-14",5.513,12245.976,28.724,21542.092,4.993,14464.052,2.437,2028.386,53.188,1720.546,61.853,60.383,60.365,43.668,248.526,22.45,23.571,2.539,NA,25.468
"2022-05-15",5.527,12286.076,28.718,21461.918,5.134,14966.951,2.437,2028.747,53.187,1716.765,61.896,60.376,60.355,43.734,247.555,22.45,23.57,2.562,NA,25.458
"2022-05-16",5.54,12324.296,28.714,21409.414,5.401,15922.821,2.438,2030.311,53.186,1714.332,61.949,60.365,60.347,43.835,246.81,22.448,23.566,2.58,NA,25.451
"2022-05-17",5.552,12359.037,28.719,21475.192,5.514,16330.242,2.439,2033.381,53.185,1712.304,61.997,60.357,60.337,44.008,246.742,22.441,23.553,2.586,NA,25.452
"2022-05-18",5.564,12392.287,28.745,21807.464,5.569,16532.081,2.443,2041.549,53.184,1708.484,62.042,60.344,60.327,44.171,248.282,22.442,23.562,2.605,NA,25.464
"2022-05-19",5.582,12444.904,28.811,22700.451,5.638,16786.647,2.452,2058.252,53.183,1705.349,62.078,60.335,60.317,44.292,253.638,22.461,23.589,2.62,NA,25.497
"2022-05-20",5.609,12524.963,28.904,23988.698,5.774,17319.59,2.464,2081.862,53.183,1703.873,62.104,60.328,60.315,44.323,269.723,22.515,23.679,2.643,NA,25.573
"2022-05-21",5.643,12625.372,28.96,24780.715,5.843,17592.757,2.48,2112.612,53.184,1707.182,62.137,60.328,60.311,44.387,282.049,22.589,23.775,2.658,NA,25.647
"2022-05-22",5.677,12723.957,29.021,25569.779,5.879,17733.592,2.496,2144.153,53.184,1708.838,62.168,60.323,60.307,44.427,289.364,22.639,23.828,2.63,NA,25.698
"2022-05-23",5.714,12832.757,29.09,26471.425,5.901,17821.185,2.512,2175.222,53.185,1709.637,62.191,60.316,60.302,44.444,297.422,22.669,23.887,2.55,NA,25.726
"2022-05-24",5.75,12939.181,29.13,27014.355,5.914,17873.844,2.531,2213.937,53.186,1712.91,62.175,60.31,60.299,44.451,299.456,22.735,23.953,2.498,NA,25.693
"2022-05-25",5.801,13089.25,29.189,27826.782,5.923,17908.927,2.559,2270.48,53.189,1721.914,62.168,60.309,60.293,44.468,295.322,22.718,23.919,2.47,NA,25.67
"2022-05-26",5.836,13190.985,29.195,27911.442,5.939,17973.408,2.578,2309.355,53.188,1719.88,62.163,60.304,60.282,44.454,278.036,22.612,23.784,2.441,NA,25.585
"2022-05-27",5.863,13270.857,29.197,27929.035,6,18218.115,2.591,2335.925,53.187,1717.269,62.148,60.305,60.282,44.443,263.581,22.489,23.662,2.429,NA,25.513
"2022-05-28",5.887,13342.622,29.203,28023.032,6.064,18470.441,2.603,2360.218,53.188,1718.962,62.13,60.307,60.293,44.451,262.302,22.452,23.634,2.42,NA,25.507
"2022-05-29",5.92,13440.06,29.236,28480.363,6.144,18840.826,2.624,2404.094,53.189,1722.911,62.085,60.346,60.305,44.532,266.154,22.454,23.646,2.419,NA,25.542
"2022-05-30",5.945,13511.817,29.262,28858.937,6.214,19255.55,2.636,2429.159,53.191,1727.718,62.049,60.326,60.271,44.631,271.893,22.478,23.684,2.419,NA,25.593
"2022-05-31",5.962,13564.493,29.284,29173.436,6.249,19470.961,2.646,2449.176,53.191,1726.926,62.027,60.306,60.275,44.704,282.84,22.526,23.756,2.411,NA,25.636
"2022-06-01",5.98,13615.319,29.288,29228.967,6.298,19763.831,2.653,2465.05,53.19,1725.287,61.992,60.299,60.286,44.757,297.524,22.608,23.849,2.389,NA,25.713
"2022-06-02",5.998,13670.718,29.32,29713.544,6.329,19951.377,2.66,2478.686,53.189,1721.081,61.957,60.3,60.288,44.786,313.424,22.707,23.965,2.387,NA,25.796
"2022-06-03",6.016,13723.117,29.352,30181.216,6.357,20122.633,2.667,2492.841,53.188,1719.406,61.921,60.312,60.289,44.796,329.469,22.798,24.081,2.371,NA,25.874
"2022-06-04",6.038,13791.168,29.38,30602.423,6.379,20261.375,2.674,2509.585,53.19,1724.859,61.892,60.321,60.304,44.814,332.768,22.853,24.127,2.394,NA,25.912
"2022-06-05",6.059,13855.221,29.439,31514.163,6.398,20377.478,2.684,2529.314,53.196,1742.518,61.864,60.318,60.283,44.866,339.977,22.898,24.184,2.386,NA,25.953
"2022-06-06",6.077,13909.609,29.489,32316.131,6.421,20518.661,2.692,2547.659,53.202,1760.592,61.835,60.312,60.281,44.891,358.645,22.987,24.302,2.339,NA,26.058
"2022-06-07",6.094,13961.663,29.487,32278.921,6.436,20612.333,2.703,2569.479,53.209,1778.758,61.811,60.304,60.279,44.944,368.343,23.078,24.416,2.277,NA,26.142
"2022-06-08",6.111,14013.83,29.494,32385.026,6.447,20677.197,2.713,2592.461,53.214,1795.511,61.788,60.305,60.283,45.01,369.752,23.131,24.469,2.202,NA,26.138
"2022-06-09",6.128,14066.555,29.507,32606.655,6.454,20723.337,2.725,2619.629,53.222,1816.813,61.77,60.305,60.284,45.05,371.125,23.149,24.479,2.153,NA,26.133
"2022-06-10",6.142,14108.522,29.527,32930.842,6.459,20754.639,2.739,2654.466,53.229,1839.607,61.754,60.304,60.283,45.069,373.325,23.152,24.484,2.137,NA,26.144
"2022-06-11",6.157,14155.008,29.576,33713.738,6.464,20783.213,2.753,2691.709,53.236,1859.004,61.74,60.305,60.284,45.089,377.017,23.166,24.508,2.117,NA,26.172
"2022-06-12",6.173,14205.157,29.617,34375.521,6.469,20818.349,2.768,2732.168,53.244,1882.633,61.733,60.303,60.29,45.115,382.524,23.195,24.547,2.107,NA,26.223
"2022-06-13",6.189,14252.797,29.623,34473.496,6.473,20843.364,2.783,2773.715,53.252,1908.088,61.725,60.305,60.298,45.156,383.745,23.225,24.587,2.107,NA,26.253
"2022-06-14",6.205,14302.748,29.633,34625.491,6.457,21215.134,2.799,2815.083,53.259,1927.688,61.716,60.308,60.299,45.173,383.928,23.253,24.62,2.107,NA,26.269
"2022-06-15",6.223,14358.58,29.663,35129.071,6.414,20956.352,2.814,2857.418,53.267,1951.263,61.71,60.306,60.291,45.191,385.9,23.271,24.636,2.109,NA,26.279
"2022-06-16",6.241,14411.806,29.692,35611.462,6.4,20856.584,2.829,2899.897,53.274,1972.987,61.707,60.304,60.293,45.233,389.394,23.284,24.667,2.117,NA,26.319
"2022-06-17",6.254,14452.2,29.703,35799.488,6.397,20832.698,2.844,2938.974,53.279,1988.831,61.705,60.305,60.295,45.246,391.667,23.303,24.7,2.123,NA,26.357
"2022-06-18",6.264,14484.306,29.704,35808.537,6.397,20833.793,2.857,2976.891,53.284,2006.248,61.704,60.302,60.298,45.254,392.009,23.321,24.712,2.142,NA,26.362
"2022-06-19",6.281,14534.361,29.736,36362.278,6.399,20850.444,2.871,3016.38,53.291,2025.337,61.705,60.306,60.299,45.299,392.928,23.332,24.722,2.157,NA,26.376
"2022-06-20",6.293,14571.511,29.837,38125.733,6.4,20857.896,2.886,3058.935,53.296,2041.095,61.7,60.306,60.297,45.327,398.156,23.346,24.743,2.175,NA,26.416
"2022-06-21",6.305,14608.968,29.82,37814.16,6.401,20866.481,2.903,3107.434,53.299,2052.492,61.691,60.307,60.299,45.346,403.088,23.375,24.793,2.168,NA,26.478
"2022-06-22",6.32,14655.036,29.886,39006.338,6.404,20882.67,2.919,3154.566,53.303,2065.61,61.688,60.306,60.302,45.364,405.505,23.405,24.829,2.135,NA,26.507
"2022-06-23",6.332,14692.736,29.956,40304.225,6.404,20886.582,2.932,3192.571,53.307,2076.702,61.685,60.304,60.31,45.381,416.084,23.437,24.883,2.111,NA,26.586
"2022-06-24",6.346,14736.954,29.934,39897.308,6.405,20888.629,2.945,3228.367,53.311,2089.063,61.684,60.301,60.309,45.408,427.852,23.474,24.941,2.105,NA,26.653
"2022-06-25",6.357,14770.802,29.878,38853.349,6.405,20891.225,2.956,3262.366,53.315,2103.048,61.685,60.302,60.312,45.436,426.553,23.498,24.954,2.063,NA,26.644
"2022-06-26",6.366,14797.306,29.904,39339.798,6.404,20886.253,2.967,3295.545,53.319,2115.252,61.687,60.302,60.306,45.491,422.631,23.507,24.943,2.065,NA,26.622
"2022-06-27",6.376,14828.768,29.902,39299.613,6.406,20899.415,2.977,3325.425,53.323,2126.88,61.691,60.302,60.315,45.528,422.335,23.537,24.952,2.077,NA,26.62
"2022-06-28",6.387,14860.69,29.886,39010.826,6.407,20909.107,2.988,3355.829,53.329,2146.658,61.696,60.306,60.317,45.571,422.335,23.577,24.962,2.056,NA,26.62
"2022-06-29",6.397,14892.302,29.892,39112.878,6.409,20918.251,2.998,3387.028,53.333,2160.773,61.7,60.31,60.316,45.627,422.335,23.617,24.972,2.038,NA,26.62
"2022-06-30",6.405,14919.1,29.902,39295.545,6.408,20913.971,3.008,3418.687,53.337,2171.99,61.705,60.31,60.304,45.657,421.924,23.652,24.979,2.034,NA,26.618
"2022-07-01",6.415,14947.257,29.934,39898.561,6.408,20915.178,3.019,3464.167,53.34,2182.576,61.712,60.312,60.296,45.681,421.435,23.676,24.982,2.021,NA,26.615
"2022-07-02",6.424,14977.146,29.969,40539.782,6.41,20926.813,3.03,3511.318,53.344,2195.961,61.721,60.312,60.299,45.706,425.145,23.701,24.996,1.998,NA,26.636
"2022-07-03",6.433,15003.921,29.997,41075.82,6.413,20945.003,3.042,3562.981,53.349,2211.204,61.732,60.313,60.301,45.738,430.071,23.712,25.025,1.978,NA,26.667
"2022-07-04",6.442,15031.493,30.018,41477.352,6.416,20966.204,3.055,3620.34,53.354,2227.909,61.746,60.313,60.308,45.791,435.182,23.722,25.053,1.968,NA,26.702
"2022-07-05",6.45,15058.332,30.023,41585.225,6.418,20983.312,3.069,3679.923,53.359,2245.213,61.758,60.314,60.316,45.845,438.655,23.734,25.076,1.968,NA,26.726
"2022-07-06",6.459,15084.583,30.004,41216.976,6.419,20990.532,3.082,3738.494,53.364,2260.355,61.768,60.317,60.314,45.876,441.998,23.749,25.096,1.968,NA,26.748
"2022-07-07",6.469,15114.179,30.058,42271.933,6.421,21002.151,3.094,3795.912,53.368,2273.09,61.78,60.319,60.316,45.929,443.914,23.75,25.099,1.97,NA,26.761
"2022-07-08",6.477,15141.656,30.087,42835.126,6.423,21020.117,3.106,3851.288,53.371,2283.13,61.794,60.32,60.319,45.968,450.016,23.754,25.132,1.976,NA,26.802
"2022-07-09",6.486,15168.319,30.089,42861.292,6.427,21044.77,3.118,3904.637,53.374,2295.631,61.809,60.321,60.327,46.001,452.942,23.771,25.151,1.961,NA,26.821
"2022-07-10",6.494,15192.262,30.076,42625.835,6.43,21067.859,3.129,3957.044,53.38,2313.965,61.824,60.324,60.333,46.059,454.196,23.779,25.159,1.932,NA,26.829
"2022-07-11",6.502,15217.294,30.085,42778.662,6.432,21078.839,3.141,4011.559,53.384,2327.025,61.836,60.329,60.332,46.113,453.945,23.778,25.158,1.922,NA,26.828
"2022-07-12",6.511,15246.949,30.159,44018.825,6.433,21091.402,3.153,4068.543,53.387,2339.121,61.847,60.331,60.327,46.173,454.916,23.766,25.157,1.916,NA,26.834
"2022-07-13",6.519,15269.75,30.224,45099.397,6.437,21114.59,3.163,4117.579,53.389,2344.663,61.862,60.331,60.333,46.228,461.52,23.738,25.176,1.894,NA,26.877
"2022-07-14",6.526,15292.897,30.246,45461.924,6.441,21147.982,3.172,4162.788,53.392,2355.98,61.879,60.332,60.342,46.267,462.368,23.689,25.171,1.871,NA,26.882
"2022-07-15",6.533,15312.591,30.269,45845.995,6.446,21182.082,3.181,4206.236,53.396,2369.516,61.891,60.345,60.358,46.295,463.815,23.671,25.17,1.851,NA,26.892
"2022-07-16",6.536,15323.223,30.313,46608.201,6.448,21198.327,3.189,4243.089,53.399,2379.324,61.899,60.345,60.344,46.329,465.069,23.663,25.17,1.836,NA,26.899
"2022-07-17",6.544,15347.693,30.356,47341.339,6.451,21226.765,3.198,4289.329,53.402,2388.6,61.915,60.338,60.34,46.39,465.493,23.635,25.168,1.813,NA,26.902
"2022-07-18",6.55,15366.93,30.396,48050.469,6.456,21268.762,3.207,4334.011,53.403,2393.012,61.929,60.336,60.345,46.428,465.886,24.052,25.158,1.793,NA,26.905
"2022-07-19",6.554,15380.722,30.415,48383.065,6.46,21306.062,3.215,4376.834,53.405,2397.958,61.942,60.336,60.347,46.451,462.684,25.042,25.144,1.783,NA,26.884
"2022-07-20",6.561,15399.546,30.435,48750.336,6.465,21350.913,3.224,4420.976,53.408,2409.754,61.956,60.337,60.354,46.491,458.832,23.716,25.119,1.782,NA,26.859
"2022-07-21",6.57,15428.63,30.443,48883.701,6.469,21390.3,3.233,4466.873,53.41,2421.29,61.969,60.345,60.357,46.516,457.488,23.561,25.111,1.782,NA,26.851
"2022-07-22",6.577,15449.163,30.456,49116.694,6.473,21427.967,3.242,4513.442,53.413,2434.721,61.983,60.352,60.362,46.532,458.073,23.555,25.11,1.782,NA,26.854
"2022-07-23",6.582,15467.563,30.47,49375.505,6.478,21471.784,3.252,4562.42,53.416,2453.062,61.991,60.355,60.368,46.544,460.607,23.571,25.114,1.785,NA,26.871
"2022-07-24",6.587,15481.354,30.489,49713.202,6.481,21496.458,3.26,4605.58,53.418,2465.242,61.997,60.362,60.367,46.551,462.278,23.582,25.129,1.793,NA,26.882
"2022-07-25",6.589,15487.506,30.51,50113.473,6.48,21487.436,3.264,4625.868,53.419,2467.401,62,60.367,60.355,46.545,464.844,23.592,25.137,1.794,NA,26.898
"2022-07-26",6.593,15501.461,30.518,50256.755,6.485,21538.929,3.269,4650.946,53.421,2482.477,62.016,60.365,60.37,46.531,469.441,24.271,25.161,1.797,NA,26.928
"2022-07-27",6.597,15512.828,30.522,50319.411,6.489,21574.752,3.275,4686.015,53.423,2492.736,62.01,60.367,60.376,46.508,470.483,26.727,25.174,1.805,NA,26.934
"2022-07-28",6.601,15523.808,30.52,50284.132,6.492,21595.572,3.284,4731.558,53.425,2502.862,61.971,60.369,60.378,46.476,474.155,28.062,25.196,1.806,NA,26.958
"2022-07-29",6.604,15534.562,30.518,50255.718,6.494,21615.446,3.293,4778.396,53.428,2525.029,61.961,60.372,60.389,46.423,479.286,29.298,25.223,1.811,NA,26.99
"2022-07-30",6.608,15547.877,30.515,50202.608,6.496,21638.591,3.303,4832.955,53.433,2552.968,61.946,60.38,60.394,46.398,480.81,30.534,25.241,1.83,NA,26.999
"2022-07-31",6.617,15574.918,30.512,50147.953,6.498,21651.824,3.312,4883.816,53.436,2568.065,61.915,60.387,60.395,46.398,482.7,31.77,25.258,1.842,NA,27.011
"2022-08-01",6.62,15585.564,30.502,49966.856,6.499,21664.199,3.322,4934.375,53.438,2584.379,61.93,60.386,60.406,46.409,490.738,30.745,25.299,1.854,NA,27.061
"2022-08-02",6.626,15601.723,30.494,49811.816,6.5,21676.867,3.331,4986.581,53.441,2603.399,61.973,60.39,60.413,46.433,499.759,24.366,25.348,1.868,NA,27.116
"2022-08-03",6.631,15619.246,30.493,49801.529,6.507,21742.346,3.34,5034.015,53.447,2638.981,62.002,60.397,60.404,46.471,506.948,23.907,25.396,1.89,NA,27.159
"2022-08-04",6.634,15627.985,30.498,49879.616,6.511,21775.289,3.346,5067.856,53.45,2654.779,62.007,60.403,60.406,46.505,515.705,23.947,25.439,1.914,NA,27.211
"2022-08-05",6.638,15638.832,30.509,50096.062,6.512,21780.68,3.351,5098.131,53.452,2668.587,61.989,60.401,60.397,46.529,524,23.982,25.484,1.937,NA,27.259
"2022-08-06",6.644,15658.73,30.525,50377.666,6.513,21791.944,3.358,5135.544,53.453,2676.995,62.014,60.393,60.395,46.55,526.598,24.003,25.513,1.96,NA,27.274
"2022-08-07",6.648,15672.647,30.54,50653.073,6.513,21795.123,3.366,5179.301,53.455,2691.457,62.052,60.391,60.4,46.564,530.385,24.023,25.533,1.986,NA,27.296
"2022-08-08",6.649,15676.037,30.552,50874.647,6.515,21812.173,3.375,5230.944,53.457,2702.865,62.074,60.391,60.403,46.567,535.195,24.039,25.553,2.015,NA,27.323
"2022-08-09",6.651,15679.346,30.58,51413.991,6.512,21785.108,3.384,5281.293,53.461,2727.374,62.091,60.39,60.412,46.563,539.593,24.044,25.573,2.027,NA,27.348
"2022-08-10",6.655,15693.704,30.591,51611.996,6.511,21774.518,3.392,5328.394,53.463,2740.703,62.092,60.401,60.415,46.548,544.968,24.054,25.591,2.034,NA,27.378
"2022-08-11",6.658,15702.807,30.585,51494.506,6.509,21754.313,3.397,5358.219,53.465,2754.286,62.085,60.405,60.411,46.517,545.367,24.041,25.599,2.026,NA,27.38
"2022-08-12",6.664,15720.479,30.583,51460.347,6.508,21743.348,3.403,5394.098,53.467,2765.202,62.07,60.401,60.399,46.454,545.367,24.04,25.6,2.198,NA,27.38
"2022-08-13",6.67,15739.469,30.58,51414.721,6.505,21722.198,3.41,5431.569,53.468,2772.847,62.052,60.4,60.393,46.409,545.367,24.04,25.6,2.593,NA,27.38
"2022-08-14",6.679,15766.972,30.574,51304.516,6.505,21716.625,3.417,5471.262,53.47,2784.135,62.034,60.394,60.397,46.371,545.367,24.038,25.6,2.099,NA,27.38
"2022-08-15",6.685,15786.799,30.564,51101.857,6.501,21679.509,3.423,5505.63,53.472,2794.467,62.004,60.391,60.384,46.324,544.981,24.033,25.598,2.049,NA,27.378
"2022-08-16",6.688,15795.261,30.544,50731.713,6.502,21687.618,3.428,5539.2,53.475,2814.868,61.978,60.389,60.398,46.284,543.316,24.042,25.588,2.049,NA,27.368
"2022-08-17",6.689,15798.006,30.515,50201.375,6.501,21685.746,3.436,5582.264,53.477,2829.196,61.945,60.388,60.398,46.246,541.084,24.053,25.576,2.051,NA,27.356
"2022-08-18",6.693,15811.684,30.484,49624.186,6.504,21713.07,3.441,5614.123,53.477,2832.557,61.895,60.387,60.383,46.224,537.233,24.063,25.554,2.062,NA,27.334
"2022-08-19",6.694,15814.267,30.449,48990.582,6.505,21718.259,3.443,5628.628,53.478,2835.991,61.86,60.382,60.382,46.211,532.089,24.074,25.527,2.074,NA,27.305
"2022-08-20",6.696,15821.35,30.413,48342.212,6.509,21757.296,3.448,5655.87,53.481,2854.274,61.854,60.373,60.38,46.192,526.797,24.084,25.504,2.085,NA,27.275
"2022-08-21",6.697,15824.015,30.384,47844.026,6.51,21766.917,3.452,5680.982,53.484,2875.268,61.832,60.376,60.382,46.174,520.836,24.095,25.473,2.099,NA,27.241
"2022-08-22",6.7,15834.17,30.366,47526.036,6.509,21758.021,3.459,5720.197,53.487,2892.701,61.807,60.375,60.346,46.171,512.124,24.105,25.429,2.122,NA,27.189
"2022-08-23",6.703,15843.416,30.357,47360.205,6.506,21727.101,3.46,5726.8,53.486,2889.848,61.793,60.367,60.357,46.199,501.083,24.116,25.37,2.142,NA,27.123
"2022-08-24",6.704,15847.576,30.346,47163.267,6.502,21693.141,3.464,5751.684,53.488,2900.546,61.769,60.36,60.357,46.232,487.664,24.126,25.312,2.155,NA,27.042
"2022-08-25",6.708,15858.108,30.341,47078.13,6.498,21653.839,3.468,5776.384,53.49,2913.52,61.732,60.354,60.355,46.294,477.35,24.137,25.259,2.164,NA,26.978
"2022-08-26",6.711,15866.674,30.343,47124.857,6.498,21657.245,3.472,5800.083,53.492,2929.698,61.7,60.349,60.352,46.337,468.451,24.147,25.209,2.162,NA,26.922
"2022-08-27",6.711,15868.429,30.35,47241.576,6.503,21702.6,3.475,5816.816,53.496,2958.734,61.667,60.344,60.348,46.371,466.747,24.158,25.189,2.153,NA,26.911
"2022-08-28",6.712,15870.347,30.372,47625.445,6.511,21774.382,3.477,5829.76,53.499,2975.827,61.645,60.343,60.356,46.417,466.329,24.168,25.178,2.158,NA,26.908
"2022-08-29",6.712,15871.859,30.411,48319.396,6.504,21713.938,3.475,5818.244,53.498,2970.628,61.615,60.338,60.328,46.5,464.883,24.179,25.168,2.182,NA,26.898
"2022-08-30",6.716,15882.1,30.435,48746.39,6.502,21690.402,3.471,5795.925,53.497,2962.577,61.577,60.328,60.329,46.572,463.294,24.189,25.158,2.18,NA,26.888
"2022-08-31",6.717,15887.644,30.518,50248.197,6.501,21686.469,3.471,5797.86,53.499,2980.362,61.48,60.333,60.336,46.61,463.146,24.2,25.151,2.098,NA,26.887
"2022-09-01",6.717,15886.392,30.594,51679.655,6.502,21694.339,3.472,5802.236,53.498,2969.115,61.395,60.335,60.323,46.652,468.516,24.21,25.159,2.116,NA,26.922
"2022-09-02",6.717,15887.222,30.598,51753.179,6.506,21726.434,3.47,5786.801,53.498,2966.926,61.323,60.339,60.32,46.702,476.322,24.221,25.194,2.11,NA,26.971
"2022-09-03",6.719,15892.522,30.58,51411.242,6.515,21807.651,3.467,5769.268,53.498,2972.237,61.264,60.341,60.339,46.738,479.106,24.231,25.221,2.085,NA,26.989
"2022-09-04",6.721,15897.644,30.593,51659.095,6.52,21860.046,3.465,5761.37,53.499,2976.237,61.211,60.346,60.344,46.798,479.999,24.242,25.232,1.888,NA,26.994
"2022-09-05",6.723,15905.433,30.635,52448.159,6.522,21872.638,3.464,5754.08,53.5,2989.702,61.166,60.349,60.351,46.851,483.42,24.252,25.246,1.463,NA,27.016
"2022-09-06",6.725,15911.369,30.636,52463.543,6.525,21902.234,3.464,5755.756,53.502,3004.27,61.126,60.349,60.363,46.899,488.911,24.263,25.277,2.092,NA,27.049
"2022-09-07",6.76,16021.078,30.664,53011.844,6.545,22086.652,3.493,5930.282,53.51,3157.854,61.111,60.382,60.388,46.979,496.139,24.273,25.314,2.12,NA,27.094
"2022-09-08",6.768,16045.204,30.685,53423.259,6.538,22025.177,3.492,5923.217,53.508,3108.918,61.092,60.388,60.374,47.043,500.569,24.284,25.341,2.113,NA,27.121
"2022-09-09",6.768,16046.083,30.709,53889.612,6.534,21992.726,3.49,5913.568,53.506,3070.975,61.078,60.37,60.352,47.078,502.46,24.294,25.352,2.091,NA,27.132
"2022-09-10",6.769,16048.119,30.731,54327.494,6.548,22118.804,3.489,5905.471,53.507,3096.715,61.065,60.347,60.349,47.118,504.472,24.305,25.362,2.07,NA,27.144
"2022-09-11",6.768,16047.305,30.751,54729.554,6.555,22183.334,3.493,5930.269,53.508,3124.113,61.052,60.332,60.334,47.162,509.25,24.315,25.378,2.056,NA,27.172
"2022-09-12",6.769,16048.38,30.769,55081.528,6.551,22143.922,3.497,5953.581,53.509,3130.5,61.048,60.313,60.324,47.209,518.309,24.326,25.417,2.036,NA,27.226
"2022-09-13",6.768,16046.051,30.782,55350.052,6.548,22122.241,3.5,5976.414,53.511,3185.098,61.06,60.298,60.32,47.257,524.193,24.336,25.45,2.031,NA,27.26
"2022-09-14",6.776,16071.003,30.802,55754.253,6.548,22122.435,3.506,6007.865,53.512,3204.073,61.037,60.317,60.31,47.313,526.212,24.347,25.462,2.052,NA,27.272
"2022-09-15",6.776,16071.345,30.822,56148.447,6.544,22082.12,3.503,5993.649,53.511,3184.392,61.009,60.331,60.316,47.363,529.131,24.357,25.474,2.073,NA,27.288
"2022-09-16",6.776,16070.873,30.843,56547.599,6.542,22059.942,3.501,5981.304,53.507,3103.962,60.98,60.342,60.313,47.413,535.098,24.368,25.493,2.083,NA,27.322
"2022-09-17",6.777,16072.73,30.866,56948.914,6.539,22038.844,3.498,5960.073,53.507,3100.734,60.946,60.332,60.317,47.466,538.41,24.378,25.511,2.083,NA,27.341
"2022-09-18",6.778,16076.363,30.887,57336.92,6.542,22065.33,3.498,5958.101,53.507,3096.071,60.913,60.329,60.325,47.522,541.123,24.389,25.526,2.083,NA,27.356
"2022-09-19",6.778,16076.265,30.906,57666.721,6.549,22128.76,3.502,5987.335,53.509,3150.214,60.888,60.327,60.344,47.575,547.077,24.399,25.557,2.086,NA,27.389
"2022-09-20",6.792,16119.575,30.947,58427.324,6.556,22190.733,3.519,6091.216,53.514,3251.184,60.875,60.356,60.333,47.645,554.716,24.41,25.592,2.094,NA,27.432
"2022-09-21",6.799,16142.509,30.976,58948.601,6.555,22188.006,3.523,6119.912,53.51,3169.686,60.859,60.354,60.333,47.706,558.69,24.42,25.611,2.095,NA,27.453
"2022-09-22",6.802,16153.187,31.004,59464.172,6.554,22178.468,3.526,6134.368,53.509,3149.74,60.845,60.354,60.344,47.768,562.31,24.431,25.626,2.09,NA,27.473
"2022-09-23",6.802,16151.606,31.037,60087.416,6.55,22141.538,3.525,6128.308,53.507,3096.303,60.834,60.355,60.342,47.827,566.419,24.441,25.651,2.07,NA,27.496
"2022-09-24",6.803,16154.263,31.076,60834.664,6.549,22128.266,3.523,6120.146,53.507,3092.083,60.823,60.353,60.355,47.886,572.309,24.452,25.666,2.061,NA,27.527
"2022-09-25",6.806,16164.6,31.119,61648.259,6.55,22134.197,3.524,6123.631,53.506,3073.705,60.81,60.358,60.351,47.952,579.311,24.462,25.695,2.06,NA,27.564
"2022-09-26",6.808,16169.818,31.159,62412.234,6.546,22102.565,3.522,6111.865,53.504,3044.172,60.803,60.363,60.333,48.019,585.111,24.473,25.723,2.06,NA,27.595
"2022-09-27",6.807,16169.28,31.196,63151.59,6.542,22060.378,3.515,6065.796,53.501,3001.068,60.797,60.355,60.323,48.09,591.329,24.483,25.746,2.063,NA,27.627
"2022-09-28",6.811,16180.972,31.23,63820.988,6.545,22090.47,3.512,6050.269,53.5,2988.205,60.791,60.349,60.328,48.162,596.813,24.494,25.773,2.071,NA,27.656
"2022-09-29",6.813,16187.284,31.26,64410.552,6.552,22158.813,3.513,6057.456,53.501,2998.002,60.786,60.345,60.334,48.232,598.884,24.504,25.796,2.074,NA,27.666
"2022-09-30",6.814,16189.959,31.287,64961.511,6.562,22245.608,3.515,6068.701,53.5,2986.697,60.777,60.341,60.335,48.302,610.033,24.515,25.827,2.08,NA,27.723
"2022-10-01",6.816,16196.075,31.317,65561.535,6.571,22329.439,3.517,6077.017,53.499,2982.888,60.768,60.336,60.336,48.368,615.962,24.525,25.862,2.072,NA,27.753
"2022-10-02",6.816,16197.25,31.348,66191.935,6.577,22394.161,3.517,6076.819,53.499,2980.889,60.76,60.331,60.338,48.436,621.016,24.536,25.881,2.072,NA,27.778
"2022-10-03",6.818,16202.91,31.382,66896.142,6.581,22432.076,3.516,6070.838,53.5,2985.339,60.745,60.33,60.338,48.507,629.819,24.546,25.903,2.069,NA,27.821
"2022-10-04",6.832,16246.522,31.426,67803.967,6.593,22554.644,3.535,6196.567,53.504,3044.842,60.742,60.355,60.359,48.597,640.981,24.557,25.958,2.061,NA,27.876
"2022-10-05",6.843,16281.354,31.467,68616.106,6.592,22536.533,3.542,6239.736,53.506,3071.844,60.724,60.368,60.367,48.671,650.022,24.567,26.006,2.063,NA,27.919
"2022-10-06",6.848,16297.06,31.505,69374.074,6.589,22504.658,3.542,6240.338,53.509,3131.574,60.71,60.374,60.36,48.744,660.457,24.578,26.051,2.074,NA,27.968
"2022-10-07",6.848,16295.933,31.541,70096.835,6.584,22453.805,3.541,6229.01,53.507,3095.901,60.694,60.375,60.346,48.811,670.662,24.588,26.106,2.085,NA,28.016
"2022-10-08",6.849,16298.105,31.577,70834.998,6.583,22446.25,3.541,6229.808,53.504,3043.091,60.687,60.375,60.357,48.874,679.452,24.599,26.147,2.097,NA,28.057
"2022-10-09",6.85,16301.86,31.611,71543.61,6.583,22450.272,3.544,6253.02,53.504,3030.122,60.683,60.372,60.373,48.936,688.672,24.609,26.184,2.106,NA,28.099
"2022-10-10",6.852,16307.641,31.644,72232.974,6.584,22454.346,3.549,6284.761,53.506,3072.133,60.683,60.368,60.369,48.992,699.263,24.62,26.217,2.109,NA,28.146
"2022-10-11",6.856,16321.996,31.679,72949.729,6.593,22546.701,3.559,6347.496,53.509,3138.336,60.695,60.369,60.37,49.046,711.049,24.63,26.261,2.12,NA,28.196
"2022-10-12",6.927,16544.219,31.764,74776.222,6.619,22877.468,3.667,7072.407,53.545,4152.959,60.726,60.406,60.392,49.155,729.258,24.641,26.32,2.129,NA,28.269
"2022-10-13",6.965,16665.032,31.811,75791.819,6.627,22970.863,3.697,7281.411,53.541,4016.1,60.749,60.416,60.395,49.233,743.115,24.651,26.373,2.135,NA,28.323
"2022-10-14",6.97,16679.406,31.844,76509.304,6.629,22998.884,3.7,7309.01,53.539,3970.251,60.762,60.399,60.389,49.291,751.288,24.662,26.405,2.157,NA,28.355
"2022-10-15",6.973,16687.602,31.876,77203.614,6.631,23017.038,3.712,7394.787,53.542,4057.478,60.78,60.389,60.385,49.346,759.068,24.672,26.435,2.18,NA,28.385
"2022-10-16",6.968,16673.833,31.909,77933.319,6.635,23074.039,3.717,7431.11,53.54,3991.686,60.795,60.379,60.377,49.398,766.34,24.683,26.463,2.203,NA,28.413
"2022-10-17",6.965,16664.933,31.942,78675.431,6.637,23100.055,3.719,7440.982,53.542,4038.128,60.814,60.367,60.373,49.447,772.314,24.693,26.486,2.224,NA,28.436
"2022-10-18",6.965,16664.032,31.98,79540.453,6.644,23187.621,3.735,7557.902,53.547,4219.382,60.874,60.359,60.356,49.495,779.94,24.704,26.513,2.24,NA,28.463
"2022-10-19",6.981,16713.017,32.016,80373.097,6.629,22994.813,3.774,7849.852,53.549,4270.074,60.957,60.362,60.354,49.547,789.34,24.714,26.533,2.256,NA,28.488
"2022-10-20",6.997,16763.531,32.053,81223.304,6.624,22935.916,3.784,7921.61,53.546,4194.731,61.006,60.352,60.343,49.604,805.203,24.725,26.553,2.27,NA,28.524
"2022-10-21",7.004,16786.666,32.086,82019.269,6.627,22974.636,3.786,7934.2,53.546,4191.912,61.053,60.339,60.326,49.66,817.703,24.735,26.573,2.292,NA,28.553
"2022-10-22",7.015,16822.085,32.124,82998.625,6.639,23118.216,3.787,7942.828,53.544,4119.713,61.099,60.33,60.317,49.731,830.023,24.746,26.602,2.33,NA,28.58
"2022-10-23",7.038,16893.286,32.167,84078.019,6.65,23256.171,3.79,7965.303,53.545,4134.57,61.122,60.345,60.327,49.828,851.133,24.756,26.649,2.316,NA,28.626
"2022-10-24",7.06,16961.84,32.216,85353.287,6.65,23261.876,3.796,8015.156,53.542,4058.691,61.128,60.352,60.324,49.909,867.966,24.767,26.664,2.323,NA,28.662
"2022-10-25",7.057,16952.751,32.247,86151.201,6.654,23309.455,3.795,8007.302,53.538,3922.882,61.124,60.346,60.326,49.992,877.965,24.777,26.681,2.353,NA,28.683
"2022-10-26",7.044,16913.345,32.275,86909.649,6.66,23384.72,3.79,7965.883,53.536,3859.01,61.12,60.351,60.317,50.072,886.427,24.788,26.694,2.369,NA,28.701
"2022-10-27",7.031,16872.212,32.306,87723.126,6.664,23434.716,3.778,7876.979,53.529,3664.115,61.117,60.347,60.317,50.15,891.545,24.798,26.713,2.382,NA,28.712
"2022-10-28",7.027,16857.645,32.337,88552.926,6.672,23539.039,3.768,7800.172,53.526,3591.729,61.108,60.34,60.322,50.226,897.487,24.809,26.731,2.456,NA,28.724
"2022-10-29",7.029,16866.578,32.367,89366.897,6.686,23709.791,3.759,7731.428,53.526,3586.656,61.106,60.344,60.345,50.301,906.964,24.819,26.744,2.497,NA,28.743
"2022-10-30",7.042,16907.413,32.405,90419.576,6.708,24012.904,3.756,7715.171,53.537,3900.897,61.107,60.371,60.343,50.379,915.716,24.83,26.759,2.535,NA,28.761
"2022-10-31",7.042,16905.671,32.445,91509.438,6.724,24247.152,3.76,7740.498,53.533,3781.907,61.113,60.391,60.323,50.466,919.857,24.84,26.76,2.548,NA,28.769
"2022-11-01",7.042,16907.133,32.48,92500.362,6.732,24397.348,3.769,7808.116,53.531,3709.84,61.095,60.366,60.322,50.551,921.265,24.851,26.762,2.578,NA,28.772
"2022-11-02",7.039,16897.375,32.514,93473.174,6.744,24606.543,3.779,7881.762,53.529,3669.804,61.079,60.355,60.326,50.642,927.155,24.861,26.772,2.635,NA,28.784
"2022-11-03",7.038,16893.235,32.549,94478.415,6.757,24843.061,3.785,7925.958,53.527,3616.668,61.065,60.353,60.332,50.736,936.89,24.869,26.782,2.607,NA,28.803
"2022-11-04",7.035,16884.874,32.584,95491.741,6.775,25174.445,3.784,7920.669,53.527,3612.674,61.045,60.35,60.337,50.832,948.245,24.872,26.792,2.627,NA,28.826
"2022-11-05",7.035,16883.1,32.622,96588.342,6.796,25570.368,3.782,7905.085,53.526,3588.066,61.023,60.353,60.337,50.924,963.484,24.884,26.806,2.692,NA,28.855
"2022-11-06",7.035,16885.252,32.659,97685.986,6.818,25974.722,3.785,7931.929,53.525,3557.738,60.999,60.353,60.339,51.016,982.781,24.899,26.837,2.67,NA,28.892
"2022-11-07",7.034,16881.03,32.696,98899.74,6.838,26351.5,3.791,7977.435,53.525,3547.859,60.972,60.352,60.34,51.117,1011.748,24.907,26.874,2.686,NA,28.946
"2022-11-08",7.033,16878.206,32.734,100641.052,6.857,26718.14,3.798,8029.367,53.524,3536.71,60.945,60.35,60.348,51.217,1034.298,24.935,26.907,2.699,NA,28.987
"2022-11-09",7.044,16913.495,32.781,103004.139,6.877,27108.467,3.805,8077.813,53.525,3556.55,60.914,60.347,60.353,51.317,1058.024,24.963,26.946,2.715,NA,29.029
"2022-11-10",7.071,16997.533,32.836,105794.031,6.901,27574.787,3.802,8060.75,53.525,3554.964,60.895,60.362,60.347,51.413,1084.882,24.986,26.985,2.764,NA,29.074
"2022-11-11",7.08,17026.367,32.894,108876.341,6.93,28159.304,3.809,8113.949,53.529,3686.605,60.878,60.362,60.354,51.496,1113.522,25.017,27.024,2.854,NA,29.112
"2022-11-12",7.131,17188.248,32.969,112907.285,6.976,29102.374,3.879,8655.204,53.549,4284.691,60.917,60.382,60.37,51.599,1158.763,25.05,27.063,2.922,NA,29.166
"2022-11-13",7.137,17207.425,33.033,116452.831,6.989,29367.551,3.9,8825.916,53.548,4228.437,60.928,60.377,60.329,51.67,1194.688,25.066,27.103,3.013,NA,29.207
"2022-11-14",7.133,17194.276,33.103,120491.386,7.011,29825.431,3.907,8884.441,53.546,4172.889,60.91,60.341,60.307,51.729,1234.624,25.093,27.142,3.083,NA,29.251
"2022-11-15",7.13,17183.798,33.176,124818.134,7.038,30392.123,3.913,8936.007,53.545,4156.12,60.894,60.319,60.287,51.775,1286.707,25.116,27.181,3.074,NA,28.863
"2022-11-16",7.128,17178.609,33.254,129604.501,7.07,31080.993,3.919,8984.625,53.546,4172.278,60.875,60.301,60.284,51.817,1335.897,25.143,27.22,3.057,NA,27.914
"2022-11-17",7.131,17186.467,33.33,134495.434,7.09,31524.971,3.928,9053.745,53.548,4230.187,60.838,60.294,60.288,51.852,1388.173,25.166,27.26,3.058,NA,29.299
"2022-11-18",7.141,17220.133,33.411,139801.692,7.099,31723.33,3.938,9138.58,53.552,4379.677,60.81,60.3,60.297,51.884,1449.644,25.197,27.299,3.084,NA,29.47
"2022-11-19",7.154,17259.953,33.482,144663.703,7.101,31755.914,3.945,9193.856,53.551,4341.538,60.769,60.299,60.255,51.91,1512.207,25.234,27.338,3.141,NA,29.528
"2022-11-20",7.148,17240.798,33.544,149041.844,7.104,31824.184,3.946,9207.692,53.549,4267.161,60.724,60.288,60.237,51.928,1568.791,25.265,27.377,3.127,NA,29.578
"2022-11-21",7.147,17239.511,33.611,153887.064,7.106,31871.582,3.952,9256.191,53.548,4254.033,60.648,60.287,60.25,51.944,1624.475,25.295,27.417,3.018,NA,29.626
"2022-11-22",7.154,17261.749,33.669,158163.834,7.109,31778.192,3.964,9358.03,53.548,4244.762,60.572,60.292,60.268,51.96,1673.6,25.325,27.454,2.773,NA,29.667
"2022-11-23",7.155,17262.788,33.72,162096.608,7.116,0,3.978,9473.387,53.547,4224.209,60.511,60.299,60.278,51.973,1721.954,25.355,27.486,2.747,NA,29.707
"2022-11-24",7.154,17260.644,33.768,165851.97,7.11,0,3.991,9585.113,53.547,4201.938,60.465,60.303,60.286,51.981,1772.558,25.383,27.521,2.722,NA,29.749
"2022-11-25",7.154,17261.238,33.8,168378.479,7.093,0,4.003,9691.344,53.549,4267.958,60.433,60.306,60.296,51.951,1830.814,25.408,27.55,2.704,NA,29.796
"2022-11-26",7.156,17267.206,33.827,170601.275,7.049,0,4.014,9779.312,53.557,4535.432,60.408,60.302,60.272,51.806,1876.66,25.442,27.566,2.644,NA,29.841
"2022-11-27",7.155,17263.991,33.858,173150.942,7.016,0,4.025,9881.175,53.564,4817.198,60.396,60.294,60.267,51.818,1906.624,25.463,27.593,2.599,NA,29.884
"2022-11-28",7.154,17261.749,33.889,175745.619,7.007,0,4.038,9994.719,53.572,5103.979,60.404,60.277,60.25,51.894,1939.545,25.483,27.611,2.582,NA,29.883
"2022-11-29",7.154,17259.622,33.908,177336.528,7.005,0,4.053,10124.891,53.572,5099.462,60.419,60.26,60.239,51.949,1954.591,25.501,27.619,2.603,NA,29.892
"2022-11-30",7.153,17255.847,33.915,177915.23,7.009,0,4.066,10243.157,53.561,4682.221,60.43,60.244,60.221,51.987,1967.644,25.509,27.622,2.536,NA,29.902
"2022-12-01",7.154,17259.441,33.911,177565.264,7.015,0,4.08,10371.849,53.56,4668.93,60.443,60.227,60.214,52.015,1981.469,25.517,27.632,2.452,NA,29.912
"2022-12-02",7.155,17263.463,33.909,177419.856,7.022,0,4.095,10504.044,53.56,4669.263,60.454,60.214,60.203,52.037,1995.358,25.538,27.639,2.558,NA,29.922
"2022-12-03",7.157,17270.125,33.912,177673.2,7.028,0,4.11,10638.975,53.562,4707.492,60.465,60.196,60.19,52.052,2008.989,25.544,27.64,2.557,NA,29.932
"2022-12-04",7.155,17264.074,33.924,178699.536,7.031,0,4.12,10735.539,53.561,4682.959,60.471,60.179,60.158,52.064,2022.042,25.557,27.64,2.551,NA,29.942
"2022-12-05",7.155,17263.958,33.95,180916.187,7.038,0,4.133,10850.007,53.555,4483.924,60.476,60.163,60.152,52.077,2029.694,25.548,27.64,2.567,NA,29.947
"2022-12-06",7.159,17275.12,33.976,183130.265,7.043,0,4.145,10964.031,53.559,4612.984,60.469,60.155,60.135,52.085,2020.435,25.543,27.636,2.626,NA,29.941
"2022-12-07",7.162,17284.931,33.991,184450.436,7.039,0,4.15,11012.945,53.558,4566.89,60.461,60.147,60.1,52.088,2025.836,25.549,27.626,2.606,NA,29.944
"2022-12-08",7.167,17302.693,34.023,187314.136,7.044,0,4.159,11096.356,53.555,4484.393,60.478,60.123,60.113,52.088,2045.897,25.55,27.646,2.604,NA,29.959
"2022-12-09",7.173,17320.655,34.049,189634.739,7.053,0,4.171,11208.879,53.557,4544.418,60.49,60.112,60.108,52.086,2063.387,25.554,27.673,2.612,NA,29.973
"2022-12-10",7.177,17332.286,34.068,191275.004,7.062,0,4.18,11298.551,53.566,4850.27,60.478,60.119,60.103,52.078,2121.643,25.576,27.691,2.642,NA,30.019
"2022-12-11",7.18,17342.498,34.076,192002.747,7.059,0,4.183,11324.127,53.57,5001.32,60.448,60.152,60.087,52.062,2152.957,25.601,27.702,2.658,NA,30.034
"2022-12-12",7.184,17355.187,34.096,193911.756,7.049,0,4.188,11375.21,53.569,4967.765,60.418,60.166,60.116,52.045,2182.149,25.609,27.712,2.651,NA,30.053
"2022-12-13",7.185,17357.778,34.109,195108.398,7.031,0,4.194,11435.035,53.567,4900.448,60.403,60.175,60.116,52.019,2208.834,25.612,27.722,2.64,NA,30.071
"2022-12-14",7.189,17370.6,34.121,196201.476,7.024,0,4.202,11507.5,53.567,4895.124,60.405,60.18,60.14,51.995,2228.317,25.622,27.732,2.607,NA,30.084
"2022-12-15",7.192,17382.137,34.13,197032.1,7.022,0,4.211,11596.921,53.572,5104.094,60.415,60.187,60.157,51.967,2255.065,25.632,27.742,2.602,NA,30.101
"2022-12-16",7.197,17396.779,34.134,197388.287,7.029,0,4.22,11681.66,53.576,5259.077,60.432,60.198,60.178,51.937,2267.668,25.642,27.749,2.593,NA,30.109
"2022-12-17",7.2,17404.983,34.132,197177.281,7.038,0,4.228,11766.609,53.58,5406.237,60.453,60.208,60.194,51.905,2271.848,25.652,27.752,2.593,NA,30.112
"2022-12-18",7.203,17414.262,34.126,196682.341,7.051,0,4.237,11848.52,53.577,5292.906,60.498,60.218,60.21,51.869,2279.371,25.659,27.759,2.593,NA,30.117
"2022-12-19",7.203,17414.84,34.115,195656.877,7.064,0,4.242,11907.278,53.575,5202.716,60.6,60.231,60.226,51.829,2269.34,25.664,27.76,2.595,NA,30.111
"2022-12-20",7.206,17424.186,34.106,194806.727,7.065,0,4.251,11987.084,53.586,5654.975,60.78,60.243,60.239,51.788,2271.848,25.683,27.76,2.601,NA,30.112
"2022-12-21",7.22,17469.357,34.097,193953.912,7.065,0,4.268,12167.084,53.592,5934.92,60.919,60.282,60.257,51.758,2279.371,25.699,27.76,2.598,NA,30.117
"2022-12-22",7.222,17474.478,34.08,192403.211,7.075,0,4.277,12256.308,53.603,6433.121,61.058,60.31,60.273,51.72,2265.996,25.696,27.758,2.617,NA,30.108
"2022-12-23",7.223,17480.277,34.063,190890.884,7.087,0,4.286,12344.857,53.617,7162.792,61.282,60.339,60.305,51.675,2250.693,25.679,27.749,2.636,NA,30.098
"2022-12-24",7.225,17485.498,34.045,189236.678,7.077,0,4.295,12439.072,53.637,8236.173,61.505,60.368,60.342,51.629,2238.154,25.668,27.744,2.675,NA,30.091
"2022-12-25",7.227,17491.694,34.023,187258.244,7.078,0,4.305,12541.892,53.625,7550.502,61.653,60.371,60.359,51.578,2233.911,25.658,27.738,2.696,NA,30.088
"2022-12-26",7.23,17500.319,33.995,184786.318,7.095,0,4.314,12627.756,53.612,6841.771,61.788,60.375,60.373,51.523,2216.357,25.648,27.728,2.672,NA,30.076
"2022-12-27",7.229,17497.312,33.966,182277.252,7.112,0,4.318,12674.02,53.6,6283.08,61.91,60.37,60.363,51.463,2187.357,25.641,27.718,2.697,NA,30.057
"2022-12-28",7.235,17517.704,33.94,180015.464,7.131,0,4.327,12764.31,53.598,6171.844,62.165,60.379,60.351,51.41,2161.445,25.636,27.708,2.71,NA,30.039
"2022-12-29",7.236,17519.44,33.913,177704.643,7.25,0,4.33,12801.081,53.596,6081.121,62.442,60.378,60.354,51.348,2142.54,25.619,27.696,2.719,NA,30.026
"2022-12-30",7.236,17520.184,33.881,175022.435,7.442,0,4.338,12877.264,53.592,5938.546,62.46,60.373,60.357,51.28,2117.463,25.606,27.679,2.73,NA,30.009
"2022-12-31",7.239,17529.382,33.852,172668.159,7.589,0,4.35,13010.595,53.598,6206.206,62.417,60.37,60.368,51.207,2098.816,25.591,27.668,2.766,NA,29.996
"2023-01-01",7.244,17550.734,33.822,170192.213,7.648,0,4.36,13115.729,53.611,6841.818,62.424,60.375,60.366,51.125,2071.489,25.59,27.656,2.78,NA,29.977
"2023-01-02",7.243,17549.505,33.78,166813.8,7.68,0,4.366,13172.22,53.631,7879.082,62.426,60.376,60.347,51.042,2040.046,25.583,27.637,2.812,NA,29.954
"2023-01-03",7.239,17529.357,33.74,163614.556,7.7,0,4.373,13245.699,53.634,8052.94,62.415,60.368,60.328,50.956,1571.055,24.453,26.423,7.777,NA,28.752
"2023-01-04",7.237,17522.034,33.699,160492.081,7.72,0,4.389,13420.651,53.647,8888.573,62.376,60.358,60.327,50.864,565.014,21.947,23.723,18.776,NA,26.082
"2023-01-05",7.238,17527.378,33.656,157208.772,7.736,0,4.42,13754.555,53.677,10992.771,62.339,60.35,60.339,50.769,1814.967,25.241,27.297,4.096,NA,29.574
"2023-01-06",7.24,17533.917,33.608,153653.129,7.742,0,4.465,14253.326,53.713,13555.47,62.328,60.347,60.34,50.668,1892.285,25.497,27.577,2.911,NA,29.844
"2023-01-07",7.241,17539.179,33.557,149933.692,7.745,0,4.531,15009.175,53.763,0,62.335,60.346,60.335,50.56,1857.563,25.479,27.557,2.906,NA,29.817
"2023-01-08",7.242,17543.431,33.507,146397.239,7.746,0,4.621,16083.741,53.813,0,62.338,60.344,60.333,50.449,1825.991,25.466,27.534,2.908,NA,29.792
"2023-01-09",7.24,17533.046,33.46,143141.536,7.746,0,4.736,17535.7,53.875,0,62.358,60.341,60.324,50.325,1780.403,25.44,27.505,2.919,NA,29.756
"2023-01-10",7.24,17534.612,33.413,139913.224,7.749,0,4.868,19295.918,53.923,0,62.346,60.343,60.322,50.189,1743.173,25.403,27.477,2.935,NA,29.725
"2023-01-11",7.239,17528.72,33.361,136499.587,7.752,0,5.013,21367.418,53.958,0,62.312,60.34,60.323,50.038,1705.236,25.396,27.454,2.961,NA,29.693
"2023-01-12",7.239,17530.103,33.31,133141.328,7.748,0,5.17,23776.115,53.984,0,62.28,60.336,60.323,49.862,1660.226,25.379,27.429,2.973,NA,29.656
"2023-01-13",7.239,17531.197,33.253,129585.075,7.738,0,5.31,26073.231,54.004,0,62.242,60.333,60.326,49.66,1623.639,25.366,27.416,3.004,NA,29.625
"2023-01-14",7.238,17526.059,33.193,125853.516,7.714,0,5.422,28020.091,54.024,0,62.213,60.329,60.302,49.425,1585.702,25.344,27.392,3.003,NA,29.593
"2023-01-15",7.24,17535.366,33.131,122121.442,7.694,0,5.525,30292.533,54.022,0,62.216,60.323,60.31,49.149,1541.078,25.317,27.358,3.022,NA,29.553
"2023-01-16",7.245,17559.632,33.063,118180.629,7.674,0,5.606,33014.955,54.018,0,62.229,60.323,60.321,48.859,1496.454,25.297,27.334,3.042,NA,29.513
"2023-01-17",7.256,17616.887,32.999,114545.767,7.648,0,5.656,34829.691,54.018,0,62.219,60.328,60.304,48.534,1451.187,25.277,27.305,3.086,NA,29.471
"2023-01-18",7.272,17700.942,32.931,110852.639,7.636,0,5.691,36141.031,54.011,0,62.211,60.324,60.286,48.168,1399.039,25.254,27.277,3.122,NA,29.422
"2023-01-19",7.291,17801.896,32.843,106172.508,7.619,0,5.711,36901.796,53.995,0,62.216,60.316,60.293,47.774,1348.5,25.225,27.254,3.133,NA,29.372
"2023-01-20",7.316,17930.672,32.75,101461.163,7.596,0,5.718,37157.738,53.992,0,62.239,60.308,60.289,47.391,1297.96,25.197,27.223,3.178,NA,29.319
"2023-01-21",7.347,18097.673,32.638,95935.132,7.573,0,5.72,37236.706,53.989,0,62.251,60.305,60.292,47.038,1250.185,25.177,27.174,3.252,NA,29.269
"2023-01-22",7.384,18293.145,32.497,89504.558,7.553,0,5.717,37112.741,53.984,0,62.244,60.302,60.293,46.732,1212.364,25.154,27.094,3.29,NA,29.227
"2023-01-23",7.444,18621.468,32.332,83728.13,7.527,0,5.708,36777.952,53.946,0,62.242,60.291,60.282,46.463,1128.594,25.125,27.011,3.367,NA,29.128
"2023-01-24",7.523,19049.963,32.13,77932.108,7.504,0,5.693,36210.886,53.902,0,62.218,60.289,60.282,46.263,1064.358,25.093,26.929,3.47,NA,29.038
"2023-01-25",7.594,19440.196,31.901,72134.75,7.473,0,5.659,34942.404,53.908,0,62.194,60.292,60.25,46.076,997.209,25.049,26.846,3.547,NA,28.918
"2023-01-26",7.692,19984.818,31.656,66382.652,7.445,0,5.636,34091.075,53.893,0,62.199,60.289,60.273,45.905,926.711,24.99,26.764,3.612,NA,28.782
"2023-01-27",7.787,20548.092,31.403,60882.869,7.406,0,5.612,33216.751,53.888,0,62.215,60.287,60.277,45.786,849.538,24.93,26.681,3.675,NA,28.621
"2023-01-28",7.91,21636.997,31.176,56328.864,7.371,0,5.593,32552.98,53.898,0,62.208,60.304,60.268,45.701,778.152,24.866,26.599,3.945,NA,28.445
"2023-01-29",8.037,22854.457,30.996,52917.698,7.348,0,5.599,32773.972,53.903,0,62.203,60.328,60.305,45.611,725.452,24.782,26.501,4.055,NA,28.251
"2023-01-30",8.122,23694.793,30.849,50285.002,7.299,0,5.585,32272.292,53.884,0,62.179,60.329,60.302,45.491,683.618,24.683,26.353,4.109,NA,28.074
"2023-01-31",8.181,24404.633,30.73,48238.711,7.237,0,5.56,31421.785,53.865,0,62.176,60.323,60.301,45.411,648.543,24.581,26.193,4.293,NA,27.911
"2023-02-01",8.22,24927.963,30.642,46777.188,7.155,0,5.523,30186.126,53.84,0,62.179,60.325,60.288,45.317,614.412,24.469,26.033,4.441,NA,27.746
"2023-02-02",8.243,25233.954,30.549,45271.369,7.05,0,5.475,28966.431,53.814,0,62.198,60.318,60.273,45.271,583.156,24.35,25.884,4.565,NA,27.591
"2023-02-03",8.256,25405.728,30.503,44541.45,6.933,0,5.425,28061.221,53.787,0,62.202,60.304,60.277,45.242,558.143,24.232,25.776,4.665,NA,27.451
"2023-02-04",8.258,25436.157,30.435,43475.578,6.83,0,5.371,27119.819,53.759,16860.74,62.147,60.298,60.283,45.193,548.408,24.128,25.687,4.742,NA,27.397
"2023-02-05",8.248,25303.032,30.382,42668.395,6.715,0,5.311,26085.782,53.727,14468.279,62.079,60.296,60.282,45.089,536.551,24.047,25.613,4.809,NA,27.331
"2023-02-06",8.229,25042.017,30.34,42033.999,6.608,0,5.243,24944.136,53.69,11916.564,61.99,60.295,60.281,45.008,526.341,23.973,25.559,4.882,NA,27.272
"2023-02-07",8.207,24753.15,30.29,41293.322,6.503,0,5.163,23654.289,53.666,10118.988,61.892,60.292,60.281,44.941,514.323,23.919,25.493,4.916,NA,27.202
"2023-02-08",8.183,24426.114,30.228,40388.263,6.386,0,5.077,22327.394,53.616,7165.657,61.791,60.291,60.282,44.873,495.714,23.864,25.416,4.981,NA,27.091
"2023-02-09",8.153,24041.762,30.096,38529.604,6.268,0,4.982,20913.911,53.536,3918.576,61.688,60.29,60.289,44.75,486.262,23.826,25.36,4.98,NA,27.033
"2023-02-10",8.115,23628.508,30.06,38029.964,6.126,0,4.878,19430.769,53.475,2819.831,61.588,60.275,60.27,44.719,469.223,23.786,25.272,5.001,NA,26.926
"2023-02-11",8.075,23230.975,30.077,38260.188,5.984,0,4.765,17902.543,53.415,2462.379,61.493,60.252,60.233,44.697,462.105,23.727,25.219,5.074,NA,26.881
"2023-02-12",8.036,22848.015,30.05,37892.023,5.825,0,4.644,16369.274,53.354,2229.634,61.423,60.232,60.219,44.662,460.169,23.697,25.197,5.188,NA,26.868
"2023-02-13",7.998,22472.409,29.967,36610.462,5.634,0,4.517,14858.208,53.304,2069.024,61.373,60.207,60.202,44.643,449.548,23.674,25.172,5.237,NA,26.845
"2023-02-14",7.963,22135.564,29.984,36920.572,5.41,0,4.385,13378.355,53.269,1960.237,61.343,60.19,60.191,44.625,425.849,23.641,25.138,5.264,NA,26.794
"2023-02-15",7.925,21774.332,29.979,36828.051,5.124,0,4.246,11945.01,53.247,1893.322,61.325,60.167,60.178,44.549,446.491,23.598,25.119,5.261,NA,26.79
"2023-02-16",7.883,21382.356,29.952,36346.703,4.892,0,4.101,10565.57,53.225,1826.563,61.302,60.149,60.16,44.507,447.592,23.579,25.106,5.231,NA,26.786
"2023-02-17",7.833,20922.641,29.923,35817.916,4.706,0,3.951,9251.934,53.199,1750.146,61.27,60.133,60.121,44.486,444.75,23.568,25.087,5.201,NA,26.767
"2023-02-18",7.789,20546.57,29.9,35414.137,4.571,0,3.806,8092.155,53.179,1693.135,61.243,60.107,60.108,44.447,442.075,23.554,25.069,5.237,NA,26.749
"2023-02-19",7.744,20281.014,29.874,34945.816,4.463,0,3.667,7074.213,53.166,1656.916,61.213,60.087,60.091,44.383,440.178,23.521,25.056,5.229,NA,26.736
"2023-02-20",7.694,19999.227,29.844,34439.761,4.365,0,3.525,6134.308,53.153,1620.851,61.179,60.062,60.069,44.272,438.005,23.485,25.039,5.221,NA,26.721
"2023-02-21",7.644,19720.105,29.774,33250.92,4.223,0,3.383,5278.06,53.141,1588.78,61.143,60.041,60.049,44.097,436.533,23.485,25.024,5.225,NA,26.711
"2023-02-22",7.591,19425.49,29.682,31751.538,4.068,0,3.241,4511.53,53.134,1568.602,61.109,60.015,60.04,43.997,429.723,23.464,24.988,5.18,NA,26.667
"2023-02-23",7.535,19115.204,29.644,31131.863,3.912,0,3.104,3842.597,53.125,1546,61.083,59.994,60.019,43.954,419.474,23.433,24.932,4.978,NA,26.605
"2023-02-24",7.47,18757.417,29.589,30216.958,3.781,0,2.972,3313.361,53.116,1521.741,61.094,59.972,59.986,43.9,411.456,23.396,24.884,4.959,NA,26.561
"2023-02-25",7.396,18360.076,29.536,29360.143,3.587,0,2.847,2950.528,53.104,1489.365,61.116,59.958,59.948,43.885,403.396,23.361,24.839,4.981,NA,26.512
"2023-02-26",7.314,17919.07,29.47,28323.647,3.415,0,2.729,2634.47,53.092,1457.843,61.149,59.937,59.937,43.882,399.124,23.314,24.778,5.004,NA,26.448
"2023-02-27",7.219,17474.747,29.445,27941.012,3.24,0,2.621,2397.467,53.082,1432.534,61.185,59.915,59.924,43.857,397.611,23.271,24.717,5.024,NA,26.364
"2023-02-28",7.109,17117.102,29.422,27597.083,3.092,0,2.521,2194.004,53.072,1406.664,61.206,59.896,59.88,43.744,397.2,23.228,24.689,5.039,NA,26.348
"2023-03-01",6.993,16751.871,29.383,27021.126,3.015,0,2.433,2024.233,53.06,1375.344,61.233,59.875,59.871,43.688,396.448,23.209,24.678,5.059,NA,26.338
"2023-03-02",6.858,16326.335,29.318,26067.499,2.966,0,2.359,1907.317,53.049,1348.728,61.257,59.858,59.855,43.666,394.72,23.198,24.666,5.074,NA,26.322
"2023-03-03",6.704,15846.399,29.251,24987.354,2.932,0,2.301,1820.589,53.034,1311.848,61.28,59.84,59.846,43.626,390.903,23.184,24.642,5.094,NA,26.283
"2023-03-04",6.531,15309.193,29.204,24201.095,2.904,0,2.255,1753.467,53.024,1287.63,61.304,59.822,59.833,43.584,387.924,23.148,24.603,5.114,NA,26.241
"2023-03-05",6.334,14699.396,29.123,22890.595,2.873,0,2.218,1698.838,53.016,1267.352,61.318,59.801,59.807,43.563,382.721,23.094,24.55,5.156,NA,26.178
"2023-03-06",6.102,13986.492,29.062,21934.424,2.789,0,2.184,1649.687,53.001,1230.891,61.335,59.784,59.79,43.513,372.872,23.06,24.462,5.181,NA,26.083
"2023-03-07",5.845,13217.995,29.022,21336.619,2.688,0,2.151,1603.579,52.987,1199.046,61.348,59.764,59.765,43.475,367.224,23.048,24.404,5.174,NA,26.02
"2023-03-08",5.574,12423.767,28.948,20278.576,2.588,0,2.123,1563.14,52.974,1168.491,61.362,59.744,59.743,43.459,361.918,23.036,24.359,5.176,NA,25.958
"2023-03-09",5.312,11661.569,28.897,19557.297,2.492,0,2.097,1526.729,52.957,1130.458,61.381,59.725,59.741,43.456,354.243,23.014,24.316,5.187,NA,25.891
"2023-03-10",5.074,10974.147,28.836,18748.583,2.403,0,2.071,1489.825,52.944,1100.574,61.397,59.709,59.722,43.458,346.96,22.983,24.299,5.204,NA,25.832
"2023-03-11",4.862,10370.402,28.769,17894.515,2.342,0,2.042,1450.307,52.928,1065.602,61.406,59.69,59.685,43.44,340.157,22.943,24.222,5.229,NA,25.782
"2023-03-12",4.678,9849.064,28.662,16539.572,2.306,2732.839,2.017,1416.144,52.915,1035.824,61.422,59.672,59.676,43.433,331.409,22.903,24.158,5.249,NA,25.718
"2023-03-13",4.515,9390.625,28.613,15908.816,2.287,4544.337,1.992,1381.493,52.901,1005.935,61.439,59.654,59.667,43.42,315.734,22.863,24.088,5.316,NA,25.625
"2023-03-14",4.362,8960.915,28.586,15543.671,2.279,4478.107,1.965,1345.615,52.888,978.637,61.455,59.634,59.651,43.402,307.416,22.821,24.016,5.322,NA,25.576
"2023-03-15",4.208,8534.566,28.543,14984.136,2.309,4722.207,1.938,1309.36,52.876,953.564,61.469,59.614,59.63,43.39,297.065,22.778,23.943,5.249,NA,25.543
"2023-03-16",4.057,8112.916,28.514,14615.094,2.305,4695.832,1.911,1272.912,52.865,930.819,61.48,59.597,59.61,43.386,286.28,22.754,23.894,5.24,NA,25.503
"2023-03-17",3.92,7732.04,28.477,14158.92,2.271,4413.567,1.884,1237.394,52.848,897.199,61.495,59.578,59.601,43.379,282.184,22.725,23.856,5.242,NA,25.466
"2023-03-18",3.793,7383.26,28.436,13668.622,2.265,4360.289,1.858,1203.182,52.835,870.437,61.503,59.557,59.573,43.376,275.199,22.693,23.825,5.275,NA,25.433
"2023-03-19",3.689,7096.999,28.402,13263.416,2.366,5134.318,1.832,1169.612,52.82,842.743,61.502,59.533,59.539,43.399,268.177,22.642,23.777,5.285,NA,25.389
"2023-03-20",3.607,6873.218,28.396,13194.659,2.393,5328.444,1.805,1134.625,52.806,815.266,61.502,59.51,59.519,43.4,262.394,22.571,23.692,5.308,NA,25.352
"2023-03-21",3.539,6689.329,28.398,13217.586,2.41,5430.719,1.784,1108.353,52.795,794.776,61.502,59.491,59.515,43.435,264.916,22.547,23.676,5.338,NA,25.382
"2023-03-22",3.486,6545.36,28.38,13008.156,2.408,5420.399,1.766,1086.345,52.782,771.327,61.488,59.472,59.495,43.469,267.602,22.518,23.689,5.433,NA,25.394
"2023-03-23",3.451,6452.205,28.369,12891.78,2.404,5397.71,1.742,1055.46,52.767,742.971,61.466,59.452,59.456,43.495,264.533,22.456,23.677,5.378,NA,25.372
"2023-03-24",3.446,6438.564,28.371,12907.764,2.403,5389.289,1.716,1022.961,52.754,720.474,61.45,59.427,59.435,43.477,262.049,22.381,23.629,5.374,NA,25.342
"2023-03-25",3.459,6472.591,28.374,12943.639,2.399,5370.432,1.691,993.226,52.744,703.184,61.437,59.405,59.423,43.491,262.475,22.333,23.611,5.354,NA,25.344
"2023-03-26",3.482,6535.039,28.398,13217.91,2.398,5362.815,1.671,968.095,52.736,688.946,61.427,59.38,59.41,43.476,265.216,22.332,23.614,5.374,NA,25.363
"2023-03-27",3.505,6598.166,28.458,13926.186,2.389,5296.582,1.656,950.331,52.729,676.682,61.411,59.367,59.388,43.495,270.557,22.351,23.642,5.392,NA,25.392
"2023-03-28",3.511,6612.559,28.478,14175.323,2.365,5122.453,1.644,935.817,52.731,680.599,61.406,59.361,59.377,43.51,279.793,22.394,23.696,5.399,NA,25.441
"2023-03-29",3.504,6593.481,28.481,14213.075,2.341,4949.589,1.629,918.027,52.721,663.59,61.39,59.343,59.351,43.551,282.638,22.423,23.732,5.408,NA,25.463
"2023-03-30",3.496,6572.247,28.478,14177.966,2.331,4881.782,1.613,898.433,52.713,648.946,61.377,59.326,59.344,43.577,284.054,22.441,23.749,5.386,NA,25.477
"2023-03-31",3.481,6532.663,28.481,14212.773,2.31,4728.869,1.598,881.043,52.703,632.79,61.358,59.304,59.316,43.555,272.934,22.447,23.748,5.388,NA,25.471
"2023-04-01",3.459,6472.384,28.465,14014.922,2.278,4466.974,1.583,862.755,52.693,617.118,61.342,59.285,59.3,43.573,253.693,22.441,23.741,5.372,NA,25.468
"2023-04-02",3.432,6400.572,28.445,13770.178,2.253,4265.695,1.568,845.275,52.684,604.064,61.327,59.269,59.289,43.611,274.63,22.431,23.729,5.375,NA,25.449
"2023-04-03",3.399,6312.849,28.446,13784.126,2.219,3992.286,1.553,828.239,52.676,593.018,61.312,59.253,59.271,43.666,274.288,22.4,23.693,5.387,NA,25.415
"2023-04-04",3.362,6212.987,28.451,13842.462,2.183,3720.184,1.539,810.997,52.67,585.086,61.299,59.237,59.257,43.789,275.074,22.393,23.69,5.369,NA,25.422
"2023-04-05",3.318,6095.749,28.473,14111.494,2.161,3552.748,1.524,794.213,52.664,577.266,61.287,59.225,59.252,43.918,277.501,22.406,23.701,5.344,NA,25.438
"2023-04-06",3.27,5966.287,28.504,14490.523,2.158,3532.001,1.509,777.569,52.654,564.459,61.268,59.217,59.227,44.006,281.964,22.431,23.739,5.28,NA,25.468
"2023-04-07",3.211,5809.521,28.522,14721.266,2.159,3542.217,1.496,762.017,52.648,556.593,61.253,59.196,59.198,44.048,284.426,22.442,23.752,5.232,NA,25.474
"2023-04-08",3.14,5623.967,28.592,15624.35,2.159,3544.953,1.481,744.96,52.642,548.687,61.24,59.176,59.181,44.085,288.858,22.454,23.768,5.221,NA,25.502
"2023-04-09",3.059,5411.037,28.639,16259.98,2.159,3539.06,1.463,725.428,52.636,541.467,61.229,59.16,59.171,44.114,298.112,22.48,23.809,5.207,NA,25.549
"2023-04-10",2.978,5199.065,28.64,16268.321,2.159,3541.388,1.448,708.487,52.631,534.438,61.222,59.144,59.173,44.123,303.207,22.531,23.863,5.147,NA,25.573
"2023-04-11",2.902,5003.142,28.656,16500.044,2.145,3440.491,1.438,697.585,52.621,522.031,61.205,59.139,59.152,44.131,306.422,22.583,23.925,5.08,NA,25.617
"2023-04-12",2.844,4852.139,28.647,16376.841,2.118,3247.21,1.43,688.657,52.617,517.196,61.195,59.124,59.129,44.139,302.463,22.606,23.951,5.026,NA,25.611
"2023-04-13",2.795,4727.546,28.644,16335.588,2.091,3063.256,1.421,679.414,52.612,511.021,61.189,59.112,59.134,44.136,298.405,22.598,23.929,4.908,NA,25.584
"2023-04-14",2.762,4643.557,28.674,16736.475,2.068,2912.488,1.419,676.318,52.609,507.945,61.182,59.117,59.139,44.143,298.773,22.593,23.925,4.862,NA,25.594
"2023-04-15",2.746,4601.755,28.694,16978.439,2.041,2742.312,1.419,676.471,52.605,503.116,61.168,59.11,59.114,44.146,301.173,22.599,23.939,4.803,NA,25.609
"2023-04-16",2.704,4494.942,28.681,16822.139,2.002,2500.508,1.413,670.226,52.599,494.634,61.161,59.094,59.109,44.129,302.106,22.6,23.94,4.736,NA,25.608
"2023-04-17",2.66,4382.409,28.667,16647.397,1.963,2276.458,1.402,658.342,52.59,484.444,61.143,59.087,59.105,44.113,301.137,22.6,23.938,4.68,NA,25.598
"2023-04-18",2.607,4250.488,28.654,16462.664,1.923,2053.758,1.387,642.198,52.578,470.08,61.096,59.074,59.08,44.101,296.755,22.596,23.924,4.633,NA,25.582
"2023-04-19",2.546,4096.186,28.611,15879.006,1.887,1869.496,1.37,624.358,52.566,455.708,61.044,59.068,59.07,44.08,288.42,22.57,23.888,4.592,NA,25.539
"2023-04-20",2.477,3923.898,28.574,15388.448,1.86,1738.1,1.354,606.865,52.553,440.933,60.988,59.06,59.071,44.088,276.905,22.519,23.821,4.588,NA,25.487
"2023-04-21",2.4,3736.139,28.576,15415.917,1.855,1710.005,1.337,589.378,52.542,427.75,60.936,59.053,59.069,44.087,272.157,22.471,23.748,4.64,NA,25.462
"2023-04-22",2.312,3574.436,28.562,15234.54,1.85,1688.309,1.319,571.178,52.531,415.6,60.889,59.044,59.063,44.076,271.243,22.461,23.747,4.655,NA,25.458
"2023-04-23",2.218,3433.32,28.541,14963.876,1.849,1685.275,1.3,550.991,52.522,404.801,60.847,59.038,59.062,44.072,268.663,22.453,23.736,4.684,NA,25.448
"2023-04-24",2.119,3282.553,28.519,14685.086,1.848,1680.111,1.279,530.228,52.512,394.714,60.812,59.034,59.056,44.086,265.937,22.429,23.719,4.736,NA,25.436
"2023-04-25",2.024,3132.974,28.499,14433.04,1.844,1661.773,1.259,510.271,52.507,388.615,60.793,59.026,59.056,44.11,262.528,22.412,23.697,4.668,NA,25.41
"2023-04-26",1.936,2993.788,28.491,14330.651,1.807,1493.352,1.238,489.039,52.498,378.484,60.78,59.02,59.061,44.151,257.909,22.378,23.649,4.581,NA,25.373
"2023-04-27",1.862,2873.754,28.489,14310.288,1.769,1326.836,1.217,468.826,52.49,370.376,60.768,59.015,59.033,44.198,256.507,22.359,23.629,4.548,NA,25.368
"2023-04-28",1.798,2767.953,28.497,14410.712,1.76,1291.269,1.199,451.592,52.482,362.246,60.767,59.006,59.012,44.218,255.478,22.348,23.621,4.535,NA,25.361
"2023-04-29",1.745,2679.096,28.486,14274.902,1.761,1295.376,1.181,433.858,52.471,350.365,60.772,59.001,59.011,44.214,255.105,22.341,23.618,4.526,NA,25.358
"2023-04-30",1.708,2616.092,28.485,14259.294,1.762,1296.442,1.163,417.111,52.462,340.853,60.779,58.996,59.011,44.193,254.015,22.34,23.611,4.531,NA,25.351
"2023-05-01",1.673,2555.851,28.491,14337.357,1.762,1296.295,1.148,403.395,52.455,334.187,60.792,58.99,59.005,44.133,253.251,22.338,23.608,4.55,NA,25.35
"2023-05-02",1.624,2471.191,28.47,14076.11,1.761,1294.838,1.133,390.249,52.449,327.278,60.807,58.985,58.991,43.965,251.077,22.328,23.596,4.56,NA,25.341
"2023-05-03",1.57,2375.597,28.442,13737.68,1.763,1304.033,1.12,378.209,52.447,325.991,60.836,58.973,58.987,43.855,245.733,22.305,23.563,4.547,NA,25.301
"2023-05-04",1.515,2278.157,28.428,13572.888,1.753,1260.254,1.106,365.837,52.442,320.761,60.868,58.967,58.988,43.842,239.857,22.247,23.496,4.495,NA,25.258
"2023-05-05",1.465,2187.084,28.383,13050.879,1.724,1147.912,1.094,355.242,52.438,316.17,60.894,58.958,58.973,43.798,234.973,22.215,23.456,4.451,NA,25.234
"2023-05-06",1.418,2102.283,28.332,12478.311,1.719,1126.675,1.084,346.768,52.431,309.48,60.92,58.95,58.943,43.722,228.393,22.183,23.421,4.413,NA,25.198
"2023-05-07",1.384,2040.28,28.245,11554.868,1.723,1143.163,1.075,338.881,52.425,304.022,60.95,58.944,58.938,43.641,218.99,22.117,23.336,4.37,NA,25.124
"2023-05-08",1.361,1996.848,28.224,11329.978,1.725,1149.142,1.066,331.337,52.421,301.035,60.981,58.938,58.937,43.553,206.878,21.986,23.173,4.352,NA,25.036
"2023-05-09",1.341,1959.923,28.168,10746.542,1.712,1101.322,1.059,324.799,52.42,300.372,61.015,58.93,58.941,43.43,203.876,21.922,23.117,4.389,NA,25.04
"2023-05-10",1.318,1917.401,28.099,10072.233,1.705,1077.029,1.051,318.615,52.419,299.176,61.047,58.924,58.945,43.307,189.095,21.865,23.019,4.424,NA,24.958
"2023-05-11",1.293,1868.512,28.057,9672.218,1.705,1074.809,1.045,312.997,52.417,298.03,61.077,58.921,58.94,43.265,168.444,21.8,22.86,4.486,NA,24.856
"2023-05-12",1.266,1816.998,28.042,9528.048,1.705,1073.652,1.039,308.475,52.416,297.026,61.104,58.913,58.933,43.257,161.729,21.772,22.802,4.525,NA,24.804
"2023-05-13",1.237,1761.529,28.005,9204.8,1.704,1072.013,1.035,304.833,52.41,293.01,61.132,58.911,58.931,43.255,157.49,21.733,22.752,4.554,NA,24.766
"2023-05-14",1.217,1721.866,27.957,8791.805,1.706,1077.3,1.032,302.116,52.409,292.146,61.157,58.904,58.927,43.269,150.134,21.7,22.684,4.624,NA,24.719
"2023-05-15",1.203,1693.504,27.864,7954.533,1.699,1051.94,1.029,299.679,52.406,290.264,61.178,58.902,58.918,43.255,128.649,21.673,22.527,4.659,NA,24.61
"2023-05-16",1.188,1663.089,27.841,7733.64,1.668,941.283,1.024,295.709,52.405,289.121,61.197,58.892,58.904,43.261,100.807,21.579,22.289,4.671,NA,24.48
"2023-05-17",1.17,1628.227,27.875,8101.88,1.656,901.955,1.018,290.994,52.4,285.403,61.216,58.888,58.888,43.287,92.817,21.426,22.183,4.711,NA,24.44
"2023-05-18",1.159,1605.463,27.888,8224.272,1.655,898.621,1.015,288.017,52.397,283.555,61.238,58.886,58.893,43.316,89.915,21.311,22.247,4.665,NA,24.431
"2023-05-19",1.15,1587.862,27.891,8247.38,1.656,901.423,1.012,285.382,52.393,280.804,61.257,58.882,58.894,43.333,85.925,21.309,22.229,4.693,NA,24.428
"2023-05-20",1.144,1574.853,27.886,8209.872,1.657,905.269,1.009,283.666,52.391,279.211,61.275,58.878,58.884,43.386,83.164,21.306,22.216,4.731,NA,24.418
"2023-05-21",1.137,1560.075,27.904,8357.819,1.659,913.118,1.007,281.422,52.392,279.898,61.295,58.869,58.885,43.527,84.326,21.304,22.212,4.784,NA,24.415
"2023-05-22",1.122,1528.52,27.93,8565.125,1.66,914.565,1.001,276.969,52.389,277.809,61.313,58.865,58.886,43.616,90.494,21.324,22.245,4.86,NA,24.427
"2023-05-23",1.108,1500.421,27.918,8467.117,1.66,916.816,0.995,272.223,52.379,270.67,61.33,58.862,58.887,43.621,89.006,21.247,22.236,4.905,NA,24.418
"2023-05-24",1.097,1476.299,27.916,8454.858,1.659,912.91,0.993,270.426,52.362,258.54,61.344,58.859,58.883,43.64,87.172,21.186,22.217,4.873,NA,24.411
"2023-05-25",1.093,1469.428,27.982,9007.114,1.656,901.804,0.997,273.748,52.349,249.218,61.356,58.854,58.859,43.674,89.225,21.094,22.208,4.862,NA,24.419
"2023-05-26",1.089,1460.51,28.037,9489.366,1.623,797.782,0.993,270.327,52.338,242.202,61.376,58.855,58.867,43.697,95.914,21.094,22.242,4.864,NA,24.452
"2023-05-27",1.088,1457.144,28.043,9544.783,1.608,761.254,0.98,260.071,52.325,232.932,61.39,58.855,58.868,43.712,99.481,21.146,22.293,4.867,NA,24.473
"2023-05-28",1.087,1455.743,28.043,9545.544,1.606,756.029,0.963,246.877,52.314,225.427,61.404,58.848,58.864,43.75,102.271,21.202,22.327,4.856,NA,24.491
"2023-05-29",1.089,1460.377,28.073,9822.251,1.602,747.721,0.949,235.918,52.307,220.93,61.418,58.842,58.864,43.795,110.891,21.295,22.367,4.889,NA,24.506
"2023-05-30",1.088,1458.184,28.086,9944.943,1.576,688.538,0.934,224.007,52.3,215.911,61.432,58.84,58.864,43.837,117.7,21.306,22.391,4.944,NA,24.526
"2023-05-31",1.083,1443.554,28.06,9698.445,1.532,591.989,0.92,213.787,52.291,210.14,61.445,58.836,58.861,43.867,114.092,21.143,22.352,4.927,NA,24.516
"2023-06-01",1.074,1417.596,28.073,9819.375,1.516,557.696,0.908,204.725,52.28,203.298,61.458,58.831,58.859,43.824,108.855,20.924,22.289,4.906,NA,24.506
"2023-06-02",1.066,1391.248,28.086,9941.941,1.51,546.134,0.898,197.251,52.265,195.509,61.468,58.828,58.859,43.787,110.867,20.905,22.303,4.884,NA,24.521
"2023-06-03",1.048,1335.029,28.094,10015.606,1.511,548.018,0.888,189.998,52.253,189.058,61.482,58.823,58.86,43.843,112.546,20.923,22.323,4.821,NA,24.532
"2023-06-04",1.048,1335.261,28.105,10121.051,1.52,565.417,0.881,185.261,52.247,186.014,61.505,58.827,58.87,43.837,114.527,20.954,22.35,4.743,NA,24.544
"2023-06-05",1.053,1350.53,28.099,10062.419,1.522,569.966,0.875,181.172,52.24,182.311,61.529,58.84,58.874,43.863,116.157,21.006,22.378,4.71,NA,24.546
"2023-06-06",1.058,1367.713,28.097,10048.895,1.522,570.53,1.245,496.899,52.32,229.687,61.555,58.85,58.886,43.931,113.788,21.006,22.352,4.687,NA,24.512
"2023-06-07",1.054,1356.05,28.16,10663.586,1.518,561.421,1.807,1063.045,52.296,213.44,61.565,58.865,58.882,44.003,119.512,21.013,22.374,4.632,NA,24.549
"2023-06-08",1.04,1311.099,28.137,10437.726,1.512,549.535,1.736,981.55,52.275,200.901,61.577,58.858,58.87,44.028,125.667,21.089,22.449,4.576,NA,24.578
"2023-06-09",1.027,1269.692,28.126,10330.362,1.508,542.191,1.524,745.735,52.261,193.118,61.585,58.842,58.866,44.092,123.407,21.102,22.437,4.545,NA,24.552
"2023-06-10",1.019,1243.865,28.136,10423.557,1.506,537.407,1.295,517.832,52.248,186.214,61.594,58.836,58.867,44.179,123.335,21.082,22.421,4.577,NA,24.55
"2023-06-11",1.013,1225.633,28.173,10797.628,1.506,537.065,1.113,362.335,52.236,180.288,61.602,58.836,58.866,44.247,125.227,21.082,22.427,4.624,NA,24.559
"2023-06-12",1.002,1193.129,28.233,11434.622,1.505,534.844,0.997,275.853,52.222,172.471,61.607,58.845,58.858,44.303,130.582,21.101,22.459,4.563,NA,24.597
"2023-06-13",0.993,1156.918,28.243,11536.74,1.507,539.969,0.929,229.338,52.202,162.01,61.617,58.836,58.848,44.375,134.11,21.157,22.508,4.469,NA,24.628
"2023-06-14",0.986,1125.982,28.285,11978.457,1.509,544.22,0.885,201.222,52.175,148.218,61.628,58.832,58.853,44.478,143.092,21.261,22.581,4.383,NA,24.654
"2023-06-15",0.976,1075.725,28.318,12330.773,1.507,539.247,0.855,182.439,52.148,134.26,61.634,58.829,58.856,44.541,163.568,21.412,22.716,4.263,NA,24.749
"2023-06-16",0.966,1030.751,28.333,12495.242,1.493,510.718,0.829,167.383,52.121,120.348,61.631,58.828,58.862,44.631,172.663,21.531,22.808,4.226,NA,24.808
"2023-06-17",0.961,1006.016,28.367,12871.52,1.485,495.928,0.807,154.358,52.095,107.127,61.62,58.815,58.839,44.754,175.052,21.572,22.836,4.279,NA,24.826
"2023-06-18",0.957,992.065,28.444,13766.596,1.485,495.381,0.782,140.601,52.075,96.993,61.606,58.826,58.834,44.902,183.171,21.62,22.896,4.255,NA,24.877
"2023-06-19",0.957,987.735,28.539,14947.092,1.486,496.219,0.758,127.454,52.066,92.664,61.6,58.807,58.832,45.059,206.215,21.771,23.067,4.267,NA,25.011
"2023-06-20",0.958,996.506,28.597,15687.577,1.487,498.47,0.732,114.41,52.061,90.354,61.59,58.802,58.841,45.199,225.271,21.969,23.253,4.257,NA,25.149
"2023-06-21",0.967,1034.564,28.692,16930.096,1.491,506.301,0.719,107.703,52.063,91.015,61.581,58.809,58.849,45.362,234.08,22.104,23.371,4.238,NA,25.212
"2023-06-22",0.976,1079.995,28.767,17865.93,1.491,506.362,0.724,109.915,52.063,91.181,61.566,58.823,58.84,45.499,243.471,22.173,23.439,4.194,NA,25.272
"2023-06-23",0.975,1071.857,28.858,19068.399,1.489,503.546,0.722,108.872,52.055,87.222,61.557,58.818,58.841,45.562,236.234,22.145,23.377,4.142,NA,25.223
"2023-06-24",0.966,1032.636,28.949,24614.916,1.485,494.12,0.713,104.776,52.042,80.913,61.543,58.816,58.833,45.617,241.418,22.156,23.412,4.077,NA,25.278
"2023-06-25",0.962,1012.628,29.035,25759.893,1.483,490.894,0.7,98.128,52.03,75.052,61.531,58.801,58.82,45.676,246.335,22.189,23.447,4.023,NA,25.307
"2023-06-26",0.96,1002.713,29.115,26814.808,1.485,494.557,0.686,91.943,52.023,71.645,61.524,58.795,58.822,45.725,257.889,22.245,23.528,3.985,NA,25.39
"2023-06-27",0.966,1029.402,29.192,27868.234,1.494,512.997,0.697,97.112,52.039,79.544,61.521,58.805,58.831,45.804,271.626,22.319,23.618,3.89,NA,25.485
"2023-06-28",0.965,1027.501,29.218,28230.111,1.478,480.843,0.706,101.306,52.04,79.772,61.512,58.808,58.825,45.858,278.544,22.376,23.676,3.649,NA,25.534
"2023-06-29",0.964,1020.817,29.241,28561.69,1.433,396.617,0.706,101.122,52.033,76.55,61.503,58.809,58.828,45.89,287.362,22.434,23.737,3.445,NA,25.592
"2023-06-30",0.964,1019.806,29.298,29384.297,1.413,361.792,0.698,97.537,52.025,72.393,61.493,58.805,58.826,45.925,307.373,22.541,23.851,3.277,NA,25.713
"2023-07-01",0.956,984.738,29.32,29708.93,1.405,347.479,0.686,91.527,52.017,68.895,61.483,58.801,58.826,45.957,314.849,22.614,23.924,3.144,NA,25.766
"2023-07-02",0.952,967.376,29.343,30054.969,1.403,343.607,0.673,85.734,52.01,65.344,61.473,58.801,58.828,45.985,323.471,22.681,23.993,3.043,NA,25.818
"2023-07-03",0.96,1003.718,29.392,30789.269,1.414,362.729,0.684,90.89,52.018,69.392,61.473,58.815,58.835,46.067,344.152,22.816,24.14,2.964,NA,25.907
"2023-07-04",0.961,1006.886,29.424,31290.522,1.408,353.406,0.698,97.265,52.018,69.345,61.465,58.818,58.842,46.1,361.522,22.922,24.263,2.896,NA,26
"2023-07-05",0.954,975.025,29.443,31581.93,1.384,309.076,0.697,96.919,52.015,67.515,61.455,58.826,58.854,46.115,372.122,23.014,24.362,2.812,NA,26.076
"2023-07-06",0.949,953.285,29.48,32173.954,1.365,273.099,0.69,93.451,52.004,62.415,61.441,58.825,58.837,46.155,384.812,23.135,24.469,2.691,NA,26.156
"2023-07-07",0.937,900.003,29.489,32312.23,1.356,257.506,0.676,87.181,51.995,58.318,61.429,58.831,58.837,46.211,387.833,23.221,24.531,2.719,NA,26.199
"2023-07-08",0.928,861.508,29.501,32511.187,1.351,247.71,0.663,81.143,51.995,57.926,61.42,58.812,58.826,46.274,388.446,23.253,24.553,2.76,NA,26.214
"2023-07-09",0.922,834.363,29.522,32851.144,1.35,246.811,0.652,76.336,51.998,59.397,61.412,58.807,58.829,46.334,390.091,23.282,24.578,2.748,NA,26.229
"2023-07-10",0.913,797.35,29.547,33248.686,1.348,242.873,0.64,71.969,51.997,59.134,61.403,58.806,58.828,46.394,392.25,23.329,24.612,2.724,NA,26.234
"2023-07-11",0.905,765.494,29.599,34085.077,1.347,241.249,0.632,68.685,51.995,58.314,61.393,58.806,58.827,46.457,396.234,23.348,24.642,2.715,NA,26.269
"2023-07-12",0.897,729.549,29.641,34752.806,1.349,243.749,0.627,66.758,51.992,56.662,61.385,58.804,58.828,46.526,401.981,23.384,24.693,2.65,NA,26.339
"2023-07-13",0.889,699.116,29.656,35001.163,1.35,246.218,0.625,66.053,51.989,55.145,61.375,58.806,58.83,46.57,403.949,23.419,24.727,2.586,NA,26.368
"2023-07-14",0.881,667.374,29.682,35447.689,1.36,264.226,0.625,66.043,51.983,52.604,61.365,58.8,58.824,46.607,405.493,23.462,24.762,2.557,NA,26.402
"2023-07-15",0.872,633.218,29.713,35957.116,1.37,281.718,0.624,65.707,51.979,50.539,61.352,58.794,58.809,46.649,407.634,23.483,24.783,2.587,NA,26.423
"2023-07-16",0.863,600.148,29.774,37008.266,1.374,289.631,0.62,64.441,51.975,48.506,61.345,58.796,58.816,46.696,411.052,23.503,24.81,2.606,NA,26.459
"2023-07-17",0.858,578.945,29.82,37819.622,1.366,275.783,0.617,63.213,51.969,46.042,61.336,58.796,58.814,46.749,413.44,23.53,24.861,2.586,NA,26.536
"2023-07-18",0.853,560.81,29.815,37719.553,1.359,262.998,0.615,62.286,51.965,44.185,61.329,58.792,58.814,46.806,415.243,23.565,24.909,2.574,NA,26.579
"2023-07-19",0.85,551.055,29.856,38462.033,1.356,256.181,0.613,61.634,51.964,43.56,61.32,58.793,58.821,46.868,418.76,23.558,24.924,2.519,NA,26.601
"2023-07-20",0.849,547.981,29.928,39771.138,1.353,251.171,0.611,61.037,51.965,43.902,61.308,58.789,58.802,46.935,426.92,23.544,24.946,2.504,NA,26.646
"2023-07-21",0.847,539.513,29.964,40446.007,1.358,260.375,0.608,59.876,51.967,44.972,61.303,58.791,58.807,47.001,432.932,23.526,24.975,2.413,NA,26.687
"2023-07-22",0.848,545.07,29.989,40933.365,1.369,280.894,0.605,58.67,51.967,44.846,61.293,58.783,58.801,47.064,438.159,23.543,25.003,2.287,NA,26.722
"2023-07-23",0.848,541.511,30.003,41205.08,1.369,280.248,0.603,58.047,51.968,45.25,61.283,58.784,58.79,47.127,442.583,23.559,25.028,2.227,NA,26.752
"2023-07-24",0.849,545.513,30.041,41929.547,1.369,280.685,0.601,57.469,51.97,46.349,61.279,58.785,58.798,47.187,450.627,23.556,25.062,2.182,NA,26.806
"2023-07-25",0.847,539.117,30.078,42661.845,1.366,275.066,0.6,57.172,51.97,46.523,61.274,58.781,58.804,47.246,456.922,23.543,25.086,2.152,NA,26.847
"2023-07-26",0.843,526.05,30.083,42756.115,1.361,265.524,0.601,57.252,51.971,46.703,61.269,58.781,58.806,47.306,462.388,23.554,25.108,2.129,NA,26.882
"2023-07-27",0.846,535.496,30.098,43028.984,1.343,234.96,0.605,58.855,51.972,47.455,61.263,58.783,58.805,47.368,465.32,23.571,25.117,2.079,NA,26.901
"2023-07-28",0.844,529.852,30.125,43469.409,1.334,219.955,0.609,60.247,51.974,48.182,61.259,58.785,58.807,47.429,467.275,23.582,25.141,2.051,NA,26.914
"2023-07-29",0.843,523.662,30.156,43966.307,1.324,203.764,0.61,60.746,51.974,48.223,61.253,58.785,58.802,47.476,470.31,23.592,25.154,2.046,NA,26.933
"2023-07-30",0.841,519.7,30.216,44965.114,1.321,198.285,0.612,61.193,51.976,49.278,61.249,58.783,58.801,47.526,474.515,23.606,25.18,2.033,NA,26.962
"2023-07-31",0.841,516.848,30.251,45549.39,1.321,198.518,0.611,61.145,51.978,50.009,61.244,58.779,58.797,47.577,482.256,23.635,25.228,2.013,NA,27.016
"2023-08-01",0.841,519.301,30.285,46121.828,1.323,200.743,0.61,60.717,51.978,50.178,61.24,58.777,58.799,47.625,489.992,23.665,25.274,2.003,NA,27.057
"2023-08-02",0.841,518.629,30.323,46778.53,1.329,210.219,0.609,60.389,51.975,48.781,61.238,58.778,58.8,47.674,496.975,23.693,25.307,1.997,NA,27.099
"2023-08-03",0.839,512.069,30.341,47078.225,1.331,214.71,0.609,60.311,51.973,47.83,61.234,58.777,58.804,47.721,504.459,23.716,25.344,1.973,NA,27.144
"2023-08-04",0.838,507.835,30.366,47513.898,1.332,216.27,0.613,61.656,51.974,48.201,61.223,58.762,58.774,47.772,508.902,23.743,25.371,1.944,NA,27.171
"2023-08-05",0.835,496.272,30.392,47970.927,1.332,215.73,0.613,61.715,51.979,50.66,61.223,58.769,58.787,47.821,511.179,23.761,25.384,1.928,NA,27.184
"2023-08-06",0.831,484.527,30.438,48802.164,1.334,218.979,0.612,61.36,51.99,55.598,61.222,58.767,58.773,47.869,515.602,23.774,25.406,1.911,NA,27.21
"2023-08-07",0.828,472.344,30.464,49259.223,1.336,222.118,0.61,60.771,52.002,61.591,61.22,58.768,58.777,47.915,523.518,23.796,25.437,1.91,NA,27.256
"2023-08-08",0.821,450.319,30.494,49809.053,1.338,226.325,0.609,60.207,52.012,66.437,61.223,58.768,58.783,47.964,530.192,23.823,25.474,1.915,NA,27.294
"2023-08-09",0.815,430.871,30.529,50449.499,1.335,220.109,0.61,60.769,52.016,68.078,61.225,58.76,58.775,48.01,534.809,23.843,25.501,1.921,NA,27.321
"2023-08-10",0.814,426.445,30.55,50852.596,1.338,226.066,0.614,62.193,52.022,70.863,61.233,58.759,58.774,48.055,535.587,23.859,25.507,1.884,NA,27.325
"2023-08-11",0.811,415.516,30.562,51071.41,1.339,228.088,0.62,64.182,52.025,72.567,61.238,58.758,58.772,48.102,533.176,23.86,25.498,1.86,NA,27.311
"2023-08-12",0.81,413.959,30.583,51467.363,1.341,230.521,0.629,67.601,52.028,74.088,61.244,58.753,58.768,48.152,533.369,23.86,25.493,1.829,NA,27.312
"2023-08-13",0.811,417.511,30.612,52019.802,1.345,236.789,0.642,72.778,52.033,76.218,61.25,58.755,58.764,48.201,535.394,23.862,25.502,1.783,NA,27.324
"2023-08-14",0.811,417.816,30.653,52798.648,1.344,236.459,0.652,76.513,52.033,76.251,61.259,58.749,58.764,48.244,538.795,23.872,25.514,1.761,NA,27.343
"2023-08-15",0.81,412.851,30.672,53158.021,1.341,230.879,0.657,78.377,52.032,75.896,61.266,58.749,58.767,48.284,541.58,23.882,25.529,1.719,NA,27.359
"2023-08-16",0.81,414.063,30.694,53589.001,1.34,229.792,0.661,80.425,52.033,76.345,61.272,58.753,58.765,48.326,541.393,23.889,25.53,1.681,NA,27.358
"2023-08-17",0.814,425.248,30.726,54215.538,1.344,236.315,0.666,82.484,52.031,75.626,61.275,58.764,58.748,48.372,541.322,23.89,25.532,1.633,NA,27.357
"2023-08-18",0.814,426.107,30.751,54722.673,1.377,295.517,0.668,83.434,52.034,77.177,61.288,58.753,58.751,48.408,545.483,23.892,25.542,1.584,NA,27.381
"2023-08-19",0.812,420.661,30.777,55249.701,1.498,525.808,0.669,84.114,52.038,78.948,61.296,58.745,58.754,48.438,547.913,23.902,25.552,1.561,NA,27.394
"2023-08-20",0.81,413.961,30.804,55788.863,1.646,881.886,0.669,84.002,52.038,78.984,61.3,58.746,58.76,48.464,550.607,23.912,25.562,1.552,NA,27.409
"2023-08-21",0.811,415.037,30.827,56244.394,1.764,1306.741,0.669,83.863,52.033,76.551,61.287,58.741,58.744,48.488,550.807,23.919,25.567,1.548,NA,27.41
"2023-08-22",0.81,414.015,30.848,56637.37,1.79,1417.257,0.669,83.771,52.034,76.907,61.271,58.739,58.741,48.504,550.807,23.92,25.561,1.537,NA,27.41
"2023-08-23",0.809,409.841,30.867,56966.519,1.761,1297.226,0.667,83.226,52.034,77.118,61.256,58.734,58.747,48.511,550.395,23.92,25.56,1.531,NA,27.408
"2023-08-24",0.807,404.137,30.883,57254.939,1.663,927.338,0.667,82.984,52.035,77.375,61.243,58.734,58.743,48.507,549.469,23.92,25.56,1.536,NA,27.403
"2023-08-25",0.806,398.73,30.897,57503.899,1.583,705.844,0.666,82.428,52.036,77.97,61.234,58.731,58.744,48.493,551.501,23.92,25.562,1.528,NA,27.414
"2023-08-26",0.804,395.127,30.909,57728.564,1.513,552.719,0.665,82.145,52.034,77.077,61.224,58.728,58.739,48.466,554.607,23.922,25.572,1.525,NA,27.431
"2023-08-27",0.816,431.695,30.922,57961.098,1.48,485.336,0.665,82.033,52.033,76.62,61.214,58.728,58.732,48.428,556.941,23.932,25.584,1.514,NA,27.444
"2023-08-28",0.86,586.97,30.931,58131.179,1.489,503.363,0.664,81.6,52.035,77.347,61.211,58.726,58.736,48.374,560.047,23.942,25.601,1.503,NA,27.461
"2023-08-29",0.919,821.248,30.938,58247.37,1.507,538.585,0.661,80.379,52.03,74.864,61.199,58.718,58.72,48.298,561.995,23.949,25.609,1.494,NA,27.472
"2023-08-30",0.959,1000.903,30.946,58406.375,1.527,580.094,0.659,79.646,52.028,73.946,61.194,58.715,58.708,48.197,563.847,23.952,25.612,1.49,NA,27.482
"2023-08-31",0.974,1069.335,30.951,58483.877,1.534,596.619,0.656,78.292,52.029,74.339,61.191,58.713,58.708,48.074,565.699,23.962,25.622,1.49,NA,27.492
"2023-09-01",0.97,1048.746,30.943,58346.26,1.538,604.521,0.654,77.46,52.033,76.361,61.191,58.711,58.715,47.927,567.139,23.969,25.632,1.519,NA,27.499
"2023-09-02",0.952,967.729,30.92,57924.192,1.533,593.208,0.652,76.618,52.036,77.932,61.19,58.709,58.721,47.759,566.83,23.972,25.639,1.551,NA,27.498
"2023-09-03",0.931,875.95,30.882,57245.948,1.524,574.865,0.651,76.092,52.032,75.893,61.183,58.707,58.718,47.574,563.872,23.977,25.633,1.615,NA,27.482
"2023-09-04",0.912,792.688,30.831,56318.455,1.524,574.631,0.652,76.37,52.03,75.168,61.181,58.704,58.704,47.368,556.883,23.966,25.607,1.721,NA,27.443
"2023-09-05",0.893,715.816,30.737,54442.651,1.525,577.601,0.652,76.451,52.032,76.132,61.181,58.702,58.71,47.173,545.682,23.942,25.573,1.869,NA,27.381
"2023-09-06",0.879,661.032,30.581,51451.022,1.521,567.627,0.651,76.264,52.027,73.464,61.173,58.708,58.709,46.99,520.926,23.897,25.488,1.977,NA,27.24
"2023-09-07",0.872,633.232,30.475,49458.909,1.525,575.869,0.651,76.147,52.019,69.749,61.171,58.706,58.674,46.835,495.547,23.824,25.374,2.041,NA,27.089
"2023-09-08",0.866,611.265,30.398,48094.917,1.531,588.502,0.652,76.649,52.023,71.531,61.171,58.684,58.67,46.69,480.508,23.742,25.278,2.083,NA,26.997
"2023-09-09",0.864,602.167,30.235,45289.09,1.528,583.075,0.65,75.654,52.025,72.569,61.165,58.676,58.676,46.556,466.046,23.678,25.194,2.137,NA,26.906
"2023-09-10",0.866,610.986,30.079,42651.787,1.53,587.842,0.647,74.62,52.026,73.159,61.158,58.675,58.676,46.408,441.094,23.593,25.074,2.189,NA,26.741
"2023-09-11",0.867,612.894,29.971,40585.855,1.53,588.039,0.645,73.894,52.026,73.017,61.15,58.675,58.676,46.263,406.566,23.459,24.869,2.26,NA,26.486
"2023-09-12",0.866,609.119,29.821,37854.039,1.529,584.577,0.646,74,52.024,72.251,61.151,58.672,58.674,46.06,394.835,23.328,24.715,2.332,NA,26.334
"2023-09-13",0.864,603.141,29.585,33871.838,1.531,588.437,0.649,75.19,52.025,72.332,61.151,58.669,58.676,45.93,373.943,23.192,24.567,2.378,NA,26.163
"2023-09-14",0.86,588.217,29.404,30973.102,1.528,582.432,0.651,76.049,52.022,70.983,61.149,58.668,58.672,45.805,341.558,23.018,24.371,2.405,NA,25.936
"2023-09-15",0.857,576.812,29.347,30104.793,1.528,581.937,0.652,76.622,52.022,70.858,61.147,58.664,58.666,45.678,314.842,22.821,24.064,2.413,NA,25.788
"2023-09-16",0.858,581.643,29.267,28937.129,1.527,580.927,0.653,76.683,52.037,78.373,61.146,58.66,58.665,45.567,305.875,22.711,23.953,2.422,NA,25.729
"2023-09-17",0.86,587.285,29.205,28049.84,1.525,575.795,0.652,76.372,52.062,90.921,61.145,58.66,58.666,45.459,292.597,22.608,23.834,2.4,NA,25.683
"2023-09-18",0.86,587.382,29.097,26571.232,1.521,568.254,0.651,76.084,52.08,99.824,61.142,58.662,58.663,45.328,284.814,22.524,23.761,2.409,NA,25.662
"2023-09-19",0.859,582.917,29.031,25698.759,1.513,550.972,0.652,76.358,52.089,104.329,61.133,58.647,58.643,45.229,266.8,22.435,23.67,2.411,NA,25.593
"2023-09-20",0.86,585.973,28.961,24797.427,1.513,551.052,0.655,77.59,52.097,108.448,61.125,58.639,58.622,45.203,256.78,22.356,23.605,2.394,NA,25.542
"2023-09-21",0.858,581.18,28.879,23637.721,1.515,556.146,0.662,80.831,52.11,114.747,61.119,58.629,58.626,45.234,247.244,22.316,23.561,2.445,NA,25.492
"2023-09-22",0.855,569.32,28.821,22825.69,1.514,554.424,0.672,85.195,52.117,118.559,61.114,58.627,58.626,45.255,240.35,22.303,23.521,2.56,NA,25.448
"2023-09-23",0.852,555.972,28.783,22315.297,1.512,550.221,0.683,90.507,52.122,120.663,61.111,58.623,58.628,45.31,238.366,22.339,23.506,2.644,NA,25.424
"2023-09-24",0.85,550.517,28.75,21877.073,1.51,545.648,0.693,95.075,52.12,119.738,61.106,58.621,58.622,45.359,235.799,22.338,23.484,2.713,NA,25.399
"2023-09-25",0.849,548.295,28.763,22051.005,1.511,546.667,0.703,99.729,52.118,118.943,61.102,58.618,58.611,45.375,233.631,22.301,23.462,2.786,NA,25.391
"2023-09-26",0.847,540.999,28.791,22419.624,1.52,566.194,0.71,103.047,52.114,116.897,61.096,58.608,58.598,45.393,228.612,22.293,23.462,2.695,NA,25.394
"2023-09-27",0.845,533.325,28.83,22950.168,1.58,700.704,0.715,105.674,52.114,116.936,61.097,58.606,58.589,45.426,234.474,22.293,23.485,2.696,NA,25.431
"2023-09-28",0.848,541.917,28.841,23093.539,1.677,973.708,0.716,105.921,52.116,118.034,61.101,58.6,58.598,45.412,247.093,22.281,23.545,2.704,NA,25.509
"2023-09-29",0.844,530.734,28.833,22991.399,1.677,973.646,0.715,105.713,52.12,119.602,61.102,58.593,58.599,45.433,249.185,22.31,23.582,2.719,NA,25.529
"2023-09-30",0.844,527.635,28.829,22927.948,1.636,836.973,0.715,105.505,52.117,118.485,61.099,58.583,58.589,45.402,248.653,22.322,23.597,2.67,NA,25.53
"2023-10-01",0.847,538.114,28.837,23045.44,1.651,886.001,0.715,105.739,52.119,119.512,61.102,58.592,58.593,45.382,248.12,22.329,23.591,2.606,NA,25.53
"2023-10-02",0.85,550.88,28.868,23479.082,1.66,917.284,0.72,108.269,52.128,123.736,61.099,58.567,58.582,45.389,248.983,22.334,23.599,2.583,NA,25.539
"2023-10-03",0.86,586.491,28.923,24258.694,1.678,978.653,0.737,116.498,52.136,128.278,61.101,58.569,58.558,45.433,257.854,22.362,23.646,2.539,NA,25.583
"2023-10-04",0.858,580.487,28.939,24484.64,1.665,934.788,0.741,118.88,52.15,135.03,61.108,58.57,58.549,45.425,269.39,22.424,23.723,2.567,NA,25.643
"2023-10-05",0.864,603.375,28.95,24649.697,1.601,746.887,0.741,118.941,52.157,138.993,61.108,58.554,58.546,45.419,275.459,22.494,23.79,2.74,NA,25.666
"2023-10-06",0.881,669.055,28.953,24693.828,1.557,644.653,0.74,118.272,52.161,140.999,61.108,58.544,58.538,45.408,277.961,22.53,23.809,2.622,NA,25.661
"2023-10-07",0.898,734.503,28.937,24453.516,1.537,602.668,0.739,117.593,52.165,143.11,61.108,58.538,58.541,45.401,277.565,22.539,23.81,2.522,NA,25.658
"2023-10-08",0.912,792.375,28.921,24226.999,1.53,586.163,0.74,118.403,52.17,145.478,61.109,58.538,58.542,45.401,275.761,22.542,23.806,2.501,NA,25.646
"2023-10-09",0.92,827.605,28.904,23983.641,1.522,570.892,0.745,120.646,52.173,147.088,61.109,58.531,58.538,45.396,273.23,22.545,23.784,2.537,NA,25.627
"2023-10-10",0.926,851.864,28.884,23703.411,1.515,556.388,0.747,122.058,52.176,148.501,61.111,58.525,58.538,45.387,270.842,22.527,23.757,2.569,NA,25.607
"2023-10-11",0.928,860.154,28.864,23414.386,1.51,544.652,0.747,121.867,52.164,142.537,61.098,58.513,58.509,45.386,267.121,22.5,23.726,2.633,NA,25.58
"2023-10-12",0.927,857.414,28.845,23158.212,1.493,510.96,0.748,122.613,52.167,144.189,61.1,58.509,58.493,45.416,262.048,22.454,23.667,2.711,NA,25.545
"2023-10-13",0.917,815.817,28.845,23154.833,1.494,513.064,0.748,122.147,52.173,146.866,61.101,58.505,58.5,45.491,260.904,22.42,23.642,2.733,NA,25.549
"2023-10-14",0.907,771.456,28.843,23126.5,1.506,537.465,0.746,121.097,52.175,147.996,61.099,58.497,58.494,45.57,260.725,22.411,23.64,2.703,NA,25.55
"2023-10-15",0.894,720.68,28.863,23404.196,1.512,548.747,0.741,118.651,52.172,146.414,61.092,58.482,58.469,45.766,261.061,22.426,23.644,2.668,NA,25.552
"2023-10-16",0.881,668.397,28.894,23840.947,1.514,554.605,0.738,117.42,52.176,148.45,61.095,58.476,58.468,45.933,265.108,22.498,23.679,2.631,NA,25.571
"2023-10-17",0.87,626.405,28.982,25050.175,1.512,550.439,0.735,115.794,52.178,149.881,61.095,58.471,58.477,46.027,274.87,22.601,23.769,2.572,NA,25.625
"2023-10-18",0.861,591.299,29.063,26116.239,1.513,552.321,0.734,115.356,52.182,151.962,61.095,58.467,58.477,46.119,290.759,22.707,23.876,2.479,NA,25.701
"2023-10-19",0.853,561.77,29.159,27409.6,1.509,542.821,0.736,116.192,52.198,160.28,61.099,58.458,58.473,46.122,300.272,22.766,23.959,2.407,NA,25.756
"2023-10-20",0.846,535.107,29.193,27879.707,1.499,522.631,0.737,116.737,52.207,164.929,61.09,58.445,58.451,46.122,300.896,22.791,23.977,2.356,NA,25.762
"2023-10-21",0.84,513.801,29.216,28208.633,1.507,538.963,0.738,117.388,52.215,168.894,61.089,58.439,58.427,46.125,302.56,22.774,23.975,2.35,NA,25.774
"2023-10-22",0.838,506.231,29.247,28642.491,1.521,567.324,0.74,118.256,52.227,175.503,61.094,58.435,58.432,46.133,306.472,22.784,23.996,2.317,NA,25.793
"2023-10-23",0.837,503.51,29.265,28903.286,1.519,564.858,0.743,119.658,52.229,176.38,61.09,58.422,58.429,46.131,309.583,22.794,24.018,2.312,NA,25.811
"2023-10-24",0.837,504.49,29.28,29125.368,1.51,546.328,0.748,122.479,52.224,173.857,61.079,58.391,58.386,46.124,311.434,22.779,24.022,2.294,NA,25.824
"2023-10-25",0.837,505.388,29.269,28962.027,1.508,541.021,0.756,126.731,52.228,175.942,61.077,58.389,58.366,46.095,313.483,22.771,24.032,2.244,NA,25.837
"2023-10-26",0.837,505.798,29.274,29026.97,1.51,544.83,0.764,130.678,52.237,180.404,61.08,58.393,58.38,46.099,313.1,22.77,24.039,2.189,NA,25.833
"2023-10-27",0.834,492.363,29.272,28997.404,1.507,540.307,0.771,134.476,52.243,183.93,61.083,58.384,58.393,46.104,313.938,22.772,24.04,2.138,NA,25.839
"2023-10-28",0.833,491.736,29.256,28770.331,1.508,542.045,0.778,138.108,52.246,185.337,61.085,58.38,58.395,46.131,311.852,22.777,24.038,1.994,NA,25.836
"2023-10-29",0.836,501.988,29.25,28682.781,1.512,550.063,0.784,141.644,52.247,185.705,61.079,58.361,58.376,46.169,308.398,22.768,24.026,1.916,NA,25.819
"2023-10-30",0.839,510.183,29.259,28808.915,1.523,571.532,0.79,145.042,52.251,188.037,61.075,58.35,58.353,46.215,307.875,22.758,24.011,1.862,NA,25.813
"2023-10-31",0.84,515.104,29.266,28910.327,1.522,571.088,0.795,147.589,52.251,187.86,61.076,58.341,58.345,46.273,316.535,22.755,24.017,1.817,NA,25.826
"2023-11-01",0.841,518.976,29.299,29401.78,1.514,552.986,0.797,149.035,52.245,185.028,61.075,58.339,58.344,46.349,326.049,22.773,24.045,1.846,NA,25.855
"2023-11-02",0.842,522.59,29.322,29736.101,1.511,548.38,0.801,151.139,52.242,183.039,61.064,58.33,58.331,46.38,331.458,22.791,24.071,1.873,NA,25.878
"2023-11-03",0.84,515.028,29.34,30010.392,1.512,550.386,0.804,152.771,52.241,182.523,61.027,58.319,58.316,46.406,331.452,22.802,24.082,1.87,NA,25.882
"2023-11-04",0.839,510.274,29.347,30106.049,1.518,561.7,0.805,153.298,52.244,184.087,60.978,58.316,58.314,46.433,329.008,22.814,24.092,1.853,NA,25.892
"2023-11-05",0.838,509.235,29.367,30415.538,1.521,568.708,0.803,152.457,52.249,186.976,60.942,58.306,58.318,46.456,329.329,22.831,24.102,1.844,NA,25.904
"2023-11-06",0.838,507.782,29.389,30739.132,1.523,571.603,0.803,152.454,52.272,199.249,60.924,58.286,58.321,46.45,330.314,22.839,24.109,1.814,NA,25.914
"2023-11-07",0.838,507.984,29.402,30951.775,1.516,558.798,0.806,154.159,52.284,205.522,60.905,58.292,58.32,46.398,328.281,22.84,25.221,1.79,NA,25.903
"2023-11-08",0.839,509.704,29.411,31087.934,1.509,543.194,0.81,156.115,52.282,204.438,60.896,58.29,58.303,46.342,328.226,22.84,27.721,1.772,NA,25.907
"2023-11-09",0.839,512.952,29.404,30970.373,1.524,575.584,0.814,158.465,52.285,206.059,60.894,58.283,58.302,46.187,327.542,22.842,24.388,1.766,NA,25.901
"2023-11-10",0.836,500.865,29.387,30708.739,1.637,843.954,0.82,161.787,52.286,206.765,60.897,58.273,58.29,45.926,325.33,22.845,24.106,1.757,NA,25.896
"2023-11-11",0.836,499.321,29.357,30256.977,1.686,1007.732,0.822,163.087,52.286,206.845,60.9,58.26,58.262,45.712,323.194,22.829,24.087,1.778,NA,25.874
"2023-11-12",0.837,503.907,29.254,28751.404,1.702,1064.749,0.823,163.729,52.288,208.276,60.906,58.26,58.25,45.522,316.308,22.825,24.06,1.769,NA,25.834
"2023-11-13",0.837,505.134,29.13,27019.774,1.684,1001.116,0.822,163.303,52.29,209.262,60.912,58.251,58.248,45.404,302.071,22.83,24.014,1.77,NA,25.763
"2023-11-14",0.838,506.959,28.994,25197.873,1.636,834.805,0.823,163.373,52.293,211.413,60.919,58.243,58.245,45.349,288.058,22.798,23.958,1.806,NA,25.703
"2023-11-15",0.838,506.922,28.825,22887.052,1.618,787.685,0.824,164.026,52.296,213.437,60.922,58.229,58.233,45.198,260.506,22.77,23.836,1.827,NA,25.595
"2023-11-16",0.837,505.13,28.758,21986.053,1.577,690.368,0.833,169.527,52.3,216.119,60.904,58.224,58.226,45.115,243.436,22.744,23.693,1.879,NA,25.456
"2023-11-17",0.838,507.293,28.722,21512.412,1.562,657.558,0.841,174.252,52.304,218.471,60.832,58.222,58.226,45.063,238.194,22.784,23.662,1.963,NA,25.424
"2023-11-18",0.849,546.024,28.648,20579.648,1.557,645.608,0.846,177.254,52.306,220.301,60.826,58.208,58.219,45.026,232.662,22.804,23.651,2.04,NA,25.391
"2023-11-19",0.872,631.568,28.547,19366.338,1.548,626.117,0.848,178.507,52.307,220.925,60.823,58.2,58.208,44.939,221.254,22.773,23.582,2.045,NA,25.322
"2023-11-20",0.895,723.709,28.487,18634.005,1.533,592.931,0.849,179.069,52.311,223.355,60.826,58.193,58.211,44.873,200.733,22.692,23.423,2.036,NA,25.209
"2023-11-21",0.912,793.889,28.492,18716.488,1.526,578.561,0.849,178.788,52.311,223.618,60.829,58.179,58.2,44.879,191.864,22.598,23.318,1.937,NA,25.177
"2023-11-22",0.919,822.501,28.504,18867.789,1.53,587.84,0.849,179.158,52.314,225.514,60.827,58.173,58.187,44.869,190.302,22.521,23.284,1.959,NA,25.2
"2023-11-23",0.918,817.361,28.525,19106.444,1.616,789.76,0.856,182.983,52.32,229.342,60.835,58.179,58.186,44.898,193.697,22.42,23.278,1.975,NA,25.235
"2023-11-24",0.913,795.131,28.518,19029.261,1.69,1020.538,0.861,186.159,52.322,230.762,60.84,58.17,58.175,44.913,192.143,22.206,23.227,1.971,NA,25.228
"2023-11-25",0.902,752.26,28.518,19027.975,1.705,1075.253,0.865,188.418,52.324,231.977,60.845,58.155,58.158,44.929,191.413,22.036,23.163,1.994,NA,25.221
"2023-11-26",0.893,713.75,28.541,19300.484,1.703,1069.854,0.863,187.689,52.327,234.524,60.855,58.149,58.159,44.956,189.252,21.881,23.107,2.055,NA,25.216
"2023-11-27",0.886,685.376,28.56,19517.686,1.736,1194.017,0.897,208.766,52.336,240.294,60.874,58.146,58.169,45.067,181.01,21.765,23.072,2.108,NA,25.208
"2023-11-28",0.878,655.23,28.602,20027.172,1.766,1313.297,0.936,234.229,52.361,257.665,60.9,58.167,58.184,45.142,184.48,21.804,23.119,2.176,NA,25.226
"2023-11-29",0.878,655.131,28.622,20263.67,1.756,1273.548,0.924,226.288,52.371,264.648,60.933,58.162,58.169,45.189,185.021,21.805,23.099,2.222,NA,25.216
"2023-11-30",0.882,672.343,28.613,20149.412,1.743,1221.789,0.952,244.901,52.376,268.864,60.948,58.157,58.17,45.201,186.489,21.812,23.084,2.209,NA,25.197
"2023-12-01",0.891,706.683,28.625,20296.16,1.737,1196.43,0.96,250.34,52.374,267.427,60.892,58.139,58.153,45.154,184.198,21.798,23.062,2.232,NA,25.181
"2023-12-02",0.905,765.789,28.622,20257.786,1.739,1204.16,0.939,235.64,52.378,269.659,60.824,58.13,58.139,45.108,184.946,21.823,23.064,2.231,NA,25.18
"2023-12-03",0.925,848.272,28.608,20088.361,1.74,1208.671,0.913,219.183,52.378,269.963,60.823,58.119,58.142,45.015,184.935,21.841,23.077,2.215,NA,25.178
"2023-12-04",0.946,938.697,28.535,19196.05,1.737,1196.158,0.897,208.536,52.372,265.538,60.82,58.104,58.137,44.917,183.44,21.898,23.084,2.182,NA,25.168
"2023-12-05",0.963,1019.694,28.48,18543.705,1.735,1190.66,0.888,202.801,52.361,257.664,60.817,58.097,58.118,44.918,182.765,22.062,23.124,2.155,NA,25.158
"2023-12-06",0.977,1081.893,28.471,18412.621,1.744,1225.398,0.882,198.889,52.362,258.755,60.83,58.077,58.114,44.869,182.141,22.091,23.121,2.145,NA,25.148
"2023-12-07",0.982,1108.263,28.413,17613.821,1.744,1226.538,0.872,192.889,52.351,250.8,60.82,58.109,58.129,44.808,179.838,22.108,23.116,2.123,NA,25.134
"2023-12-08",0.985,1119.137,28.388,17275.397,1.723,1143.009,0.871,192.525,52.347,247.867,60.788,58.043,58.087,44.835,176.177,22.131,23.09,2.144,NA,25.105
"2023-12-09",0.984,1117.567,28.387,17259.056,1.721,1135.214,0.873,193.313,52.348,248.916,60.777,58.04,58.058,44.751,174.168,22.107,23.048,2.231,NA,25.077
"2023-12-10",0.985,1120.824,28.373,17073.784,1.725,1149.04,0.873,193.41,52.345,246.941,60.779,58.047,58.06,44.659,172.273,22.038,23.009,2.311,NA,25.063
"2023-12-11",0.984,1114.459,28.322,16419.199,1.724,1145.383,0.869,190.8,52.349,249.609,60.774,58.028,58.045,44.584,163.99,21.819,22.907,2.202,NA,25.061
"2023-12-12",0.982,1108.235,28.316,16335.826,1.726,1156.522,0.867,190.113,52.377,269.077,60.772,58.032,58.033,44.522,151.096,21.628,22.796,2.242,NA,25.026
"2023-12-13",0.982,1105.05,28.293,16054.506,1.743,1219.849,0.868,190.301,52.408,291.79,60.773,58.001,58.008,44.329,147.243,21.497,22.742,2.253,NA,24.999
"2023-12-14",0.983,1108.877,28.25,15517.061,1.744,1223.852,0.868,190.269,52.436,314.84,60.778,57.996,57.99,44.285,145.899,21.448,22.698,2.044,NA,24.986
"2023-12-15",0.98,1096.001,28.225,15094.059,1.733,1182.124,0.869,191.137,52.453,331.37,60.781,57.976,57.97,44.305,144.533,21.449,22.688,1.494,NA,24.969
"2023-12-16",0.979,1091.995,28.172,14190.056,1.736,1193.515,0.88,197.674,52.468,346.731,60.789,57.962,57.961,44.291,142.905,21.506,22.706,2.12,NA,24.956
"2023-12-17",0.979,1091.677,28.076,12695.195,1.744,1226.662,0.898,209.186,52.479,359.068,60.802,57.946,57.962,44.264,137.293,21.463,22.689,2.215,NA,24.928
"2023-12-18",0.974,1070.928,28.037,12125.752,1.741,1213.734,0.92,223.626,52.488,368.152,60.76,57.901,57.928,44.241,121.883,21.221,22.608,20.881,NA,24.863
"2023-12-19",0.972,1058.077,28.063,12501.323,1.742,1219.179,0.942,237.812,52.497,377.839,60.7,57.893,57.896,44.199,98.944,20.882,22.454,79.004,NA,24.797
"2023-12-20",0.973,1062.994,28.055,12377.493,1.742,1216.006,0.96,250.042,52.503,384.081,60.702,57.904,57.882,44.123,92.944,20.738,22.417,74.279,NA,24.799
"2023-12-21",0.976,1078.225,28.032,12055.522,1.736,1193.729,0.975,260.371,52.512,393.973,60.727,57.901,57.884,44.005,77.559,20.627,22.386,64.523,NA,24.784
"2023-12-22",0.979,1092.407,28.016,11836.823,1.731,1174.13,0.991,271.126,52.526,405.534,60.756,57.874,57.886,43.886,62.429,20.491,22.332,52.161,NA,24.734
"2023-12-23",0.98,1095.197,27.985,11399.129,1.724,1148.506,1.006,282.359,52.53,406.552,60.769,57.874,57.873,43.7,59.389,20.448,22.314,48.919,NA,24.726
"2023-12-24",0.981,1103.341,27.972,11163.003,1.728,1160.742,1.021,292.502,52.527,398.452,60.775,57.886,57.83,43.633,56.822,20.431,22.292,46.203,NA,24.713
"2023-12-25",0.987,1129.837,27.963,11010.9,1.731,1174.41,1.041,306.964,52.541,410.207,60.802,57.864,57.811,43.648,59.42,20.45,22.294,46.725,NA,24.722
"2023-12-26",0.989,1138.617,27.887,9802.886,1.729,1168.13,1.055,317.672,52.555,421.437,60.831,57.844,57.815,43.582,58.548,20.511,22.298,47.071,NA,24.716
"2023-12-27",0.99,1143.166,27.802,8598.291,1.738,1203.317,1.065,325.086,52.564,427.855,60.805,57.817,57.819,43.529,51.051,20.501,22.258,41.488,NA,24.671
"2023-12-28",0.99,1146.792,27.805,8637.945,1.742,1216.359,1.074,331.899,52.573,433.047,60.697,57.791,57.815,43.52,43.718,20.5,22.241,29.374,NA,24.661
"2023-12-29",0.988,1135.151,27.837,9072.244,1.725,1151.519,1.081,337.055,52.573,428.605,60.68,57.768,57.781,43.502,41.291,20.504,22.247,24.986,NA,24.664
"2023-12-30",0.986,1127.132,27.809,8690.161,1.724,1147.983,1.091,344.512,52.576,427.76,60.683,57.771,57.768,43.503,41.945,20.541,22.271,26.525,NA,24.679
"2023-12-31",0.985,1120.211,27.786,8377.13,1.725,1151.169,1.103,353.991,52.581,429.301,60.687,57.764,57.769,43.529,40.71,20.606,22.277,27.599,NA,24.678
"2024-01-01",0.985,1121.711,27.773,8213.186,1.733,1182.008,1.117,364.635,52.59,433.863,60.702,57.754,57.778,43.557,38.933,20.582,22.271,27.338,NA,24.668
"2024-01-02",0.983,1113.261,27.741,7637.914,1.731,1175.665,1.13,374.899,52.597,437.256,60.712,57.752,57.774,43.647,37.14,20.576,22.263,27.528,NA,24.654
"2024-01-03",0.984,1113.902,27.715,7179.18,1.753,1263.029,1.147,389.058,52.603,439.018,60.732,57.758,57.772,43.707,34.9,20.563,22.241,26.101,NA,24.629
"2024-01-04",0.984,1116.523,27.728,7405.893,1.751,1255.094,1.169,406.216,52.607,439.468,60.744,57.739,57.765,43.752,36.414,20.567,22.234,24.975,NA,24.627
"2024-01-05",0.984,1115.072,27.774,8167.692,1.746,1233.467,1.184,419.045,52.611,438.238,60.721,57.732,57.766,43.959,40.791,20.574,22.241,25.822,NA,24.655
"2024-01-06",0.994,1162.296,27.916,10296.104,1.817,1538,1.241,467.745,52.653,483.354,60.743,57.75,57.796,44.171,45.603,20.628,22.297,30.371,NA,24.696
"2024-01-07",0.999,1181.648,28.081,12778.999,1.804,1478.41,1.286,508.738,52.705,543.042,60.758,57.756,57.807,44.295,56.265,20.634,22.367,40.373,NA,24.756
"2024-01-08",1.002,1190.763,28.102,13079.227,1.736,1194.28,1.298,519.795,52.711,551.016,60.774,57.762,57.783,44.536,70.389,20.553,22.382,58.976,NA,24.756
"2024-01-09",1.004,1197.982,28.161,14028.025,1.65,885.254,1.297,518.817,52.714,553.788,60.786,57.756,57.766,44.714,78.567,20.631,22.387,69.521,NA,24.743
"2024-01-10",1.006,1203.646,28.181,14337.12,1.601,744.651,1.298,519.642,52.715,554.813,60.792,57.74,57.745,44.755,87.458,20.669,22.398,75.642,NA,24.752
"2024-01-11",1.011,1220.06,28.194,14563.763,1.605,755.101,1.307,527.938,52.711,550.968,60.803,57.748,57.749,44.758,97.051,20.763,22.464,69.335,NA,24.762
"2024-01-12",1.022,1254.056,28.201,14677.606,1.604,753.544,1.319,538.955,52.701,538.408,60.808,57.729,57.742,44.753,105.167,20.937,22.487,29.883,NA,24.765
"2024-01-13",1.03,1280.38,28.246,15395.643,1.6,743.924,1.33,549.113,52.687,521.307,60.807,57.707,57.722,44.821,105.558,20.918,22.455,96.713,NA,24.758
"2024-01-14",1.034,1291.548,28.318,16373.161,1.607,760.035,1.339,557.95,52.674,506.753,60.812,57.704,57.715,44.976,112.474,20.928,22.491,104.992,NA,24.801
"2024-01-15",1.028,1272.357,28.344,16697.791,1.619,789.113,1.349,567.578,52.667,498.418,60.815,57.706,57.717,45.14,123.566,21.044,22.601,116.37,NA,24.877
"2024-01-16",1.014,1230.344,28.368,17007.585,1.643,858.954,1.355,573.6,52.657,486.21,60.829,57.694,57.705,45.343,124.765,21.159,22.631,123.836,NA,24.885
"2024-01-17",0.995,1166.954,28.499,18728.721,1.632,822.068,1.352,570.175,52.64,467.883,60.886,57.685,57.676,45.43,134.245,21.235,22.652,130.104,NA,24.904
"2024-01-18",0.975,1073.662,28.593,19909.503,1.627,806.914,1.341,560.242,52.628,453.708,60.957,57.687,57.669,45.456,164.381,21.431,22.813,148.001,NA,25.032
"2024-01-19",0.955,982.38,28.626,20307.103,1.625,801.886,1.328,547.124,52.613,438.383,60.994,57.68,57.673,45.486,176.592,21.597,22.945,158.53,NA,25.112
"2024-01-20",0.937,899.829,28.674,20900.827,1.617,784.303,1.31,531.076,52.598,422.548,61.007,57.661,57.66,45.514,178.938,21.681,23.008,125.878,NA,25.145
"2024-01-21",0.925,846.363,28.733,21650.527,1.62,789.288,1.289,511.173,52.584,407.889,61.024,57.651,57.647,45.547,189.039,21.783,23.089,11.625,NA,25.195
"2024-01-22",0.915,806.443,28.769,22129.176,1.646,875.304,1.265,489.728,52.572,395.441,61.039,57.65,57.649,45.561,211.784,21.985,23.272,2.762,NA,25.299
"2024-01-23",0.911,786.975,28.76,22002.28,1.724,1148.974,1.244,470.613,52.56,383.494,61.053,57.641,57.648,45.561,234.006,22.173,23.426,2.745,NA,25.356
"2024-01-24",0.91,785.734,28.762,22040.914,1.651,885.117,1.224,453.128,52.548,371.694,61.063,57.62,57.634,45.595,239.718,22.275,23.456,2.704,NA,25.36
"2024-01-25",0.909,781.259,28.791,22418.691,1.623,798.742,1.205,436.211,52.533,356.98,61.06,57.592,57.601,45.617,240.42,22.313,23.448,2.86,NA,25.36
"2024-01-26",0.907,773.732,28.81,22671.226,1.62,790.099,1.183,417.585,52.517,341.561,61.066,57.603,57.582,45.641,240.368,22.301,23.443,3.128,NA,25.364
"2024-01-27",0.905,761.727,28.827,22906.126,1.62,789.661,1.161,400.125,52.505,330.53,61.073,57.602,57.576,45.665,241.993,22.304,23.456,3.167,NA,25.383
"2024-01-28",0.905,763.85,28.832,22968.434,1.619,787.45,1.143,385.472,52.498,324.772,61.078,57.597,57.58,45.676,244.173,22.321,23.481,3.133,NA,25.401
"2024-01-29",0.906,768.13,28.844,23142.719,1.619,788.092,1.126,372.242,52.489,316.174,61.078,57.582,57.573,45.688,241.139,22.309,23.469,3.075,NA,25.396
"2024-01-30",0.91,784.914,28.851,23238.401,1.619,788.561,1.107,356.868,52.474,303.331,61.069,57.556,57.545,45.739,230.723,22.225,23.387,2.888,NA,25.358
"2024-01-31",0.916,809.587,28.864,23413.91,1.62,789.244,1.088,342.167,52.463,292.597,61.068,57.557,57.537,45.749,223.428,22.148,23.32,2.972,NA,25.353
"2024-02-01",0.918,818.72,28.877,23594.488,1.622,794.478,1.07,329.154,52.455,284.293,61.066,57.546,57.526,45.726,220.061,22.113,23.301,2.817,NA,25.302
"2024-02-02",0.915,806.674,28.878,23610.493,1.624,800.232,1.057,318.833,52.449,279.05,61.07,57.55,57.532,45.692,218.805,22.084,23.302,2.767,NA,25.291
"2024-02-03",0.909,781.315,28.859,23345.087,1.622,796.153,1.046,310.889,52.448,278.059,61.073,57.543,57.537,45.636,216.945,22.087,23.307,2.715,NA,25.288
"2024-02-04",0.904,760.247,28.853,23268.171,1.624,800.91,1.04,306.23,52.447,277.222,61.084,57.543,57.536,45.51,212.205,22.069,23.283,2.69,NA,25.274
"2024-02-05",0.901,747.02,28.866,23451.537,1.615,778.058,1.03,298.992,52.441,271.699,61.073,57.487,57.5,45.355,204.756,22.015,23.213,2.696,NA,25.247
"2024-02-06",0.899,739.033,28.82,22818.471,1.616,780.89,1.019,291.379,52.433,263.517,61.075,57.484,57.484,45.197,197.303,21.932,23.159,2.694,NA,25.222
"2024-02-07",0.899,738.079,28.744,21804.671,1.618,784.607,1.009,284.352,52.426,257.414,61.078,57.488,57.478,45.04,187.054,21.847,23.102,2.678,NA,25.179
"2024-02-08",0.897,731.673,28.669,20835.44,1.618,785.021,1.002,279.343,52.422,253.493,61.085,57.489,57.477,44.829,180.922,21.819,23.074,2.655,NA,25.129
"2024-02-09",0.895,722.883,28.582,19789.517,1.62,793.346,0.996,274.864,52.419,250.899,61.086,57.472,57.471,44.585,186.498,21.832,23.096,2.661,NA,25.102
"2024-02-10",0.895,723.682,28.494,18719.925,1.751,1258.414,0.988,269.613,52.414,246.867,61.092,57.472,57.471,44.425,181.37,21.801,23.049,2.665,NA,25.063
"2024-02-11",0.898,735.712,28.355,16861.067,1.762,1301.861,0.983,265.793,52.414,246.332,61.096,57.466,57.473,44.201,171.534,21.714,22.961,2.683,NA,25.01
"2024-02-12",0.9,742.433,28.191,14525.851,1.665,933.829,0.978,262.167,52.407,240.181,61.1,57.466,57.471,43.961,145.22,21.472,22.778,2.725,NA,24.911
"2024-02-13",0.898,735.431,28.138,13646.159,1.637,838.611,0.971,257.593,52.406,239.314,61.097,57.411,57.436,43.809,119.498,21.171,22.611,2.771,NA,24.824
"2024-02-14",0.898,734.503,28.068,12598.849,1.633,825.441,0.962,251.525,52.396,231.195,61.108,57.421,57.423,43.671,107.376,21.053,22.522,19.593,NA,24.811
"2024-02-15",0.897,730.825,27.989,11435.544,1.634,828.521,0.954,245.93,52.39,225.785,61.115,57.419,57.415,43.525,96.249,21.04,22.471,73.916,NA,24.808
"2024-02-16",0.898,736.223,27.899,9999.106,1.634,831.013,0.95,243.527,52.387,223.853,61.124,57.416,57.411,43.359,91.06,21.066,22.456,77.476,NA,24.794
"2024-02-17",0.908,774.792,27.806,8611.942,1.634,828.204,0.949,242.442,52.386,222.67,61.127,57.405,57.405,43.274,84.816,21.049,22.434,76.377,NA,24.761
"2024-02-18",0.923,838.967,27.677,6577.682,1.637,839.636,0.944,239.064,52.383,219.824,61.126,57.398,57.397,43.248,73.495,20.984,22.374,68.699,NA,24.705
"2024-02-19",0.934,887.134,27.668,6413.735,1.639,846.458,0.938,235.162,52.38,217.613,61.124,57.391,57.394,43.235,57.188,20.925,22.252,48.116,NA,24.66
"2024-02-20",0.938,905.299,27.656,6243.894,1.642,856.395,0.933,232.255,52.381,218.925,61.126,57.379,57.391,43.246,56.113,21.094,22.258,39.303,NA,24.708
"2024-02-21",0.934,887.917,27.629,5847.782,1.64,849.772,0.93,230.296,52.376,214.41,61.118,57.378,57.39,43.198,53.167,21.279,22.274,41.47,NA,24.702
"2024-02-22",0.925,848.042,27.622,5747.655,1.63,815.763,0.926,227.251,52.373,211.703,61.097,57.324,57.349,43.156,43.937,21.273,22.218,37.952,NA,24.638
"2024-02-23",0.919,821.319,27.619,5708.368,1.634,831.192,0.924,225.934,52.371,210.444,61.097,57.343,57.337,43.143,39.97,21.18,22.166,30.015,NA,24.614
"2024-02-24",0.914,799.939,27.622,5749.53,1.634,829.651,0.921,224.238,52.369,209.234,61.1,57.353,57.34,43.122,41.639,21.154,22.172,29.767,NA,24.619
"2024-02-25",0.91,784.858,27.616,5659.132,1.633,824.982,0.92,223.189,52.37,209.794,61.106,57.336,57.331,43.088,41.585,21.184,22.179,30.524,NA,24.62
"2024-02-26",0.908,777.366,27.595,5315.634,1.636,837.543,0.92,223.667,52.372,211.367,61.117,57.333,57.328,43.053,39.209,21.184,22.171,28.482,NA,24.62
"2024-02-27",0.906,769.165,27.596,5317.388,1.636,835.855,0.92,223.674,52.372,211.32,61.122,57.326,57.327,42.994,31.485,20.892,22.144,19.9,NA,24.622
"2024-02-28",0.905,765.291,27.579,5031.399,1.634,830.419,0.921,224.061,52.373,211.828,61.115,57.315,57.316,42.927,29.716,20.714,22.147,19.053,NA,24.627
"2024-02-29",0.906,767.892,27.575,4964.337,1.637,839.927,0.924,226.323,52.373,212.335,61.114,57.308,57.312,42.913,28.75,20.582,22.136,18.262,NA,24.618
"2024-03-01",0.905,761.876,27.569,4869.604,1.636,836.99,0.924,226.312,52.376,214.643,61.112,57.295,57.298,42.928,27.847,20.561,22.119,17.176,NA,24.611
"2024-03-02",0.902,752.288,27.569,4863.608,1.635,834.428,0.922,224.973,52.375,213.565,61.108,57.289,57.283,42.94,27.951,20.594,22.108,15.86,NA,24.608
"2024-03-03",0.902,749.778,27.56,4727.847,1.636,837.513,0.92,223.65,52.376,214.689,61.107,57.285,57.272,43.004,27.945,20.618,22.103,15.828,NA,24.601
"2024-03-04",0.905,762.262,27.548,4546.012,1.637,839.247,0.919,222.833,52.374,213.237,61.113,57.284,57.271,43.049,27.493,20.618,22.109,15.916,NA,24.602
"2024-03-05",0.904,760.815,27.548,4540.993,1.638,841.521,0.921,224.273,52.375,213.51,61.123,57.277,57.268,43.051,26.96,20.613,22.103,15.64,NA,24.603
"2024-03-06",0.904,760.15,27.536,4370.799,1.639,845.94,0.924,226.2,52.377,215.708,61.138,57.268,57.262,43.077,25.465,20.631,22.091,12.092,NA,24.577
"2024-03-07",0.904,761.304,27.545,4494.175,1.642,855.34,0.925,226.752,52.381,218.22,61.161,57.26,57.256,43.05,21.081,20.669,22.122,6.443,NA,24.563
"2024-03-08",0.905,765.667,27.564,4790.324,1.64,849.347,0.923,225.524,52.382,219.065,61.194,57.259,57.26,42.978,22.054,20.673,22.143,7.341,NA,24.572
"2024-03-09",0.902,750.334,27.568,4860.577,1.638,841.748,0.921,224.061,52.383,219.849,61.224,57.242,57.257,42.936,22.895,20.654,22.163,8.365,NA,24.582
"2024-03-10",0.9,742.755,27.576,4983.063,1.638,844.054,0.92,223.172,52.382,219.681,61.26,57.232,57.25,42.909,23.296,20.655,22.181,9.598,NA,24.589
"2024-03-11",0.901,748.143,27.583,5098.426,1.638,844.037,0.919,223.019,52.384,220.644,61.293,57.229,57.243,42.856,23.653,20.641,22.192,10.489,NA,24.59
"2024-03-12",0.903,754.903,27.589,5194.182,1.636,835.647,0.92,223.334,52.384,220.98,61.326,57.219,57.234,42.829,23.804,20.644,22.193,11.359,NA,24.592
"2024-03-13",0.902,751.471,27.592,5252.108,1.633,826.756,0.921,224.146,52.388,224.473,61.351,57.185,57.216,42.815,23.942,20.657,22.169,12.404,NA,24.599
"2024-03-14",0.9,745.209,27.588,5179.731,1.633,825.657,0.919,222.575,52.386,223.042,61.368,57.186,57.2,42.853,23.785,20.648,22.163,12.106,NA,24.6
"2024-03-15",0.901,748.409,27.583,5099.688,1.637,839.372,0.919,222.962,52.387,223.269,61.387,57.199,57.202,42.912,24.015,20.641,22.169,12.04,NA,24.602
"2024-03-16",0.902,751.811,27.593,5277.62,1.633,827.647,0.924,226.22,52.394,229.443,61.397,57.2,57.207,42.973,24.576,20.64,22.17,12.446,NA,24.609
"2024-03-17",0.907,774.065,27.591,5236.791,1.636,835.595,0.934,232.906,52.398,233.007,61.407,57.192,57.205,43.017,24.494,20.64,22.172,12.672,NA,24.61
"2024-03-18",0.908,774.65,27.608,5527.362,1.634,828.811,0.94,236.777,52.399,233.551,61.409,57.183,57.199,43.012,24.12,20.638,22.177,12.74,NA,24.608
"2024-03-19",0.906,766.672,27.615,5654.59,1.628,810.639,0.939,235.945,52.402,235.826,61.39,57.127,57.155,42.982,25.017,20.631,22.173,12.241,NA,24.607
"2024-03-20",0.905,762.489,27.638,5978.009,1.621,793.434,0.936,233.697,52.394,229.355,61.382,57.164,57.149,42.976,31.384,20.65,22.195,14.435,NA,24.633
"2024-03-21",0.905,765.599,27.652,6176.884,1.598,738.056,0.934,232.524,52.389,225.288,61.372,57.172,57.147,42.965,36.841,20.682,22.242,20.664,NA,24.651
"2024-03-22",0.905,763.042,27.646,6090.617,1.588,715.815,0.937,234.616,52.391,226.923,61.356,57.148,57.135,42.953,37.181,20.587,22.231,24.377,NA,24.659
"2024-03-23",0.907,770.023,27.639,5995.177,1.584,706.447,0.94,236.267,52.391,227.093,61.337,57.142,57.125,42.932,37.037,20.614,22.228,24.446,NA,24.66
"2024-03-24",0.907,770.798,27.626,5810.768,1.588,714.678,0.939,235.633,52.39,226.206,61.323,57.148,57.122,42.911,36.895,20.649,22.223,25.373,NA,24.658
"2024-03-25",0.906,766.492,27.608,5530.525,1.584,705.652,0.937,234.277,52.392,227.334,61.307,57.139,57.118,42.882,38.228,20.683,22.225,28.309,NA,24.648
"2024-03-26",0.905,763.399,27.591,5239.774,1.564,660.581,0.936,233.987,52.394,229.53,61.293,57.127,57.111,42.877,36.83,20.667,22.207,27.095,NA,24.636
"2024-03-27",0.903,757.444,27.575,4974.301,1.556,644.282,0.936,233.71,52.397,231.698,61.279,57.114,57.106,42.904,35.575,20.647,22.189,25.693,NA,24.619
"2024-03-28",0.903,753.897,27.558,4691.001,1.547,623.721,0.934,232.589,52.396,231.38,61.269,57.121,57.106,42.912,34.458,20.633,22.178,24.327,NA,24.608
"2024-03-29",0.898,736.965,27.54,4423.525,1.544,616.553,0.934,232.359,52.4,234.308,61.261,57.115,57.109,42.91,33.291,20.639,22.166,23.255,NA,24.598
"2024-03-30",0.894,717.513,27.528,4244.078,1.543,615.344,0.943,238.659,52.402,236.188,61.253,57.119,57.112,42.925,32.147,20.636,22.149,21.728,NA,24.591
"2024-03-31",0.891,705.762,27.535,4349.756,1.543,615.017,0.959,249.332,52.406,239.54,61.251,57.112,57.112,42.946,31.881,20.623,22.143,21.123,NA,24.592
"2024-04-01",0.889,697.741,27.572,4924.696,1.542,613.599,0.952,244.563,52.407,240.325,61.24,57.088,57.097,42.98,31.425,20.578,22.149,20.212,NA,24.597
"2024-04-02",0.885,683.971,27.609,5548.34,1.545,618.344,0.951,243.647,52.409,242.051,61.227,57.084,57.081,43.003,32.38,20.439,22.161,19.765,NA,24.595
"2024-04-03",0.881,669.111,27.645,6070.585,1.545,619.184,0.948,241.809,52.411,243.908,61.212,57.075,57.069,43.058,45.778,20.487,22.215,35.344,NA,24.607
"2024-04-04",0.875,645.123,27.61,5546.007,1.543,614.804,0.944,239.394,52.411,244.486,61.194,57.06,57.053,43.074,60.585,20.402,22.264,55.268,NA,24.601
"2024-04-05",0.871,629.425,27.56,4722.358,1.541,610.249,0.943,238.374,52.41,243.279,61.179,57.068,57.047,43.072,59.68,20.361,22.215,56.455,NA,24.582
"2024-04-06",0.868,616.348,27.554,4635.175,1.538,603.617,0.944,239.063,52.407,240.392,61.167,57.085,57.047,43.093,50.83,20.279,22.143,49.272,NA,24.518
"2024-04-07",0.864,601.712,27.558,4694.22,1.535,598.858,0.946,240.673,52.409,241.939,61.153,57.073,57.044,43.153,50.536,20.246,22.103,43.44,NA,24.496
"2024-04-08",0.861,589.207,27.568,4857.308,1.534,596.225,0.949,242.344,52.412,245.284,61.13,57.031,57.021,43.195,50.873,20.319,22.102,40.105,NA,24.513
"2024-04-09",0.857,575.964,27.572,4909.205,1.539,606.49,0.95,243.114,52.41,242.79,61.114,57.052,57.016,43.234,52.112,20.337,22.112,41.246,NA,24.531
"2024-04-10",0.854,565.631,27.59,5217.777,1.543,614.842,0.95,243.3,52.409,242.543,61.099,57.05,57.012,43.318,49.389,20.353,22.117,38.455,NA,24.533
"2024-04-11",0.853,561.685,27.61,5578.944,1.543,615.972,0.951,244.187,52.411,244.271,61.085,57.046,57.012,43.336,35.623,20.469,22.106,24.539,NA,24.503
"2024-04-12",0.85,551.944,27.625,5790.054,1.533,593.151,0.953,245.637,52.415,247.613,61.07,57.039,57.011,43.325,27.94,20.623,22.089,18.857,NA,24.47
"2024-04-13",0.847,538.718,27.642,6031.956,1.53,588.086,0.955,246.359,52.418,250.315,61.054,57.038,57.014,43.327,28.268,20.653,22.081,17.628,NA,24.463
"2024-04-14",0.846,536.428,27.685,6690.111,1.521,568.084,0.955,246.799,52.422,253.521,61.037,57.03,57.014,43.351,32.964,20.689,22.102,21.157,NA,24.478
"2024-04-15",0.845,532.138,27.712,7128.837,1.497,519.221,0.956,247.116,52.425,256.554,61.02,57.022,57.013,43.386,46.952,20.731,22.179,34.173,NA,24.503
"2024-04-16",0.845,532.119,27.689,6754.499,1.477,480.019,0.956,247.303,52.428,259.43,61,57.004,57.001,43.402,50.694,20.685,22.194,39.672,NA,24.487
"2024-04-17",0.845,532.898,27.663,6347.361,1.459,444.886,0.956,247.617,52.428,259.68,60.979,56.997,56.988,43.382,47.807,20.777,22.168,37.336,NA,24.467
"2024-04-18",0.846,535.065,27.661,6308.42,1.454,435.202,0.957,248.125,52.431,261.585,60.962,56.999,56.98,43.366,43.352,20.808,22.121,32.625,NA,24.451
"2024-04-19",0.848,542.82,27.665,6365.624,1.45,427.46,0.959,249.637,52.434,264.679,60.945,56.99,56.971,43.346,43.559,20.84,22.111,30.98,NA,24.452
"2024-04-20",0.849,547.804,27.668,6416.537,1.447,422.733,0.961,250.614,52.434,265.255,60.926,56.998,56.972,43.321,44.11,20.849,22.112,31.672,NA,24.459
"2024-04-21",0.849,546.413,27.665,6373.352,1.447,422.247,0.963,252.026,52.437,267.196,60.909,56.998,56.975,43.292,45.362,20.837,22.124,32.63,NA,24.471
"2024-04-22",0.849,546.309,27.652,6181.995,1.447,421.738,0.965,253.565,52.438,268.055,60.891,56.996,56.977,43.241,47.796,20.733,22.139,34.159,NA,24.505
"2024-04-23",0.844,530.407,27.62,5706.289,1.441,410.766,0.967,254.719,52.441,270.943,60.861,56.942,56.954,43.201,43.564,20.462,22.122,31.926,NA,24.498
"2024-04-24",0.84,516.062,27.623,5763.374,1.437,404.85,0.968,255.186,52.44,270.268,60.841,56.959,56.946,43.206,35.233,20.242,22.064,23.079,NA,24.491
"2024-04-25",0.835,497.556,27.634,5917.439,1.436,401.868,0.968,255.65,52.44,270.022,60.82,56.964,56.941,43.244,39.428,20.309,22.08,26.097,NA,24.499
"2024-04-26",0.828,472.855,27.613,5613.285,1.434,399.454,0.97,256.986,52.442,271.915,60.8,56.969,56.942,43.254,52.016,20.241,22.147,38.511,NA,24.528
"2024-04-27",0.821,448.834,27.587,5163.971,1.433,395.948,0.973,258.795,52.444,273.74,60.78,56.966,56.944,43.281,51.108,20.21,22.157,40.4,NA,24.528
"2024-04-28",0.814,426.537,27.576,4978.348,1.433,397.423,0.975,260.399,52.447,277.475,60.758,56.957,56.943,43.409,50.564,20.171,22.148,39.426,NA,24.521
"2024-04-29",0.81,412.45,27.59,5224.547,1.448,423.321,0.976,260.946,52.452,282.041,60.735,56.924,56.929,43.545,51.335,20.165,22.136,39.267,NA,24.52
"2024-04-30",0.805,397.607,27.606,5501.262,1.456,438.462,0.976,260.935,52.451,280.524,60.72,56.941,56.923,43.633,52.376,20.183,22.117,40.791,NA,24.522
"2024-05-01",0.8,381.373,27.655,6244.32,1.461,448.038,0.976,261.28,52.458,287.471,60.714,56.939,56.923,43.648,53.607,20.201,22.103,42.535,NA,24.532
"2024-05-02",0.796,367.285,27.715,7181.116,1.467,459.215,0.984,266.748,52.468,297.24,60.718,56.923,56.922,43.648,54.627,20.214,22.112,43.065,NA,24.542
"2024-05-03",0.797,371.638,27.747,7745.952,1.47,464.909,0.991,271.176,52.467,296.792,60.724,56.934,56.919,43.668,54.264,20.229,22.117,43.903,NA,24.547
"2024-05-04",0.8,382.063,27.754,7875.039,1.469,463.465,0.994,273.368,52.471,300.619,60.734,56.928,56.918,43.675,53.136,20.228,22.111,43.386,NA,24.538
"2024-05-05",0.801,383.521,27.75,7806.83,1.466,458.614,0.996,274.68,52.475,303.58,60.751,56.921,56.916,43.653,55.299,20.252,22.122,45.247,NA,24.541
"2024-05-06",0.799,378.71,27.756,7914.792,1.465,456.266,0.997,275.56,52.477,305.719,60.783,56.914,56.915,43.626,66.911,20.4,22.162,56.031,NA,24.569
"2024-05-07",0.799,376.902,27.767,8118.324,1.462,449.644,0.998,276.269,52.479,307.533,60.831,56.919,56.914,43.57,78.748,20.583,22.217,68.097,NA,24.594
"2024-05-08",0.8,380.933,27.76,7990.118,1.467,459.576,0.999,276.989,52.481,309.009,60.9,56.918,56.915,43.521,83.219,20.682,22.222,74.756,NA,24.589
"2024-05-09",0.802,387.457,27.74,7625.466,1.484,492.332,1.001,278.451,52.498,323.999,60.988,56.916,56.919,43.527,80.669,20.659,22.199,72.394,NA,24.565
"2024-05-10",0.803,389.5,27.73,7437.902,1.483,491.093,1.005,281.419,52.497,323.689,61.078,56.915,56.912,43.557,74.522,20.652,22.17,66.289,NA,24.55
"2024-05-11",0.804,393.515,27.725,7355.235,1.486,497.53,1.013,286.863,52.501,327.37,61.183,56.917,56.908,43.553,73.761,20.726,22.166,65.328,NA,24.549
"2024-05-12",0.807,404.22,27.719,7251.984,1.486,497.195,1.018,290.911,52.504,329.673,61.29,56.925,56.91,43.571,73.584,20.756,22.165,65.209,NA,24.548
"2024-05-13",0.809,409.914,27.719,7255.151,1.482,490.135,1.022,293.364,52.507,332.734,61.394,56.917,56.907,43.521,73.113,20.742,22.161,64.873,NA,24.543
"2024-05-14",0.809,408.536,27.724,7339.896,1.496,516.915,1.025,295.844,52.509,334.493,61.489,56.922,56.906,43.446,73.267,20.737,22.161,64.679,NA,24.544
"2024-05-15",0.808,408.251,27.728,7403.018,1.486,497.589,1.03,299.451,52.512,337.026,61.551,56.971,56.907,43.412,73.483,20.7,22.163,64.911,NA,24.547
"2024-05-16",0.808,405.836,27.717,7224.786,1.452,431.747,1.037,304.288,52.514,338.655,61.522,57.019,56.911,43.447,73.144,20.684,22.164,64.853,NA,24.548
"2024-05-17",0.807,402.992,27.701,6943.995,1.437,403.202,1.044,309.205,52.517,342.012,61.507,57.042,56.909,43.504,72.645,20.695,22.158,64.332,NA,24.543
"2024-05-18",0.809,410.49,27.684,6664.158,1.442,413.081,1.049,312.96,52.513,338.429,61.505,57.101,56.916,43.55,71.365,20.672,22.153,63.319,NA,24.539
"2024-05-19",0.811,417.818,27.676,6548.398,1.457,440.581,1.053,315.925,52.515,339.638,61.514,57.147,56.928,43.603,70.247,20.665,22.143,62.647,NA,24.53
"2024-05-20",0.813,423.458,27.689,6752.218,1.456,438.554,1.058,320.09,52.517,341.584,61.533,57.187,56.942,43.65,71.27,20.595,22.147,61.941,NA,24.532
"2024-05-21",0.815,427.963,27.724,7338.725,1.445,418.734,1.062,323.114,52.518,342.842,61.55,57.235,56.96,43.749,72.316,20.532,22.169,61.36,NA,24.533
"2024-05-22",0.814,427.125,27.766,8106.338,1.441,411.323,1.064,324.592,52.52,344.919,61.568,57.278,56.98,43.849,68.779,20.488,22.167,59.162,NA,24.536
"2024-05-23",0.815,428.871,27.78,8280.625,1.447,421.959,1.066,325.798,52.523,347.161,61.582,57.316,57.002,43.861,66.71,20.42,22.162,59.067,NA,24.524
"2024-05-24",0.813,424.416,27.809,8684.074,1.447,423.181,1.067,326.509,52.525,349.671,61.596,57.353,57.025,43.826,65.842,20.438,22.145,57.329,NA,24.516
"2024-05-25",0.809,408.827,27.823,8877.176,1.446,419.6,1.067,326.588,52.526,349.867,61.615,57.384,57.049,43.814,66.966,20.566,22.148,57.491,NA,24.523
"2024-05-26",0.805,396.38,27.848,9229.038,1.44,409.236,1.067,326.857,52.528,351.797,61.625,57.412,57.074,43.797,69.695,20.725,22.168,59.472,NA,24.541
"2024-05-27",0.802,387.697,27.869,9533.166,1.446,420.236,1.068,327.436,52.531,355.158,61.629,57.438,57.1,43.738,69.917,20.765,22.192,60.124,NA,24.552
"2024-05-28",0.799,378.076,27.899,9981.386,1.461,450.015,1.069,327.761,52.534,358.129,61.632,57.465,57.127,43.658,63.612,20.655,22.158,53.482,NA,24.545
"2024-05-29",0.8,382.563,27.938,10596.406,1.672,1009.859,1.076,333.558,52.541,364.356,61.684,57.476,57.157,43.624,63.929,20.5,22.209,48.542,NA,24.615
"2024-05-30",0.803,389.349,27.937,10588.333,1.918,2042.034,1.096,348.672,52.549,372.116,61.715,57.464,57.19,43.617,69.218,20.52,22.31,55.801,NA,24.669
"2024-05-31",0.802,388.449,27.905,10079.895,2.065,2904.828,1.102,352.955,52.551,374.668,61.713,57.433,57.206,43.588,65.958,20.496,22.293,59.659,NA,24.648
"2024-06-01",0.802,387.062,27.842,9154.368,2.164,3577.25,1.101,352.589,52.55,373.514,61.696,57.418,57.222,43.552,62.071,20.435,22.259,56.922,NA,24.622
"2024-06-02",0.801,384.908,27.799,8551.853,2.19,3773.612,1.098,350.371,52.548,371.773,61.686,57.426,57.243,43.518,56.302,20.343,22.203,49.907,NA,24.604
"2024-06-03",0.801,385.105,27.813,8743.678,2.213,3946.754,1.097,349.32,52.552,375.333,61.696,57.413,57.262,43.495,46.317,20.174,22.16,32.182,NA,24.588
"2024-06-04",0.801,385.521,27.837,9075.798,2.211,3933.024,1.097,349.584,52.553,376.562,61.692,57.401,57.274,43.453,38.7,20.034,22.152,20.192,NA,24.658
"2024-06-05",0.815,429.416,27.868,9523.16,2.139,3396.74,1.098,350.535,52.549,372.298,61.691,57.398,57.283,43.376,38.064,20.053,22.22,24.01,NA,24.678
"2024-06-06",0.895,729.048,27.862,9430.526,2.106,3167.319,1.099,351.114,52.545,368.63,61.691,57.406,57.295,43.378,33.59,20.001,22.207,23.756,NA,24.649
"2024-06-07",1.034,1284.063,27.833,9018.055,2.054,2823.714,1.102,353.019,52.547,370.608,61.692,57.41,57.308,43.39,28.017,19.949,22.166,20.921,NA,24.615
"2024-06-08",1.199,1684.617,27.814,8748.254,2.048,2783.256,1.104,354.74,52.55,373.337,61.692,57.415,57.325,43.388,27.088,19.902,22.134,18.579,NA,24.598
"2024-06-09",1.437,2135.868,27.852,9290.277,2.028,2662.564,1.105,355.643,52.553,376.301,61.691,57.413,57.338,43.385,28.136,19.913,22.127,17.659,NA,24.599
"2024-06-10",1.636,2491.817,27.917,10271.899,1.967,2300.954,1.105,355.655,52.553,376.072,61.691,57.416,57.351,43.383,32.692,19.98,22.149,20.724,NA,24.625
"2024-06-11",1.744,2678.319,27.928,10439.014,1.908,1976.924,1.106,356.649,52.554,377.518,61.691,57.386,57.35,43.38,41.149,20.023,22.17,29.96,NA,24.637
"2024-06-12",1.783,2743.54,27.917,10264.265,1.864,1755.665,1.108,357.68,52.557,379.754,61.699,57.383,57.358,43.378,41.096,20.008,22.175,30.622,NA,24.63
"2024-06-13",1.78,2738.747,27.921,10320.586,1.816,1532.042,1.109,359.077,52.56,383.352,61.706,57.379,57.365,43.397,39.708,20.006,22.191,29.012,NA,24.616
"2024-06-14",1.751,2688.901,27.935,10551.641,1.772,1338.148,1.115,363.522,52.563,386.645,61.707,57.369,57.366,43.41,35.812,19.986,22.169,27.333,NA,24.592
"2024-06-15",1.698,2598.717,27.935,10552.023,1.731,1174.049,1.116,364.478,52.563,386.583,61.71,57.362,57.357,43.415,34.844,19.948,22.149,24.992,NA,24.582
"2024-06-16",1.627,2475.515,27.931,10482.582,1.682,992.681,1.119,366.545,52.563,385.694,61.714,57.37,57.352,43.417,35.818,19.954,22.141,25.892,NA,24.592
"2024-06-17",1.538,2319.756,27.921,10332.76,1.606,759.035,1.122,368.858,52.565,388.37,61.713,57.366,57.356,43.405,38.698,20.042,22.129,33.086,NA,24.604
"2024-06-18",1.441,2144.144,27.913,10192.163,1.463,454.31,1.126,372.042,52.567,389.827,61.715,57.363,57.36,43.388,37.603,20.072,22.078,36.904,NA,24.579
"2024-06-19",1.336,1950.439,27.904,10057.268,1.435,400.902,1.129,374.689,52.565,388.445,61.71,57.362,57.354,43.34,37.65,20.032,22.068,34.512,NA,24.56
"2024-06-20",1.238,1763.188,27.889,9824.214,1.484,493.869,1.135,379.023,52.568,391.482,61.706,57.35,57.343,43.307,36.816,19.98,22.086,31.681,NA,24.533
"2024-06-21",1.153,1593.562,27.86,9400.921,1.474,473.768,1.135,378.738,52.566,389.629,61.705,57.369,57.343,43.304,36.713,19.939,22.094,28.064,NA,24.547
"2024-06-22",1.093,1467.52,27.846,9200.908,1.39,320.087,1.135,378.94,52.562,384.775,61.706,57.386,57.352,43.299,36.81,19.947,22.11,28.733,NA,24.552
"2024-06-23",1.052,1347.549,27.802,8603.002,1.378,297.123,1.136,379.966,52.555,377.763,61.696,57.404,57.363,43.292,34.801,19.955,22.108,28.769,NA,24.534
"2024-06-24",1.016,1236.161,27.782,8327.293,1.454,436.354,1.138,381.191,52.546,368.973,61.682,57.414,57.373,43.28,30.094,19.885,22.063,25.559,NA,24.498
"2024-06-25",0.983,1109.317,27.803,8607.51,1.475,474.866,1.138,381.763,52.529,353.272,61.666,57.426,57.38,43.188,34.575,19.833,22.073,20.971,NA,24.541
"2024-06-26",0.951,962.567,27.81,8704.393,1.466,458.819,1.138,381.171,52.513,337.917,61.659,57.423,57.387,43.133,42.61,19.902,22.153,25.543,NA,24.615
"2024-06-27",0.922,836.844,27.784,8357.117,1.454,434.565,1.133,377.361,52.493,320.298,61.674,57.419,57.398,43.135,46.231,20.011,22.232,31.909,NA,24.653
"2024-06-28",0.897,732.81,27.761,8017.295,1.448,423.763,1.126,371.932,52.475,303.499,61.688,57.41,57.404,43.13,42.202,20.062,22.245,34.172,NA,24.634
"2024-06-29",0.877,652.238,27.741,7648.73,1.452,430.804,1.117,365.156,52.457,286.962,61.703,57.394,57.396,43.13,38.35,20.042,22.215,32.29,NA,24.603
"2024-06-30",0.859,585.097,27.692,6806.125,1.453,433.234,1.101,352.588,52.439,269.554,61.712,57.396,57.388,43.128,34.782,19.963,22.173,28.05,NA,24.569
"2024-07-01",0.844,528.7,27.66,6302.781,1.454,434.785,1.082,338.082,52.421,253.027,61.709,57.397,57.385,43.133,34.473,19.891,22.161,23.61,NA,24.582
"2024-07-02",0.831,483.635,27.647,6101.823,1.454,434.665,1.061,322.016,52.403,236.933,61.708,57.395,57.388,43.148,49.547,20.045,22.25,30.571,NA,24.655
"2024-07-03",0.822,454.329,27.66,6298.942,1.454,435.985,1.04,306.297,52.387,223.663,61.708,57.389,57.393,43.226,50.19,20.145,22.253,37.722,NA,24.647
"2024-07-04",0.819,441.2,27.664,6360.393,1.453,432.633,1.018,290.687,52.37,209.52,61.709,57.381,57.398,43.281,47.014,20.131,22.23,36.727,NA,24.627
"2024-07-05",0.818,438.224,27.66,6291.599,1.452,431.905,0.999,276.804,52.352,195.522,61.707,57.383,57.404,43.285,45.534,20.106,22.21,35.186,NA,24.61
"2024-07-06",0.819,442.205,27.668,6425.294,1.472,469.442,0.992,272.375,52.362,204.088,61.725,57.406,57.444,43.309,45.729,20.087,22.2,34.309,NA,24.608
"2024-07-07",0.82,445.83,27.72,7276.403,1.482,489.27,1,277.497,52.38,218.105,61.741,57.466,57.483,43.41,47.386,20.167,22.218,34.995,NA,24.628
"2024-07-08",0.82,445.986,27.765,8040.775,1.469,463.192,1,277.935,52.357,199.227,61.741,57.479,57.476,43.541,47.768,20.335,22.227,35.714,NA,24.636
"2024-07-09",0.82,444.475,27.784,8362.119,1.463,453.093,0.997,275.742,52.334,181.949,61.741,57.495,57.483,43.687,47.851,20.554,22.229,36.019,NA,24.636
"2024-07-10",0.82,446.067,27.768,8132.143,1.46,447.603,0.987,268.384,52.311,165.594,61.739,57.521,57.499,43.861,46.222,20.657,22.229,37.086,NA,24.633
"2024-07-11",0.821,450.988,27.784,8352.369,1.459,444.496,0.972,257.976,52.289,150.908,61.729,57.523,57.503,43.96,46.05,20.606,22.208,39.397,NA,24.628
"2024-07-12",0.821,450.429,27.872,9590.938,1.459,445.515,0.95,243.093,52.269,138.266,61.724,57.547,57.511,43.988,52.43,20.628,22.196,42.199,NA,24.631
"2024-07-13",0.822,453.471,27.948,10773.715,1.461,449.499,0.925,226.918,52.248,126.246,61.718,57.56,57.52,44.032,60.688,20.771,22.236,44.915,NA,24.683
"2024-07-14",0.824,459.384,28.007,11699.464,1.462,450.111,0.899,210.178,52.228,114.831,61.71,57.578,57.531,44.078,67.182,21.014,22.322,54.321,NA,24.732
"2024-07-15",0.826,465.692,28.047,12272.798,1.47,465.753,0.873,193.372,52.202,101.321,61.697,57.59,57.528,44.116,81.118,21.207,22.395,74.432,NA,24.77
"2024-07-16",0.827,468.604,28.066,12543.021,1.492,509.114,0.849,178.947,52.186,93.016,61.695,57.597,57.534,44.141,103.071,21.374,22.482,95.655,NA,24.818
"2024-07-17",0.826,465.308,28.087,12846.349,1.465,455.433,0.826,165.576,52.172,86.73,61.695,57.593,57.546,44.151,129.925,21.507,22.592,115.833,NA,24.873
"2024-07-18",0.825,462.204,28.087,12853.471,1.439,407.31,0.803,152.127,52.156,79.754,61.695,57.636,57.577,44.14,136.506,21.546,22.647,123.88,NA,24.907
"2024-07-19",0.82,446.264,28.103,13101.869,1.432,395.152,0.78,139.376,52.069,49.155,61.68,57.611,57.561,44.125,136.84,21.523,22.635,128.804,NA,24.903
"2024-07-20",0.815,429.659,28.105,13119.429,1.447,421.825,0.765,131.272,52.022,33.931,61.684,57.593,57.567,44.11,138.727,21.532,22.624,127.742,NA,24.896
"2024-07-21",0.811,416.985,28.11,13203.529,1.452,430.88,0.748,122.3,51.968,25.418,61.681,57.589,57.575,44.084,139.586,21.565,22.647,128.291,NA,24.904
"2024-07-22",0.809,411.463,28.109,13180.385,1.452,431.978,0.725,110.842,51.756,1.046,61.677,57.59,57.583,44.047,139.854,21.574,22.66,128.972,NA,24.909
"2024-07-23",0.808,407.935,28.098,13019.082,1.452,430.987,0.693,95.071,51.743,0.703,61.678,57.591,57.593,43.987,139.123,21.576,22.667,129.514,NA,24.907
"2024-07-24",0.806,400.074,28.084,12806.312,1.449,426.279,0.66,80.113,51.737,0.584,61.679,57.58,57.594,43.851,133.251,21.552,22.621,125.752,NA,24.872
"2024-07-25",0.808,406.398,28.045,12240.933,1.452,431.386,0.629,67.719,51.733,0.521,61.686,57.58,57.59,43.763,114.41,21.406,22.495,110.032,NA,24.804
"2024-07-26",0.81,413.259,28.035,12093.348,1.443,415.567,0.593,54.473,51.732,0.489,61.688,57.575,57.582,43.757,99.539,21.213,22.424,94.964,NA,24.794
"2024-07-27",0.807,404.185,28.022,11919.828,1.452,431.467,0.56,43.102,51.73,0.459,61.693,57.57,57.568,43.732,99.268,21.156,22.424,94.363,NA,24.804
"2024-07-28",0.804,393.102,27.945,10725.645,1.466,458.624,0.532,34.383,51.729,0.439,61.701,57.573,57.57,43.692,93.952,21.085,22.38,90.891,NA,24.78
"2024-07-29",0.802,385.98,27.908,10116.187,1.461,448.894,0.51,27.613,51.728,0.427,61.709,57.568,57.575,43.64,76.624,20.944,22.315,74.54,NA,24.738
"2024-07-30",0.799,378.042,27.919,10294.53,1.459,443.972,0.491,23.252,51.728,0.425,61.714,57.565,57.575,43.568,64.51,20.78,22.264,62.346,NA,24.72
"2024-07-31",0.798,374.481,27.919,10300.563,1.457,441.859,0.476,20.207,51.726,0.402,61.718,57.56,57.574,43.465,61.624,20.616,22.266,57.084,NA,24.712
"2024-08-01",0.797,372.164,27.873,9595.517,1.457,441.476,0.463,17.705,51.725,0.388,61.721,57.561,57.575,43.428,49.114,20.4,22.234,45.328,NA,24.696
"2024-08-02",0.794,364.003,27.835,9039.042,1.456,439.036,0.453,15.679,51.725,0.379,61.723,57.557,57.571,43.434,38.989,20.266,22.207,35.858,NA,24.682
"2024-08-03",0.796,369.735,27.831,8979.678,1.456,438.654,0.444,13.962,51.725,0.387,61.727,57.556,57.565,43.44,37.743,20.289,22.192,34.042,NA,24.673
"2024-08-04",0.798,376.226,27.824,8884.562,1.459,444.869,0.44,13.199,51.725,0.389,61.732,57.555,57.564,43.449,34.793,20.257,22.167,30.769,NA,24.662
"2024-08-05",0.799,378.269,27.825,8907.186,1.461,447.973,0.436,12.28,51.724,0.374,61.733,57.558,57.563,43.452,26.884,20.107,22.139,21.084,NA,24.66
"2024-08-06",0.8,380.669,27.812,8724.595,1.463,452.027,0.429,10.955,51.725,0.384,61.727,57.557,57.565,43.451,28.817,19.999,22.182,19.173,NA,24.679
"2024-08-07",0.801,382.991,27.783,8338.702,1.47,465.154,0.423,9.759,51.725,0.381,61.718,57.558,57.569,43.459,26.658,19.937,22.19,19.948,NA,24.666
"2024-08-08",0.801,385.68,27.774,8224.661,1.469,463.918,0.418,8.789,51.726,0.4,61.708,57.554,57.564,43.48,24.024,19.931,22.168,18.947,NA,24.642
"2024-08-09",0.802,387.308,27.785,8374.466,1.461,448.905,0.413,7.806,51.727,0.41,61.7,57.549,57.556,43.492,25.01,19.933,22.157,17.918,NA,24.643
"2024-08-10",0.802,388.164,27.794,8482.633,1.452,431.127,0.408,6.833,51.729,0.444,61.692,57.548,57.557,43.493,26.023,19.932,22.16,18.06,NA,24.651
"2024-08-11",0.802,387.423,27.8,8562.155,1.447,422.446,0.404,5.907,51.731,0.484,61.685,57.549,57.561,43.49,26.7,19.939,22.171,18.709,NA,24.659
"2024-08-12",0.802,386.141,27.801,8573.566,1.443,415.563,0.399,5.02,51.734,0.536,61.681,57.549,57.559,43.485,26.418,19.946,22.175,19.05,NA,24.66
"2024-08-13",0.801,384.354,27.798,8543.596,1.461,449.52,0.395,4.209,51.734,0.541,0,57.551,57.558,43.476,25.951,19.94,22.167,18.695,NA,24.651
"2024-08-14",0.8,382.272,27.79,8433.302,1.504,532.283,0.391,3.358,51.723,0.358,0,57.552,57.56,43.466,25.6,19.933,22.164,18.569,NA,24.647
"2024-08-15",0.803,389.73,27.79,8429.342,1.479,484.622,0.389,2.882,51.707,0.178,0,57.559,57.562,43.447,24.988,19.931,22.173,18.618,NA,24.655
"2024-08-16",0.801,383.529,27.797,8526.574,1.437,403.95,0.386,2.312,51.704,0.149,0,57.567,57.549,43.425,24.983,19.925,22.179,18.713,NA,24.654
"2024-08-17",0.801,385.878,27.797,8520.928,1.45,427.995,0.382,1.647,51.704,0.149,0,57.551,57.543,43.411,25.323,19.941,22.171,19.08,NA,24.644
"2024-08-18",0.801,383.95,27.793,8473.743,1.456,439.06,0.379,0.975,51.703,0.142,0,57.549,57.554,43.391,26.128,19.97,22.172,19.306,NA,24.647
"2024-08-19",0.803,390.133,27.79,8437.686,1.452,431.757,0.374,0.181,51.702,0.131,0,57.56,57.563,43.369,26.198,20.003,22.174,19.037,NA,24.657
"2024-08-20",0.799,377.61,27.772,8191.76,1.455,436.587,0.37,0,51.702,0.131,0,57.543,57.548,43.336,24.64,20.076,22.162,18.29,NA,24.643
"2024-08-21",0.797,370.933,27.755,7891.203,1.459,444.564,0.367,0,51.703,0.14,0,57.543,57.546,43.271,23.369,20.135,22.146,17.379,NA,24.631
"2024-08-22",0.799,378.008,27.702,6973.012,1.455,437.41,0.363,0,51.703,0.143,0,57.545,57.557,43.214,22.335,20.126,22.133,16.514,NA,24.622
"2024-08-23",0.801,385.561,27.667,6403.97,1.444,417.096,0.362,0,51.702,0.137,0,57.536,57.552,43.188,20.879,20.113,22.119,15.566,NA,24.612
"2024-08-24",0.805,396.501,27.694,6848.437,1.446,419.915,0.36,0,51.705,0.154,0,57.544,57.552,43.166,22.141,20.121,22.118,14.78,NA,24.622
"2024-08-25",0.807,403.501,27.708,7060.215,1.446,420.073,0.358,0,51.704,0.147,0,57.542,57.547,43.109,24.678,20.143,22.118,14.968,NA,24.632
"2024-08-26",0.804,395.303,27.716,7190.169,1.45,427.757,0.354,0,51.703,0.144,0,57.56,57.554,43.072,25.998,20.163,22.143,16.427,NA,24.653
"2024-08-27",0.804,394.552,27.691,6783.535,1.446,420.74,0.349,0,51.705,0.16,0,57.552,57.543,43.06,24.766,20.167,22.161,17.648,NA,24.652
"2024-08-28",0.803,392.032,27.676,6541.232,1.45,428.078,0.345,0,51.707,0.172,0,57.554,57.541,43.042,25.478,20.117,22.153,17.696,NA,24.646
"2024-08-29",0.801,385.505,27.676,6550.883,1.446,420.556,0.34,0,51.707,0.175,0,57.575,57.543,43.013,25.84,20.167,22.166,17.801,NA,24.661
"2024-08-30",0.802,388.317,27.665,6373.246,1.475,477.266,0.335,0,51.706,0.166,0,57.584,57.544,42.981,26.267,20.196,22.167,18.043,NA,24.66
"2024-08-31",0.801,384.53,27.649,6131.835,1.567,668.89,0.33,0,51.706,0.162,0,57.594,57.549,42.971,25.395,20.201,22.169,18.212,NA,24.654
"2024-09-01",0.8,379.735,27.66,6306.08,1.62,791.954,0.324,0,51.705,0.161,0,57.577,57.537,42.909,23.923,20.235,22.165,17.831,NA,24.649
"2024-09-02",0.8,381.997,27.618,5692.587,1.641,852.085,0.32,0,51.706,0.167,0,57.582,57.545,42.885,27.011,20.289,22.169,18.542,NA,24.643
"2024-09-03",0.798,376.495,27.599,5370.706,1.639,846.069,0.315,0,51.705,0.16,0,57.589,57.564,42.96,35.148,20.343,22.226,23.734,NA,24.669
"2024-09-04",0.796,370.282,27.567,4848.012,1.634,831.08,0.308,0,51.704,0.147,0,57.591,57.577,43.029,34.534,20.278,22.216,27.232,NA,24.667
"2024-09-05",0.793,359.537,27.557,4685.37,1.628,811.875,0.301,0,51.703,0.139,0,57.587,57.582,43.105,31.639,20.283,22.197,25.096,NA,24.653
"2024-09-06",0.791,353.837,27.565,4802.546,1.636,835.074,0.297,0,51.703,0.138,0,57.547,57.56,43.174,27.097,20.278,22.165,19.55,NA,24.642
"2024-09-07",0.791,354.58,27.602,5433.743,1.636,836.078,0.292,0,51.702,0.133,0,57.559,57.555,43.305,28.783,20.272,22.172,19.102,NA,24.659
"2024-09-08",0.8,380.995,27.662,6339.293,1.633,827.784,0.288,0,51.702,0.135,0,57.558,57.553,43.369,33.891,20.275,22.204,22.951,NA,24.676
"2024-09-09",0.817,436.301,27.729,7437.792,1.634,830.327,0.284,0,51.702,0.131,0,57.557,57.556,43.351,45.538,20.307,22.243,33.695,NA,24.709
"2024-09-10",0.842,521.766,27.767,8110.793,1.656,902.525,0.279,0,51.701,0.129,0,57.542,57.551,43.314,45.008,20.336,22.276,36.581,NA,24.712
"2024-09-11",0.865,604.454,27.752,7846.857,1.75,1252.113,0.274,0,51.702,0.134,0,57.488,57.519,43.219,37.3,20.279,22.228,33.155,NA,24.673
"2024-09-12",0.882,671.076,27.716,7196.567,1.802,1470.794,0.268,0,51.702,0.137,0,57.522,57.517,43.124,32.76,20.153,22.212,24.692,NA,24.669
"2024-09-13",0.893,712.968,27.698,6901.095,1.768,1321.647,0.263,0,51.704,0.148,0,57.5,57.505,43.074,23.678,20.022,22.202,14.849,NA,24.665
"2024-09-14",0.897,730.152,27.681,6615.339,1.767,1318.33,0.258,0,51.704,0.149,0,57.479,57.494,42.959,22.514,20.026,22.194,13.841,NA,24.658
"2024-09-15",0.899,740.39,27.658,6268.2,1.816,1537.218,0.252,0,51.705,0.161,0,57.472,57.497,42.877,22.256,20.045,22.195,13.596,NA,24.659
"2024-09-16",0.903,755.407,27.629,5846.107,1.92,2042.741,0.248,0,51.706,0.162,0,57.433,57.501,42.787,23.949,20.033,22.198,16.211,NA,24.656
"2024-09-17",0.909,781.354,27.605,5474.684,2.007,2541.318,0.242,0,51.704,0.15,0,57.309,57.506,42.722,33.334,20.002,22.212,26.079,NA,24.659
"2024-09-18",0.919,823.529,27.582,5083.81,2.096,3099.128,0.238,0,51.703,0.143,0,57.204,57.493,42.664,39.044,20.012,22.238,29.361,NA,24.671
"2024-09-19",0.94,912.216,27.562,4751.047,2.102,3141.879,0.232,0,51.703,0.142,0,57.175,57.482,42.663,38.12,19.972,22.235,28.616,NA,24.67
"2024-09-20",0.962,1014.451,27.549,4554.892,2.103,3142.886,0.227,0,51.702,0.136,0,57.145,57.469,42.763,34.394,19.93,22.218,25.304,NA,24.667
"2024-09-21",0.984,1114.323,27.517,4092.737,2.104,3155.655,0.223,0,51.703,0.138,0,57.108,57.462,42.818,30.845,19.85,22.193,24.163,NA,24.651
"2024-09-22",1.014,1228.299,27.511,4011.366,2.104,3152.694,0.218,0,51.703,0.142,0,57.079,57.452,42.888,23.911,19.851,22.174,23.527,NA,24.631
"2024-09-23",1.065,1388.453,27.497,3829.491,2.103,3145.341,0.213,0,51.703,0.145,0,57.082,57.447,42.93,22.935,19.938,22.161,22.622,NA,24.625
"2024-09-24",1.149,1585.468,27.501,3885.946,2.108,3177.152,0.211,0,51.709,0.2,0,57.077,57.445,42.937,22.43,19.94,22.154,21.781,NA,24.624
"2024-09-25",1.267,1819.423,27.517,4092.576,2.101,3135.095,0.209,0,51.707,0.176,0,56.984,57.424,43.041,22.926,19.904,22.138,20.944,NA,24.619
"2024-09-26",1.405,2077.219,27.581,5082.168,2.106,3166.478,0.202,0,51.704,0.15,0,57.09,57.429,43.113,26.969,19.916,22.148,21.26,NA,24.641
"2024-09-27",1.519,2285.443,27.667,6415.046,2.105,3159.73,0.197,0,51.702,0.137,0,57.059,57.44,43.117,32.311,19.949,22.201,24.334,NA,24.688
"2024-09-28",1.6,2429.174,27.698,6888.693,2.1,3125.395,0.194,0,51.704,0.151,0,57,57.43,43.143,33.448,19.88,22.254,28.102,NA,24.712
"2024-09-29",1.662,2536.59,27.742,7669.271,2.131,3342.78,0.191,0,51.705,0.156,0,56.706,57.414,43.226,37.032,19.888,22.273,32.363,NA,24.723
"2024-09-30",1.706,2613.095,27.789,8414.565,2.2,3848.461,0.186,0,51.705,0.157,0,56.529,57.4,43.339,50.173,20.104,22.31,47.092,NA,24.743
"2024-10-01",1.734,2660.181,27.766,8073.577,2.231,4085.803,0.181,0,51.703,0.142,0,56.507,57.391,43.413,64.402,20.308,22.321,62.566,NA,24.733
"2024-10-02",1.751,2688.779,27.73,7446.605,2.242,4179.551,0.175,0,51.702,0.136,0,56.478,57.392,43.579,63.465,20.312,22.302,61.768,NA,24.728
"2024-10-03",1.762,2707.704,27.756,7882.782,2.239,4150.219,0.17,0,51.704,0.147,0,56.46,57.385,43.725,63.652,20.317,22.306,61.136,NA,24.727
"2024-10-04",1.783,2742.839,27.83,8982.6,2.241,4168.127,0.164,0,51.706,0.165,0,56.426,57.365,43.883,64.364,20.314,22.294,59.977,NA,24.728
"2024-10-05",1.824,2812.554,27.869,9528.9,2.248,4225.353,0.158,0,51.707,0.178,0,56.273,57.346,44.016,65.798,20.358,22.302,60.406,NA,24.738
"2024-10-06",1.895,2927.913,27.926,10422.751,2.24,4162.649,0.153,0,51.709,0.19,0,56.206,57.331,44.11,66.237,20.387,22.313,62.589,NA,24.726
"2024-10-07",1.982,3067.14,28.008,11714.526,2.226,4051.442,0.146,0,51.709,0.191,0,56.003,57.307,44.28,69.111,20.387,22.31,66.046,NA,24.715
"2024-10-08",2.06,3190.95,28.07,12607.153,2.22,4003.255,0.139,0,51.709,0.192,0,55.988,57.29,44.448,79.07,20.541,22.358,72.948,NA,24.777
"2024-10-09",2.127,3293.717,28.157,13947.911,2.221,4006.234,0.133,0,51.708,0.187,0,55.996,57.275,44.578,99.884,20.842,22.472,93.31,NA,24.822
"2024-10-10",2.175,3368.603,28.193,14544.658,2.202,3863.932,0.126,0,51.709,0.19,0,55.71,57.245,44.635,112.481,20.989,22.533,109.133,NA,24.832
"2024-10-11",2.212,3424.064,28.24,15319.614,2.209,3913.67,0.12,0,51.712,0.223,0,55.755,57.233,44.673,115.356,20.991,22.532,112.269,NA,24.844
"2024-10-12",2.23,3451.902,28.371,17068.502,2.218,3990.228,0.114,0,51.713,0.238,0,55.764,57.222,44.71,120.56,21.021,22.575,116.249,NA,24.893
"2024-10-13",2.24,3466.284,28.443,18020.503,2.217,3979,0.109,0,51.709,0.189,0,55.731,57.211,44.739,128.929,21.099,22.692,125.842,NA,24.963
"2024-10-14",2.236,3461.667,28.464,18309.134,2.208,3911.719,0.103,0,51.708,0.183,0,55.609,57.197,44.747,137.396,21.169,22.719,137.68,NA,24.953
"2024-10-15",2.231,3453.553,28.501,18825.874,2.204,3880.043,0.1,0,51.703,0.142,0,55.58,57.193,44.757,145.757,21.322,22.758,146.512,NA,24.99
"2024-10-16",2.23,3451.612,28.56,19526.595,2.201,3852.512,0.098,0,51.703,0.153,0,55.519,57.21,44.761,162.89,21.508,22.876,169.888,NA,25.077
"2024-10-17",2.248,3478.681,28.627,20322.994,2.219,3997.066,0.139,0,51.723,0.379,0,55.685,57.218,44.827,180.635,21.651,22.996,184.178,NA,25.146
"2024-10-18",2.256,3490.479,28.653,20646.3,2.197,3827.022,0.133,0,51.705,0.158,0,55.279,57.183,44.855,182.348,21.626,23.006,187.32,NA,25.159
"2024-10-19",2.261,3498.654,28.67,20857.321,2.209,3913.301,0.127,0,51.701,0.129,0,55.365,57.166,44.864,183.703,21.624,23.033,190.152,NA,25.18
"2024-10-20",2.259,3495.969,28.715,21430.98,2.217,3979.267,0.121,0,51.706,0.171,0,55.392,57.151,44.907,183.889,21.671,23.038,149.53,NA,25.19
"2024-10-21",2.255,3489.953,28.709,21349.802,2.217,3975.2,0.116,0,52.175,173.533,0,55.392,57.133,44.899,183.369,21.667,23.006,14.053,NA,25.183
"2024-10-22",2.247,3478.123,28.689,21087.39,2.198,3833.713,0.109,0,52.458,293.458,0,55.281,57.106,44.866,183.579,21.71,23.011,3.506,NA,25.174
"2024-10-23",2.237,3461.846,28.65,20600.975,2.161,3555.489,0.101,0,52.495,331.595,0,55.084,57.071,44.84,190.116,21.892,23.038,3.788,NA,25.17
"2024-10-24",2.227,3447.422,28.637,20443.909,2.136,3373.552,0.094,0,52.526,366.12,0,55.081,57.049,44.818,182.965,21.945,23.015,5.432,NA,25.163
"2024-10-25",2.222,3440.354,28.625,20294.299,2.115,3228.016,0.088,0,52.55,395.535,0,55.059,57.043,44.794,179.295,21.901,22.987,7.181,NA,25.177
"2024-10-26",2.217,3432.821,28.635,20416.48,2.092,3073.195,0.083,0,52.57,420.056,0,54.996,57.034,44.759,176.963,21.906,22.988,8.931,NA,25.179
"2024-10-27",2.205,3414.326,28.639,20466.771,2.074,2951.78,0.08,0,52.585,438.409,0,54.898,57.004,44.722,178.949,21.917,22.987,10.68,NA,25.174
"2024-10-28",2.18,3376.42,28.639,20464.611,2.076,2962.991,0.529,58.756,52.6,458.308,0,54.919,56.988,44.692,179.764,21.933,22.995,12.43,NA,25.177
"2024-10-29",2.143,3318.876,28.613,20154.151,2.087,3040.763,0.91,217.58,52.614,477.028,0,54.903,56.979,44.643,175.399,21.938,22.978,14.179,NA,25.146
"2024-10-30",2.091,3238.061,28.562,19545.693,2.079,2985.047,1.017,290.159,52.628,497.029,0,54.835,56.958,44.614,167.566,21.87,22.889,15.928,NA,25.078
"2024-10-31",2.032,3145.71,28.525,19106.626,2.074,2955.308,1.079,335.548,52.64,514.032,0,54.812,56.941,44.615,156.87,21.738,22.805,17.678,NA,25.058
"2024-11-01",1.966,3042.539,28.503,18841.05,2.076,2964.786,1.111,360.659,52.652,531.252,0,54.797,56.932,44.616,154.535,21.702,22.821,19.427,NA,25.073
"2024-11-02",1.904,2943.194,28.459,18237.543,2.081,3001.934,1.132,376.894,52.659,540.503,0,54.793,56.921,44.631,151.811,21.696,22.812,21.176,NA,25.049
"2024-11-03",1.858,2868.045,28.445,18053.831,2.071,2936.086,1.15,390.736,52.668,551.665,0,54.713,56.894,44.649,146.214,21.606,22.713,22.926,NA,25.007
"2024-11-04",1.825,2812.861,28.452,18151.074,2.069,2918.848,1.17,406.893,52.677,563.001,0,54.72,56.888,44.676,140.258,21.555,22.711,24.675,NA,25.042
"2024-11-05",1.801,2772.977,28.446,18055.268,2.067,2904.935,1.187,421.127,52.682,567.976,0,54.711,56.876,44.689,142.07,21.58,22.75,26.424,NA,25.073
"2024-11-06",1.781,2740.032,28.44,17984.668,2.058,2850.44,1.202,433.895,52.691,579.573,0,54.634,56.856,44.704,142.974,21.563,22.731,28.174,NA,25.076
"2024-11-07",1.77,2721.965,28.454,18178.161,2.067,2908.108,1.216,445.661,52.697,587.397,0,54.658,56.839,44.724,143.564,21.481,22.725,29.923,NA,25.1
"2024-11-08",1.755,2696.212,28.47,18393.9,2.076,2967.365,1.227,455.201,52.706,599.266,0,54.654,56.823,44.729,144.417,21.369,22.736,31.672,NA,25.121
"2024-11-09",1.741,2672.965,28.483,18583.772,2.078,2980.437,1.238,464.957,52.714,608.929,0,54.649,56.813,44.733,146.308,21.362,22.768,33.422,NA,25.133
"2024-11-10",1.734,2660.606,28.488,18651.961,2.073,2949.053,1.245,471.261,52.723,620.091,0,54.642,56.805,44.718,147.888,21.35,22.786,35.171,NA,25.152
"2024-11-11",1.727,2648.853,28.515,18988.564,2.074,2950.452,1.251,476.353,52.729,628.383,0,54.677,56.796,44.707,150.337,21.348,22.804,36.921,NA,25.161
"2024-11-12",1.722,2639.769,28.524,19101.285,2.061,2869.688,1.253,478.711,52.732,632.76,0,54.607,56.758,44.703,149.896,21.323,22.788,38.67,NA,25.159
"2024-11-13",1.718,2632.914,28.519,19046.472,2.06,2862.072,1.256,481.42,52.737,639.123,0,54.633,56.738,44.679,151.105,21.377,22.788,40.419,NA,25.163
"2024-11-14",1.718,2632.976,28.507,18907.637,2.069,2923.104,1.261,485.758,52.744,648.832,0,54.682,56.727,44.655,150.902,21.527,22.795,42.169,NA,25.162
"2024-11-15",1.716,2629.393,28.453,18167.054,2.075,2956.647,1.266,490.205,52.752,659.264,0,54.719,56.72,44.611,149.888,21.615,22.79,43.918,NA,25.157
"2024-11-16",1.708,2616.92,28.432,17873.482,2.06,2860.691,1.271,494.431,52.757,665.309,0,54.677,56.694,44.58,146.904,21.636,22.774,45.667,NA,25.135
"2024-11-17",1.705,2610.648,28.426,17780.323,2.033,2689.417,1.278,500.951,52.763,673.339,0,54.606,56.669,44.531,150.329,21.665,22.797,47.417,NA,25.149
"2024-11-18",1.7,2603.459,28.406,17512.145,2.023,2626.63,1.286,508.158,52.768,681.073,0,54.623,56.655,44.454,159.371,21.751,22.85,49.166,NA,25.163
"2024-11-19",1.695,2593.976,28.377,17131.123,2.018,2598.881,1.294,516.034,52.775,690.847,0,54.604,56.643,44.419,156.724,21.74,22.796,50.915,NA,25.142
"2024-11-20",1.691,2587.065,28.337,16602.919,2.017,2591.024,1.304,524.985,52.784,702.543,0,54.604,56.636,44.364,148.356,21.638,22.732,52.665,NA,25.146
"2024-11-21",1.69,2584.739,28.303,16173.71,2.009,2545.416,1.317,536.783,52.793,714.845,0,54.657,56.63,44.333,140.096,21.51,22.699,54.414,NA,25.136
"2024-11-22",1.678,2565.523,28.278,15870.028,1.989,2424.9,1.328,547.086,52.8,724.779,0,54.572,56.617,44.323,138.113,21.462,22.686,56.163,NA,25.126
"2024-11-23",1.663,2538.444,28.273,15802.326,1.966,2292.516,1.339,558.389,52.806,734.064,0,54.201,56.594,44.332,137.247,21.48,22.699,57.913,NA,25.132
"2024-11-24",1.667,2546.456,28.352,16801.602,1.962,2268.965,1.363,581.129,52.812,742.735,0,54.184,56.589,44.422,142.633,21.508,22.764,59.662,NA,25.169
"2024-11-25",1.646,2509.133,28.406,17510.333,1.966,2292.423,1.381,598.564,52.82,754.339,0,54.246,56.593,44.46,147.271,21.463,22.778,61.412,NA,25.168
"2024-11-26",1.624,2470.898,28.437,17932.587,1.954,2222.936,1.404,621.001,52.826,762.557,0,54.324,56.58,44.472,147.701,21.426,22.763,63.161,NA,25.168
"2024-11-27",1.59,2411.459,28.451,18132.419,1.908,1976.327,1.413,629.697,52.831,769.645,0,54.145,56.552,44.494,148.5,21.435,22.776,64.91,NA,25.174
"2024-11-28",1.559,2355.817,28.445,18043.477,1.863,1751.014,1.422,639.421,52.837,778.433,0,54.106,56.545,44.489,148.793,21.48,22.79,66.66,NA,25.172
"2024-11-29",1.532,2308.289,28.428,17815.439,1.85,1687.036,1.436,653.082,52.847,793.21,0,54.103,56.553,44.447,144.519,21.504,22.772,68.409,NA,25.149
"2024-11-30",1.505,2259.723,28.432,17872.663,1.829,1591.247,1.464,681.601,52.851,799.77,0,54.126,56.55,44.422,143.767,21.485,22.742,70.158,NA,25.135
"2024-12-01",1.47,2196.895,28.421,17719.072,1.819,1544.448,1.48,698.353,52.857,808.743,0,54.113,56.542,44.369,144.768,21.487,22.738,71.908,NA,25.136
"2024-12-02",1.441,2144.643,28.434,17892.633,1.832,1602.428,1.501,720.617,52.864,819.693,0,54.155,56.541,44.381,145.404,21.502,22.761,73.657,NA,25.139
"2024-12-03",1.396,2062.428,28.402,17465.891,1.819,1544.392,1.506,725.214,52.865,820.223,0,54.034,56.528,44.414,142.881,21.483,22.731,75.406,NA,25.108
"2024-12-04",1.342,1960.925,28.346,16727.319,1.822,1555.842,1.512,731.976,52.864,820.142,0,54.095,56.521,44.409,141.829,21.484,22.726,77.156,NA,25.079
"2024-12-05",1.282,1847.875,28.255,15517.171,1.829,1591.135,1.523,743.272,52.872,831.021,0,54.065,56.519,44.415,137.242,21.53,22.676,78.905,NA,25.014
"2024-12-06",1.224,1736.283,28.232,15219.43,1.828,1583.139,1.54,761.485,52.878,841.557,0,54.087,56.514,44.482,131.428,21.567,22.625,80.654,NA,24.98
"2024-12-07",1.176,1639.764,28.235,15273.56,1.805,1483.224,1.553,775.851,52.876,837.143,0,54.2,56.487,44.49,132.711,21.597,22.619,82.404,NA,24.986
"2024-12-08",1.146,1577.958,28.241,15368.561,1.756,1277.949,1.565,788.279,52.872,831.597,0,55.578,56.472,44.531,133.605,21.606,22.656,84.153,NA,24.984
"2024-12-09",1.128,1542.231,28.25,15522.695,1.662,923.098,1.574,798.72,52.869,826.631,0,56.557,56.457,44.555,132.92,21.463,22.633,85.903,NA,24.953
"2024-12-10",1.116,1517.536,28.247,15475.486,1.623,798.761,1.576,800.853,52.864,819.334,0,56.464,56.431,44.538,127.11,21.349,22.586,87.652,NA,24.921
"2024-12-11",1.107,1498.704,28.232,15217.955,1.617,784.263,1.573,797.739,52.859,811.674,0,56.489,56.419,44.536,125.862,21.337,22.596,89.401,NA,24.912
"2024-12-12",1.1,1483.933,28.228,15142.913,1.616,780.404,1.567,791.155,52.855,805.318,0,56.482,56.407,44.525,122.289,21.258,22.547,91.151,NA,24.875
"2024-12-13",1.089,1459.737,28.224,15066.048,1.617,782.488,1.56,783.097,52.849,796.229,0,56.488,56.4,44.498,113.228,21.106,22.484,92.9,NA,24.874
"2024-12-14",1.073,1415.275,28.199,14634.696,1.614,777.018,1.553,776.076,52.843,787.306,0,56.502,56.393,44.46,113.056,21.128,22.495,94.649,NA,24.88
"2024-12-15",1.059,1370.383,28.178,14287.518,1.615,779.373,1.545,767.092,52.833,772.889,0,56.545,56.386,44.373,109.018,20.992,22.47,96.399,NA,24.84
"2024-12-16",1.034,1292.016,28.178,14296.294,1.608,761.005,1.538,759.852,52.822,756.875,0,56.46,56.335,44.329,91.768,20.761,22.419,98.148,NA,24.775
"2024-12-17",1.008,1210.243,28.18,14329.917,1.61,766.544,1.531,751.977,52.807,735.668,0,56.429,56.321,44.307,85.725,20.678,22.372,99.591,NA,24.752
"2024-12-18",0.984,1116.779,28.151,13851.446,1.611,769.685,1.521,741.778,52.795,718.174,0,56.499,56.319,44.26,87.074,20.674,22.387,99.41,NA,24.746
"2024-12-19",0.962,1013.637,28.129,13494.068,1.608,761.516,1.511,730.44,52.786,705.702,0,56.5,56.308,44.189,78.863,20.66,22.365,96.63,NA,24.706
"2024-12-20",0.942,922.158,28.117,13314.876,1.603,751.187,1.498,716.785,52.774,689.486,0,56.431,56.281,44.018,73.772,20.617,22.324,92.623,NA,24.676
"2024-12-21",0.926,852.757,28.052,12350.616,1.604,753.258,1.484,702.295,52.763,674.054,0,56.455,56.265,43.831,72.729,20.667,22.315,90.171,NA,24.674
"2024-12-22",0.92,828.107,27.979,11260.905,1.606,756.421,1.468,685.436,52.753,660.024,0,56.378,56.23,43.742,69,20.687,22.305,88.944,NA,24.643
"2024-12-23",0.918,818.063,27.964,11032.466,1.609,765.177,1.453,670.327,52.743,646.569,0,56.46,56.233,43.644,68.008,20.595,22.315,84.821,NA,24.626
"2024-12-24",0.915,804.212,27.918,10285.097,1.61,767.723,1.438,655.352,52.74,642.732,0,56.503,56.229,43.58,66.806,20.529,22.323,66.947,NA,24.622
"2024-12-25",0.912,793.518,27.827,8950.467,1.608,761.855,1.425,641.783,52.732,632.936,0,56.656,56.213,43.515,62.021,20.532,22.309,64.51,NA,24.602
"2024-12-26",0.908,777.879,27.742,7666.513,1.608,760.915,1.414,630.677,52.727,625.658,0,56.61,56.19,43.377,55.83,20.534,22.256,59.284,NA,24.546
"2024-12-27",0.902,751.337,27.742,7652.55,1.613,772.558,1.405,622.182,52.722,619.497,0,56.575,56.185,43.291,52.088,20.525,22.217,51.852,NA,24.528
"2024-12-28",0.898,734.213,27.741,7648.04,1.615,777.317,1.393,610.688,52.719,615.667,0,56.633,56.176,43.253,52.991,20.574,22.216,51.111,NA,24.534
"2024-12-29",0.899,737.259,27.719,7258.386,1.613,773.138,1.382,599.094,52.715,610.77,0,56.704,56.16,43.206,52.353,20.596,22.227,51.979,NA,24.537
"2024-12-30",0.898,736.837,27.67,6452.596,1.605,754.544,1.369,587.067,52.711,604.76,0,56.779,56.137,43.099,48.512,20.552,22.207,50.241,NA,24.517
"2024-12-31",0.896,726.808,27.613,5589.175,1.603,750.253,1.357,575.543,52.704,596.266,0,56.888,56.12,43.001,43.919,20.546,22.192,45.091,NA,24.497
"2025-01-01",0.895,723.272,27.571,4902.064,1.606,758.069,1.347,565.725,52.697,587.867,0,56.87,56.116,42.95,40.252,20.59,22.156,40.46,NA,24.47
"2025-01-02",0.897,729.835,27.553,4620.637,1.61,767.098,1.339,557.587,52.694,582.946,0,56.932,56.118,42.939,33.892,20.762,22.156,29.446,NA,24.491
"2025-01-03",0.895,721.439,27.551,4586.215,1.612,770.37,1.331,550.501,52.691,579.535,0,56.998,56.127,42.94,22.616,20.898,22.164,19.255,NA,24.5
"2025-01-04",0.894,718.372,27.542,4444.913,1.61,767.331,1.328,547.326,52.692,580.473,0,57.057,56.128,42.949,21.061,20.88,22.17,18.926,NA,24.501
"2025-01-05",0.893,713.954,27.543,4472.004,1.609,763.53,1.324,543.589,52.693,582.419,0,57.056,56.114,42.98,18.796,20.851,22.164,17.616,NA,24.492
"2025-01-06",0.893,715.21,27.567,4838.11,1.609,764.981,1.316,536.434,52.688,576.546,0,57.105,56.124,43.035,17.117,20.775,22.15,13.306,NA,24.49
"2025-01-07",0.894,717.116,27.599,5387.41,1.605,754.175,1.309,529.259,52.683,570.14,0,57.133,56.139,43.113,20.611,20.706,22.171,14.947,NA,24.516
"2025-01-08",0.891,706.275,27.601,5413.523,1.646,882.233,1.307,527.498,52.683,569.811,0,57.129,56.187,43.141,27.587,20.717,22.206,23.705,NA,24.532
"2025-01-09",0.89,704.345,27.572,4922.294,1.755,1270.765,1.306,527.358,52.682,568.146,0,57.136,56.196,43.122,33.041,20.678,22.175,32.764,NA,24.505
"2025-01-10",0.887,689.12,27.562,4755.904,1.777,1361.352,1.304,525.464,52.679,564.798,0,57.085,56.205,43.093,31.892,20.664,22.146,30.421,NA,24.477
"2025-01-11",0.884,680.041,27.566,2404.649,1.783,1384.919,1.303,523.873,52.675,560.124,0,56.988,56.216,43.079,30.71,20.702,22.13,28.239,NA,24.461
"2025-01-12",0.884,680.904,27.573,4928.061,1.785,1396.332,1.301,522.622,52.672,556.563,0,56.963,56.209,43.078,30.622,20.716,22.113,26.658,NA,24.458
"2025-01-13",0.886,687.154,27.564,4798.334,1.789,1411.869,1.299,520.783,52.671,554.447,0,56.949,56.22,43.075,31.958,20.743,22.127,27.709,NA,24.451
"2025-01-14",0.885,682.761,27.555,4642.827,1.783,1387.731,1.296,517.25,52.665,547.571,0,56.903,56.194,43.093,NA,20.756,22.149,NA,NA,24.441
"2025-01-15",0.887,690.853,27.503,3905.953,1.803,1471.2,1.29,512.017,52.66,541.93,0,56.864,56.19,43.127,NA,20.671,NA,NA,NA,NA
"2025-01-16",0.899,740.956,27.475,3566.322,1.806,1485.872,1.287,509.547,52.655,536.141,0,56.904,56.194,43.15,NA,20.652,NA,NA,NA,NA
"2025-01-17",0.921,829.884,27.475,3565.732,1.804,1478.075,1.287,509.446,52.654,533.784,0,56.957,56.253,43.157,NA,20.704,NA,NA,NA,NA
"2025-01-18",0.944,932.925,27.473,3538.704,1.805,1480.434,1.287,508.959,52.651,530.695,0,57.077,56.265,43.154,NA,20.745,NA,NA,NA,NA
"2025-01-19",0.966,1029.839,27.476,3570.626,1.805,1480.083,1.286,508.557,52.652,532.168,0,56.832,56.268,43.151,NA,20.745,NA,NA,NA,NA
"2025-01-20",0.981,1103.459,27.499,3860.689,1.802,1466.23,1.284,506.338,52.652,532.14,0,56.823,56.258,43.146,NA,20.75,NA,NA,NA,NA
"2025-01-21",0.992,1156.116,27.507,3967.071,1.799,1457.314,1.277,500.072,52.651,529.651,0,56.778,56.24,43.137,34.065,20.747,22.049,28.254,NA,24.409
"2025-01-22",1,1185.995,27.525,4201.955,1.752,1263.481,1.273,496.659,52.647,523.829,0,56.794,56.24,43.135,35.516,20.737,22.043,30.21,NA,24.412
"2025-01-23",1.007,1207.866,27.525,4209.809,1.771,1337.047,1.27,493.515,52.646,522.406,0,56.651,56.233,43.128,35.642,20.786,22.046,30.898,NA,24.419
"2025-01-24",1.011,1219.751,27.529,4264.245,1.806,1487.879,1.269,492.66,52.643,518.658,0,56.625,56.234,43.12,36.308,20.821,22.053,31.487,NA,24.422
"2025-01-25",1.016,1234.485,27.521,4152.744,1.814,1520.377,1.27,493.685,52.646,522.371,0,56.612,56.229,43.106,36.741,20.812,22.057,32.32,NA,24.429
"2025-01-26",1.023,1256.56,27.516,4087.606,1.813,1516.357,1.271,494.634,52.647,523.862,0,56.59,56.228,43.094,36.248,20.79,22.066,32.666,NA,24.428
"2025-01-27",1.023,1257.422,27.512,4026.948,1.811,1508.552,1.268,492.156,52.648,525.535,0,56.482,56.215,43.085,34.133,20.753,22.037,31.793,NA,24.418
"2025-01-28",1.021,1250.966,27.511,4012.451,1.821,1554.732,1.264,488.116,52.644,519.442,0,56.479,56.216,43.062,34.403,20.788,21.926,31.131,NA,24.411
"2025-01-29",1.014,1230.082,27.508,3980.994,1.815,1527.691,1.26,484.95,52.643,517.869,0,56.455,56.22,42.988,34.416,20.832,21.994,29.987,NA,24.408
"2025-01-30",1.009,1214.49,27.5,3870.145,1.814,1523.222,1.261,485.457,52.643,518.688,0,56.437,56.22,42.969,34.013,20.736,21.99,29.6,NA,24.401
"2025-01-31",1.012,1222.333,27.478,3605.731,1.809,1498.519,1.262,486.612,52.643,518.919,0,56.446,56.22,42.973,33.619,20.577,21.99,29.581,NA,24.4
"2025-02-01",1.017,1238.808,27.447,3247.454,1.807,1488.754,1.264,488.214,52.654,533.826,0,56.469,56.219,42.96,32.432,20.596,21.986,29.208,NA,24.396
"2025-02-02",1.026,1266.175,27.422,2983.732,1.809,1498.031,1.266,490.228,52.656,537.059,0,56.426,56.218,42.96,28.646,20.62,21.962,27.181,NA,24.377
"2025-02-03",1.032,1286.908,27.431,3080.584,1.811,1508.783,1.27,493.538,52.658,539.224,0,56.395,56.216,42.964,22.762,20.639,21.934,19.979,NA,24.359
"2025-02-04",1.036,1299.398,27.444,3206.56,1.807,1492.229,1.273,496.943,52.658,538.685,0,56.424,56.216,42.985,17.052,20.64,21.937,11.903,NA,24.357
"2025-02-05",1.038,1305.067,27.499,3870.409,1.808,1494.392,1.276,499.44,52.657,538.184,0,56.34,56.222,43.039,17.186,20.619,21.957,8.787,NA,24.389
"2025-02-06",1.039,1307.577,27.543,4462.101,1.809,1498.291,1.28,502.656,52.658,539.689,0,56.327,56.233,43.07,25.811,20.632,22.057,16.151,NA,24.429
"2025-02-07",1.035,1295.082,27.517,4098.232,1.821,1551.126,1.28,502.685,52.657,537.859,0,56.277,56.214,43.063,32.304,20.464,22.107,29.078,NA,24.437
"2025-02-08",1.032,1285.084,27.505,3933.45,1.819,1544.381,1.278,501.401,52.654,534.619,0,56.093,56.199,43.06,31.639,20.59,22.108,30.525,NA,24.428
"2025-02-09",1.032,1285.344,27.498,3843.726,1.817,1535.4,1.277,500.266,52.652,530.826,0,55.956,56.186,43.053,31.106,20.596,22.092,30.07,NA,24.421
"2025-02-10",1.033,1288.242,27.511,4018.728,1.816,1531.28,1.277,500.66,52.653,532.832,0,55.925,56.185,43.046,32.525,20.625,22.06,31.681,NA,24.42
"2025-02-11",1.033,1288.08,27.52,4143.23,0,0,1.278,501.268,52.655,535.773,0,55.956,56.183,43.034,36.753,20.639,22.051,35.945,NA,24.42
"2025-02-12",1.033,1288.942,27.522,4171.828,0,0,1.277,500.272,52.656,537.122,0,0,56.157,43.021,40.231,20.63,22.043,39.008,NA,24.418
"2025-02-13",1.032,1284.4,27.517,4102.542,0,0,1.272,495.661,52.657,538.265,0,0,56.112,43.02,38.33,20.634,22.017,38.406,NA,24.406
"2025-02-14",1.031,1282.43,27.511,4008.492,0,0,1.269,493.038,0,0,0,0,56.07,43.022,37.23,20.647,21.999,36.981,NA,24.389
"2025-02-15",1.029,1277.628,27.489,3731.91,0,0,1.273,496.248,0,0,0,0,56.055,43.031,36.705,20.647,21.991,34.798,NA,24.381
"2025-02-16",1.031,1283.505,27.502,3896.648,0,0,1.278,500.692,0,0,0,0,56.063,43.037,36.866,20.629,21.983,32.407,NA,24.382
"2025-02-17",1.03,1278.67,27.525,4206.093,0,0,1.278,500.943,0,0,0,0,56.089,43.039,35.024,20.64,21.968,27.65,NA,24.394
"2025-02-18",1.032,1285.182,27.53,4274.446,0,0,1.28,503.015,0,0,0,0,55.993,43.039,35.131,20.515,21.995,30.189,NA,24.416
"2025-02-19",1.034,1292.346,27.541,4435.662,0,0,1.278,501.558,0,0,0,0,55.969,43.022,37.457,20.682,22.025,33.22,NA,24.434
"2025-02-20",1.035,1294.805,27.539,4404.26,0,0,1.278,501.511,0,0,0,0,55.958,43.01,43.943,20.644,22.048,39.499,NA,24.421
"2025-02-21",1.038,1306.191,27.512,4029.288,0,0,1.279,501.863,0,0,0,0,55.948,42.989,46.02,20.64,22.048,41.876,NA,24.418
"2025-02-22",1.037,1300.425,27.492,3763.67,0,0,1.282,504.803,0,0,0,0,55.937,42.993,43.297,20.634,22.032,40.256,NA,24.404
"2025-02-23",1.032,1287.152,27.461,3393.643,0,0,1.282,504.474,0,0,0,0,55.926,42.99,39.79,20.643,22.002,37.013,NA,24.379
"2025-02-24",1.027,1270.387,27.468,3484.675,0,0,1.283,505.791,0,0,0,0,55.915,42.997,33.958,20.688,21.998,28.331,NA,24.377
"2025-02-25",1.02,1247.147,27.494,3796.246,0,0,1.284,507.027,0,0,0,0,55.904,43.025,30.955,20.621,21.997,21.665,NA,24.403
"2025-02-26",1.009,1214.068,27.485,3687.108,0,0,1.281,503.73,0,0,0,0,55.893,43.145,29.522,20.597,22.021,21.801,NA,24.417
"2025-02-27",1,1186.546,27.497,3827.997,0,0,0,0,0,0,0,0,55.882,43.207,25.278,20.595,22.029,19.376,NA,24.411
"2025-02-28",0.992,1155.532,27.534,4333.431,0,0,0,0,0,0,0,0,55.871,43.216,26.103,20.613,22.032,19.902,NA,24.414
"2025-03-01",0.984,1115.668,27.583,5119.417,0,0,0,0,0,0,0,0,55.86,43.216,27.526,20.624,22.042,21.181,NA,24.431
"2025-03-02",0.98,1094.596,27.644,6064.443,0,0,0,0,0,0,0,0,55.849,43.211,35.308,20.609,22.072,27.325,NA,24.451
"2025-03-03",0.979,1089.997,27.641,6026.383,0,0,0,0,0,0,0,0,55.841,43.191,54.048,20.587,22.147,48.347,NA,24.485
"2025-03-04",0.977,1084.986,27.609,5547.051,0,0,0,0,0,0,0,0,0,43.114,56.516,20.539,22.148,58.064,NA,24.474
"2025-03-05",0.976,1078.214,27.584,5124.417,0,0,0,0,0,0,0,0,0,43.004,53.474,20.552,22.108,52.912,NA,24.452
"2025-03-06",0.977,1084.422,27.557,4689.128,0,0,0,0,0,0,0,0,0,42.963,50.917,20.683,22.091,45.651,NA,24.452
"2025-03-07",0.975,1073.333,27.539,4414.088,0,0,0,0,0,0,0,0,0,42.951,45.724,20.799,22.088,44.502,NA,24.455
"2025-03-08",0.975,1071.77,27.521,4157.592,0,0,0,0,0,0,0,0,0,42.93,44.702,20.831,22.078,43.466,NA,24.439
"2025-03-09",0.977,1084.879,27.482,3649.673,0,0,0,0,0,0,0,0,0,42.923,42.872,20.833,22.066,42.383,NA,24.426
"2025-03-10",0.979,1091.45,27.465,3446.289,0,0,0,0,0,0,0,0,0,42.946,39.613,20.809,22.036,38.034,NA,24.407
"2025-03-11",0.98,1096.248,27.462,3411.403,0,0,0,0,0,0,0,0,0,42.954,30.915,20.778,21.988,27.021,NA,24.391
"2025-03-12",0.981,1099.566,27.454,3322.37,0,0,0,0,0,0,0,0,0,42.924,20.831,20.674,21.997,14.604,NA,24.392
"2025-03-13",0.982,1107.754,27.493,3792.494,0,0,0,0,0,0,0,0,0,42.887,17.104,20.577,21.995,9.474,NA,24.402
"2025-03-14",0.982,1106.517,27.539,4408.97,0,0,0,0,0,0,0,0,0,42.845,27.718,20.613,22.018,19.004,NA,24.416
"2025-03-15",0.982,1104.233,27.53,4277.501,0,0,0,0,0,0,0,0,0,42.826,38.956,20.651,22.041,33.539,NA,24.432
"2025-03-16",0.984,1115.47,27.495,3805.516,0,0,0,0,0,0,0,0,0,42.83,37.779,20.597,22.019,33.816,NA,24.409
"2025-03-17",0.986,1124.906,27.487,3702.135,0,0,0,0,0,0,0,0,0,42.915,35.856,20.565,22.004,30.526,NA,24.401
"2025-03-18",0.988,1134.503,27.496,3818.017,0,0,0,0,0,0,0,0,0,43.025,32.454,20.544,21.984,26.227,NA,24.402
"2025-03-19",0.99,1144.76,27.517,4104.297,0,0,0,0,0,0,0,0,0,43.107,33.475,20.558,21.994,26.545,NA,24.414
"2025-03-20",0.99,1147.218,27.57,4895.508,0,0,0,0,0,0,0,0,0,43.141,38.788,20.597,22.02,32.909,NA,24.436
"2025-03-21",0.989,1140.501,27.621,5724.198,0,0,0,0,0,0,0,0,0,43.131,54.062,20.63,22.073,49.013,NA,24.463
"2025-03-22",0.986,1127.689,27.625,5792.223,0,0,0,0,0,0,0,0,0,43.123,65.445,20.637,22.124,61.255,NA,24.474
"2025-03-23",0.984,1114.924,27.599,5386.311,0,0,0,0,0,0,0,0,0,43.127,63.77,20.631,22.116,60.139,NA,24.463
"2025-03-24",0.984,1115.074,27.545,4513.872,0,0,0,0,0,0,0,0,0,43.186,59.433,20.623,22.097,54.931,NA,24.458
"2025-03-25",0.986,1126.917,27.522,4167.797,0,0,0,0,0,0,0,0,0,43.303,52.275,20.604,22.079,49.528,NA,24.427
"2025-03-26",0.988,1137.233,27.536,4362.195,0,0,0,0,0,0,0,0,0,43.441,51.577,20.616,22.075,46.043,NA,24.443
"2025-03-27",0.989,1140.55,27.556,4660.22,0,0,0,0,0,0,0,0,0,43.51,54.27,20.649,22.093,46.847,NA,24.459
"2025-03-28",0.987,1131.99,27.591,5235.81,0,0,0,0,0,0,0,0,0,43.573,59.254,20.674,22.111,52.96,NA,24.464
"2025-03-29",0.987,1131.262,27.668,6430.781,0,0,0,0,0,0,0,0,0,43.65,62.203,20.636,22.124,55.681,NA,24.481
"2025-03-30",0.988,1135.326,27.709,7081.814,0,0,0,0,0,0,0,0,0,43.769,64.2,20.624,22.139,57.904,NA,24.487
"2025-03-31",0.989,1141.303,27.745,7725.566,0,0,0,0,0,0,0,0,0,43.876,67.884,20.565,22.136,63.395,NA,24.476
"2025-04-01",0.989,1141.984,27.728,7414.643,0,0,0,0,0,0,0,0,0,43.881,68.116,20.552,22.123,63.987,NA,24.459
"2025-04-02",0.988,1134.65,27.725,7354.925,0,0,0,0,0,0,0,0,0,43.889,66.365,20.613,22.127,61.034,NA,24.448
"2025-04-03",0.988,1134.046,27.765,8043.696,0,0,0,0,0,0,0,0,0,43.895,65.618,20.613,22.127,58.057,NA,24.454
"2025-04-04",0.987,1131.513,27.824,8887.711,0,0,0,0,0,0,0,0,0,43.868,69.779,20.635,22.162,59.137,NA,24.503
"2025-04-05",0.986,1123.336,27.839,9092.922,0,0,0,0,0,0,0,0,0,43.84,70.465,20.684,22.207,63.869,NA,24.528
"2025-04-06",0.985,1118.837,27.837,9069.914,0,0,0,0,0,0,0,0,0,43.815,68.35,20.647,22.206,63.575,NA,24.523
"2025-04-07",0.986,1123.559,27.809,8687.72,0,0,0,0,0,0,0,0,0,43.767,NA,NA,NA,NA,NA,NA
