"","planning_unit_name","gauge","ewr_code_timing","state","LTWPShortName","env_obj","Target","SWSDLName"
"1","Murray River - Barmah to Barham","409003","OB3","NSW","Murray Lower Darling","NV4","Native Vegetation","New South Wales Murray"
"2","Edward River - Stevens Weir to Wakool River","409003","OB3","NSW","Murray Lower Darling","NV4","Native Vegetation","New South Wales Murray"
"3","Murray River - Hume to Yarrawonga","409003","OB3","NSW","Murray Lower Darling","NV4","Native Vegetation","New South Wales Murray"
"4","Upper Wakool River and Yallakool Creek","409003","OB3","NSW","Murray Lower Darling","NV4","Native Vegetation","New South Wales Murray"
"5","Murray River - Yarrawonga to Barmah","409003","OB3","NSW","Murray Lower Darling","NV4","Native Vegetation","New South Wales Murray"
"6","Murray River - Barmah to Barham","409003","OB4","NSW","Murray Lower Darling","NV4","Native Vegetation","New South Wales Murray"
"7","Edward River - Stevens Weir to Wakool River","409003","OB4","NSW","Murray Lower Darling","NV4","Native Vegetation","New South Wales Murray"
"8","Murray River - Hume to Yarrawonga","409003","OB4","NSW","Murray Lower Darling","NV4","Native Vegetation","New South Wales Murray"
"9","Upper Wakool River and Yallakool Creek","409003","OB4","NSW","Murray Lower Darling","NV4","Native Vegetation","New South Wales Murray"
"10","Murray River - Yarrawonga to Barmah","409003","OB4","NSW","Murray Lower Darling","NV4","Native Vegetation","New South Wales Murray"
"11","Murray River - Barmah to Barham","409017","SF2","NSW","Murray Lower Darling","NV4","Native Vegetation","New South Wales Murray"
"12","Edward River - Stevens Weir to Wakool River","409017","SF2","NSW","Murray Lower Darling","NV4","Native Vegetation","New South Wales Murray"
"13","Murray River - Hume to Yarrawonga","409017","SF2","NSW","Murray Lower Darling","NV4","Native Vegetation","New South Wales Murray"
"14","Upper Wakool River and Yallakool Creek","409017","SF2","NSW","Murray Lower Darling","NV4","Native Vegetation","New South Wales Murray"
"15","Murray River - Yarrawonga to Barmah","409017","SF2","NSW","Murray Lower Darling","NV4","Native Vegetation","New South Wales Murray"
"16","Murray River - Barmah to Barham","409017","LF1_P","NSW","Murray Lower Darling","NV4","Native Vegetation","New South Wales Murray"
"17","Edward River - Stevens Weir to Wakool River","409017","LF1_P","NSW","Murray Lower Darling","NV4","Native Vegetation","New South Wales Murray"
"18","Murray River - Hume to Yarrawonga","409017","LF1_P","NSW","Murray Lower Darling","NV4","Native Vegetation","New South Wales Murray"
"19","Upper Wakool River and Yallakool Creek","409017","LF1_P","NSW","Murray Lower Darling","NV4","Native Vegetation","New South Wales Murray"
"20","Murray River - Yarrawonga to Barmah","409017","LF1_P","NSW","Murray Lower Darling","NV4","Native Vegetation","New South Wales Murray"
"21","Murray River - Barmah to Barham","409017","LF1_S","NSW","Murray Lower Darling","NV4","Native Vegetation","New South Wales Murray"
"22","Edward River - Stevens Weir to Wakool River","409017","LF1_S","NSW","Murray Lower Darling","NV4","Native Vegetation","New South Wales Murray"
"23","Murray River - Hume to Yarrawonga","409017","LF1_S","NSW","Murray Lower Darling","NV4","Native Vegetation","New South Wales Murray"
"24","Upper Wakool River and Yallakool Creek","409017","LF1_S","NSW","Murray Lower Darling","NV4","Native Vegetation","New South Wales Murray"
"25","Murray River - Yarrawonga to Barmah","409017","LF1_S","NSW","Murray Lower Darling","NV4","Native Vegetation","New South Wales Murray"
"26","Murray River - Barmah to Barham","409017","LF2","NSW","Murray Lower Darling","NV4","Native Vegetation","New South Wales Murray"
"27","Edward River - Stevens Weir to Wakool River","409017","LF2","NSW","Murray Lower Darling","NV4","Native Vegetation","New South Wales Murray"
"28","Murray River - Hume to Yarrawonga","409017","LF2","NSW","Murray Lower Darling","NV4","Native Vegetation","New South Wales Murray"
"29","Upper Wakool River and Yallakool Creek","409017","LF2","NSW","Murray Lower Darling","NV4","Native Vegetation","New South Wales Murray"
"30","Murray River - Yarrawonga to Barmah","409017","LF2","NSW","Murray Lower Darling","NV4","Native Vegetation","New South Wales Murray"
"31","Murray River - Barmah to Barham","409017","LF3","NSW","Murray Lower Darling","NV4","Native Vegetation","New South Wales Murray"
"32","Edward River - Stevens Weir to Wakool River","409017","LF3","NSW","Murray Lower Darling","NV4","Native Vegetation","New South Wales Murray"
"33","Murray River - Hume to Yarrawonga","409017","LF3","NSW","Murray Lower Darling","NV4","Native Vegetation","New South Wales Murray"
"34","Upper Wakool River and Yallakool Creek","409017","LF3","NSW","Murray Lower Darling","NV4","Native Vegetation","New South Wales Murray"
"35","Murray River - Yarrawonga to Barmah","409017","LF3","NSW","Murray Lower Darling","NV4","Native Vegetation","New South Wales Murray"
"36","Murray River - Barmah to Barham","409017","BK1_S","NSW","Murray Lower Darling","NV4","Native Vegetation","New South Wales Murray"
"37","Edward River - Stevens Weir to Wakool River","409017","BK1_S","NSW","Murray Lower Darling","NV4","Native Vegetation","New South Wales Murray"
"38","Murray River - Hume to Yarrawonga","409017","BK1_S","NSW","Murray Lower Darling","NV4","Native Vegetation","New South Wales Murray"
"39","Upper Wakool River and Yallakool Creek","409017","BK1_S","NSW","Murray Lower Darling","NV4","Native Vegetation","New South Wales Murray"
"40","Murray River - Yarrawonga to Barmah","409017","BK1_S","NSW","Murray Lower Darling","NV4","Native Vegetation","New South Wales Murray"
"41","Murray River - Barmah to Barham","409017","BK1_P","NSW","Murray Lower Darling","NV4","Native Vegetation","New South Wales Murray"
"42","Edward River - Stevens Weir to Wakool River","409017","BK1_P","NSW","Murray Lower Darling","NV4","Native Vegetation","New South Wales Murray"
"43","Murray River - Hume to Yarrawonga","409017","BK1_P","NSW","Murray Lower Darling","NV4","Native Vegetation","New South Wales Murray"
"44","Upper Wakool River and Yallakool Creek","409017","BK1_P","NSW","Murray Lower Darling","NV4","Native Vegetation","New South Wales Murray"
"45","Murray River - Yarrawonga to Barmah","409017","BK1_P","NSW","Murray Lower Darling","NV4","Native Vegetation","New South Wales Murray"
"46","Murray River - Barmah to Barham","409017","OB1_S","NSW","Murray Lower Darling","NV4","Native Vegetation","New South Wales Murray"
"47","Edward River - Stevens Weir to Wakool River","409017","OB1_S","NSW","Murray Lower Darling","NV4","Native Vegetation","New South Wales Murray"
"48","Murray River - Hume to Yarrawonga","409017","OB1_S","NSW","Murray Lower Darling","NV4","Native Vegetation","New South Wales Murray"
"49","Upper Wakool River and Yallakool Creek","409017","OB1_S","NSW","Murray Lower Darling","NV4","Native Vegetation","New South Wales Murray"
"50","Murray River - Yarrawonga to Barmah","409017","OB1_S","NSW","Murray Lower Darling","NV4","Native Vegetation","New South Wales Murray"
"51","Murray River - Barmah to Barham","409017","OB1_P","NSW","Murray Lower Darling","NV4","Native Vegetation","New South Wales Murray"
"52","Edward River - Stevens Weir to Wakool River","409017","OB1_P","NSW","Murray Lower Darling","NV4","Native Vegetation","New South Wales Murray"
"53","Murray River - Hume to Yarrawonga","409017","OB1_P","NSW","Murray Lower Darling","NV4","Native Vegetation","New South Wales Murray"
"54","Upper Wakool River and Yallakool Creek","409017","OB1_P","NSW","Murray Lower Darling","NV4","Native Vegetation","New South Wales Murray"
"55","Murray River - Yarrawonga to Barmah","409017","OB1_P","NSW","Murray Lower Darling","NV4","Native Vegetation","New South Wales Murray"
"56","Murray River - Barmah to Barham","409017","OB2_S","NSW","Murray Lower Darling","NV4","Native Vegetation","New South Wales Murray"
"57","Edward River - Stevens Weir to Wakool River","409017","OB2_S","NSW","Murray Lower Darling","NV4","Native Vegetation","New South Wales Murray"
"58","Murray River - Hume to Yarrawonga","409017","OB2_S","NSW","Murray Lower Darling","NV4","Native Vegetation","New South Wales Murray"
"59","Upper Wakool River and Yallakool Creek","409017","OB2_S","NSW","Murray Lower Darling","NV4","Native Vegetation","New South Wales Murray"
"60","Murray River - Yarrawonga to Barmah","409017","OB2_S","NSW","Murray Lower Darling","NV4","Native Vegetation","New South Wales Murray"
"61","Murray River - Barmah to Barham","409017","OB2_P","NSW","Murray Lower Darling","NV4","Native Vegetation","New South Wales Murray"
"62","Edward River - Stevens Weir to Wakool River","409017","OB2_P","NSW","Murray Lower Darling","NV4","Native Vegetation","New South Wales Murray"
"63","Murray River - Hume to Yarrawonga","409017","OB2_P","NSW","Murray Lower Darling","NV4","Native Vegetation","New South Wales Murray"
"64","Upper Wakool River and Yallakool Creek","409017","OB2_P","NSW","Murray Lower Darling","NV4","Native Vegetation","New South Wales Murray"
"65","Murray River - Yarrawonga to Barmah","409017","OB2_P","NSW","Murray Lower Darling","NV4","Native Vegetation","New South Wales Murray"
"66","Murray River - Barmah to Barham","409017","OB3_P","NSW","Murray Lower Darling","NV4","Native Vegetation","New South Wales Murray"
"67","Edward River - Stevens Weir to Wakool River","409017","OB3_P","NSW","Murray Lower Darling","NV4","Native Vegetation","New South Wales Murray"
"68","Murray River - Hume to Yarrawonga","409017","OB3_P","NSW","Murray Lower Darling","NV4","Native Vegetation","New South Wales Murray"
"69","Upper Wakool River and Yallakool Creek","409017","OB3_P","NSW","Murray Lower Darling","NV4","Native Vegetation","New South Wales Murray"
"70","Murray River - Yarrawonga to Barmah","409017","OB3_P","NSW","Murray Lower Darling","NV4","Native Vegetation","New South Wales Murray"
"71","Murray River - Barmah to Barham","409017","OB3_S","NSW","Murray Lower Darling","NV4","Native Vegetation","New South Wales Murray"
"72","Edward River - Stevens Weir to Wakool River","409017","OB3_S","NSW","Murray Lower Darling","NV4","Native Vegetation","New South Wales Murray"
"73","Murray River - Hume to Yarrawonga","409017","OB3_S","NSW","Murray Lower Darling","NV4","Native Vegetation","New South Wales Murray"
"74","Upper Wakool River and Yallakool Creek","409017","OB3_S","NSW","Murray Lower Darling","NV4","Native Vegetation","New South Wales Murray"
"75","Murray River - Yarrawonga to Barmah","409017","OB3_S","NSW","Murray Lower Darling","NV4","Native Vegetation","New South Wales Murray"
"76","Murray River - Barmah to Barham","409017","OB4","NSW","Murray Lower Darling","NV4","Native Vegetation","New South Wales Murray"
"77","Edward River - Stevens Weir to Wakool River","409017","OB4","NSW","Murray Lower Darling","NV4","Native Vegetation","New South Wales Murray"
"78","Murray River - Hume to Yarrawonga","409017","OB4","NSW","Murray Lower Darling","NV4","Native Vegetation","New South Wales Murray"
"79","Upper Wakool River and Yallakool Creek","409017","OB4","NSW","Murray Lower Darling","NV4","Native Vegetation","New South Wales Murray"
"80","Murray River - Yarrawonga to Barmah","409017","OB4","NSW","Murray Lower Darling","NV4","Native Vegetation","New South Wales Murray"
"81","Murray River - Barmah to Barham","409019","SF2","NSW","Murray Lower Darling","NV4","Native Vegetation","New South Wales Murray"
"82","Edward River - Stevens Weir to Wakool River","409019","SF2","NSW","Murray Lower Darling","NV4","Native Vegetation","New South Wales Murray"
"83","Murray River - Hume to Yarrawonga","409019","SF2","NSW","Murray Lower Darling","NV4","Native Vegetation","New South Wales Murray"
"84","Upper Wakool River and Yallakool Creek","409019","SF2","NSW","Murray Lower Darling","NV4","Native Vegetation","New South Wales Murray"
"85","Murray River - Yarrawonga to Barmah","409019","SF2","NSW","Murray Lower Darling","NV4","Native Vegetation","New South Wales Murray"
"86","Murray River - Barmah to Barham","409019","LF1_P","NSW","Murray Lower Darling","NV4","Native Vegetation","New South Wales Murray"
"87","Edward River - Stevens Weir to Wakool River","409019","LF1_P","NSW","Murray Lower Darling","NV4","Native Vegetation","New South Wales Murray"
"88","Murray River - Hume to Yarrawonga","409019","LF1_P","NSW","Murray Lower Darling","NV4","Native Vegetation","New South Wales Murray"
"89","Upper Wakool River and Yallakool Creek","409019","LF1_P","NSW","Murray Lower Darling","NV4","Native Vegetation","New South Wales Murray"
"90","Murray River - Yarrawonga to Barmah","409019","LF1_P","NSW","Murray Lower Darling","NV4","Native Vegetation","New South Wales Murray"
"91","Murray River - Barmah to Barham","409019","LF1_S","NSW","Murray Lower Darling","NV4","Native Vegetation","New South Wales Murray"
"92","Edward River - Stevens Weir to Wakool River","409019","LF1_S","NSW","Murray Lower Darling","NV4","Native Vegetation","New South Wales Murray"
"93","Murray River - Hume to Yarrawonga","409019","LF1_S","NSW","Murray Lower Darling","NV4","Native Vegetation","New South Wales Murray"
"94","Upper Wakool River and Yallakool Creek","409019","LF1_S","NSW","Murray Lower Darling","NV4","Native Vegetation","New South Wales Murray"
"95","Murray River - Yarrawonga to Barmah","409019","LF1_S","NSW","Murray Lower Darling","NV4","Native Vegetation","New South Wales Murray"
"96","Murray River - Barmah to Barham","409019","LF2","NSW","Murray Lower Darling","NV4","Native Vegetation","New South Wales Murray"
"97","Edward River - Stevens Weir to Wakool River","409019","LF2","NSW","Murray Lower Darling","NV4","Native Vegetation","New South Wales Murray"
"98","Murray River - Hume to Yarrawonga","409019","LF2","NSW","Murray Lower Darling","NV4","Native Vegetation","New South Wales Murray"
"99","Upper Wakool River and Yallakool Creek","409019","LF2","NSW","Murray Lower Darling","NV4","Native Vegetation","New South Wales Murray"
"100","Murray River - Yarrawonga to Barmah","409019","LF2","NSW","Murray Lower Darling","NV4","Native Vegetation","New South Wales Murray"
"101","Murray River - Barmah to Barham","409019","BK1_S","NSW","Murray Lower Darling","NV4","Native Vegetation","New South Wales Murray"
"102","Edward River - Stevens Weir to Wakool River","409019","BK1_S","NSW","Murray Lower Darling","NV4","Native Vegetation","New South Wales Murray"
"103","Murray River - Hume to Yarrawonga","409019","BK1_S","NSW","Murray Lower Darling","NV4","Native Vegetation","New South Wales Murray"
"104","Upper Wakool River and Yallakool Creek","409019","BK1_S","NSW","Murray Lower Darling","NV4","Native Vegetation","New South Wales Murray"
"105","Murray River - Yarrawonga to Barmah","409019","BK1_S","NSW","Murray Lower Darling","NV4","Native Vegetation","New South Wales Murray"
"106","Murray River - Barmah to Barham","409019","BK1_P","NSW","Murray Lower Darling","NV4","Native Vegetation","New South Wales Murray"
"107","Edward River - Stevens Weir to Wakool River","409019","BK1_P","NSW","Murray Lower Darling","NV4","Native Vegetation","New South Wales Murray"
"108","Murray River - Hume to Yarrawonga","409019","BK1_P","NSW","Murray Lower Darling","NV4","Native Vegetation","New South Wales Murray"
"109","Upper Wakool River and Yallakool Creek","409019","BK1_P","NSW","Murray Lower Darling","NV4","Native Vegetation","New South Wales Murray"
"110","Murray River - Yarrawonga to Barmah","409019","BK1_P","NSW","Murray Lower Darling","NV4","Native Vegetation","New South Wales Murray"
"111","Murray River - Barmah to Barham","409019","OB1_S","NSW","Murray Lower Darling","NV4","Native Vegetation","New South Wales Murray"
"112","Edward River - Stevens Weir to Wakool River","409019","OB1_S","NSW","Murray Lower Darling","NV4","Native Vegetation","New South Wales Murray"
"113","Murray River - Hume to Yarrawonga","409019","OB1_S","NSW","Murray Lower Darling","NV4","Native Vegetation","New South Wales Murray"
"114","Upper Wakool River and Yallakool Creek","409019","OB1_S","NSW","Murray Lower Darling","NV4","Native Vegetation","New South Wales Murray"
"115","Murray River - Yarrawonga to Barmah","409019","OB1_S","NSW","Murray Lower Darling","NV4","Native Vegetation","New South Wales Murray"
"116","Murray River - Barmah to Barham","409019","OB1_P","NSW","Murray Lower Darling","NV4","Native Vegetation","New South Wales Murray"
"117","Edward River - Stevens Weir to Wakool River","409019","OB1_P","NSW","Murray Lower Darling","NV4","Native Vegetation","New South Wales Murray"
"118","Murray River - Hume to Yarrawonga","409019","OB1_P","NSW","Murray Lower Darling","NV4","Native Vegetation","New South Wales Murray"
"119","Upper Wakool River and Yallakool Creek","409019","OB1_P","NSW","Murray Lower Darling","NV4","Native Vegetation","New South Wales Murray"
"120","Murray River - Yarrawonga to Barmah","409019","OB1_P","NSW","Murray Lower Darling","NV4","Native Vegetation","New South Wales Murray"
"121","Murray River - Barmah to Barham","409019","OB2","NSW","Murray Lower Darling","NV4","Native Vegetation","New South Wales Murray"
"122","Edward River - Stevens Weir to Wakool River","409019","OB2","NSW","Murray Lower Darling","NV4","Native Vegetation","New South Wales Murray"
"123","Murray River - Hume to Yarrawonga","409019","OB2","NSW","Murray Lower Darling","NV4","Native Vegetation","New South Wales Murray"
"124","Upper Wakool River and Yallakool Creek","409019","OB2","NSW","Murray Lower Darling","NV4","Native Vegetation","New South Wales Murray"
"125","Murray River - Yarrawonga to Barmah","409019","OB2","NSW","Murray Lower Darling","NV4","Native Vegetation","New South Wales Murray"
"126","Murray River - Barmah to Barham","409019","OB3","NSW","Murray Lower Darling","NV4","Native Vegetation","New South Wales Murray"
"127","Edward River - Stevens Weir to Wakool River","409019","OB3","NSW","Murray Lower Darling","NV4","Native Vegetation","New South Wales Murray"
"128","Murray River - Hume to Yarrawonga","409019","OB3","NSW","Murray Lower Darling","NV4","Native Vegetation","New South Wales Murray"
"129","Upper Wakool River and Yallakool Creek","409019","OB3","NSW","Murray Lower Darling","NV4","Native Vegetation","New South Wales Murray"
"130","Murray River - Yarrawonga to Barmah","409019","OB3","NSW","Murray Lower Darling","NV4","Native Vegetation","New South Wales Murray"
"131","Murray River - Barmah to Barham","409019","OB4","NSW","Murray Lower Darling","NV4","Native Vegetation","New South Wales Murray"
"132","Edward River - Stevens Weir to Wakool River","409019","OB4","NSW","Murray Lower Darling","NV4","Native Vegetation","New South Wales Murray"
"133","Murray River - Hume to Yarrawonga","409019","OB4","NSW","Murray Lower Darling","NV4","Native Vegetation","New South Wales Murray"
"134","Upper Wakool River and Yallakool Creek","409019","OB4","NSW","Murray Lower Darling","NV4","Native Vegetation","New South Wales Murray"
"135","Murray River - Yarrawonga to Barmah","409019","OB4","NSW","Murray Lower Darling","NV4","Native Vegetation","New South Wales Murray"
"136","Murray River - Barmah to Barham","409020","SF2","NSW","Murray Lower Darling","NV4","Native Vegetation","New South Wales Murray"
"137","Edward River - Stevens Weir to Wakool River","409020","SF2","NSW","Murray Lower Darling","NV4","Native Vegetation","New South Wales Murray"
"138","Murray River - Hume to Yarrawonga","409020","SF2","NSW","Murray Lower Darling","NV4","Native Vegetation","New South Wales Murray"
"139","Upper Wakool River and Yallakool Creek","409020","SF2","NSW","Murray Lower Darling","NV4","Native Vegetation","New South Wales Murray"
"140","Murray River - Yarrawonga to Barmah","409020","SF2","NSW","Murray Lower Darling","NV4","Native Vegetation","New South Wales Murray"
"141","Murray River - Barmah to Barham","409020","LF1_P","NSW","Murray Lower Darling","NV4","Native Vegetation","New South Wales Murray"
"142","Edward River - Stevens Weir to Wakool River","409020","LF1_P","NSW","Murray Lower Darling","NV4","Native Vegetation","New South Wales Murray"
"143","Murray River - Hume to Yarrawonga","409020","LF1_P","NSW","Murray Lower Darling","NV4","Native Vegetation","New South Wales Murray"
"144","Upper Wakool River and Yallakool Creek","409020","LF1_P","NSW","Murray Lower Darling","NV4","Native Vegetation","New South Wales Murray"
"145","Murray River - Yarrawonga to Barmah","409020","LF1_P","NSW","Murray Lower Darling","NV4","Native Vegetation","New South Wales Murray"
"146","Murray River - Barmah to Barham","409020","LF1_S","NSW","Murray Lower Darling","NV4","Native Vegetation","New South Wales Murray"
"147","Edward River - Stevens Weir to Wakool River","409020","LF1_S","NSW","Murray Lower Darling","NV4","Native Vegetation","New South Wales Murray"
"148","Murray River - Hume to Yarrawonga","409020","LF1_S","NSW","Murray Lower Darling","NV4","Native Vegetation","New South Wales Murray"
"149","Upper Wakool River and Yallakool Creek","409020","LF1_S","NSW","Murray Lower Darling","NV4","Native Vegetation","New South Wales Murray"
"150","Murray River - Yarrawonga to Barmah","409020","LF1_S","NSW","Murray Lower Darling","NV4","Native Vegetation","New South Wales Murray"
"151","Murray River - Barmah to Barham","409020","LF2","NSW","Murray Lower Darling","NV4","Native Vegetation","New South Wales Murray"
"152","Edward River - Stevens Weir to Wakool River","409020","LF2","NSW","Murray Lower Darling","NV4","Native Vegetation","New South Wales Murray"
"153","Murray River - Hume to Yarrawonga","409020","LF2","NSW","Murray Lower Darling","NV4","Native Vegetation","New South Wales Murray"
"154","Upper Wakool River and Yallakool Creek","409020","LF2","NSW","Murray Lower Darling","NV4","Native Vegetation","New South Wales Murray"
"155","Murray River - Yarrawonga to Barmah","409020","LF2","NSW","Murray Lower Darling","NV4","Native Vegetation","New South Wales Murray"
"156","Murray River - Barmah to Barham","409020","BK1_S","NSW","Murray Lower Darling","NV4","Native Vegetation","New South Wales Murray"
"157","Edward River - Stevens Weir to Wakool River","409020","BK1_S","NSW","Murray Lower Darling","NV4","Native Vegetation","New South Wales Murray"
"158","Murray River - Hume to Yarrawonga","409020","BK1_S","NSW","Murray Lower Darling","NV4","Native Vegetation","New South Wales Murray"
"159","Upper Wakool River and Yallakool Creek","409020","BK1_S","NSW","Murray Lower Darling","NV4","Native Vegetation","New South Wales Murray"
"160","Murray River - Yarrawonga to Barmah","409020","BK1_S","NSW","Murray Lower Darling","NV4","Native Vegetation","New South Wales Murray"
"161","Murray River - Barmah to Barham","409020","BK1_P","NSW","Murray Lower Darling","NV4","Native Vegetation","New South Wales Murray"
"162","Edward River - Stevens Weir to Wakool River","409020","BK1_P","NSW","Murray Lower Darling","NV4","Native Vegetation","New South Wales Murray"
"163","Murray River - Hume to Yarrawonga","409020","BK1_P","NSW","Murray Lower Darling","NV4","Native Vegetation","New South Wales Murray"
"164","Upper Wakool River and Yallakool Creek","409020","BK1_P","NSW","Murray Lower Darling","NV4","Native Vegetation","New South Wales Murray"
"165","Murray River - Yarrawonga to Barmah","409020","BK1_P","NSW","Murray Lower Darling","NV4","Native Vegetation","New South Wales Murray"
"166","Murray River - Barmah to Barham","409020","OB1_S","NSW","Murray Lower Darling","NV4","Native Vegetation","New South Wales Murray"
"167","Edward River - Stevens Weir to Wakool River","409020","OB1_S","NSW","Murray Lower Darling","NV4","Native Vegetation","New South Wales Murray"
"168","Murray River - Hume to Yarrawonga","409020","OB1_S","NSW","Murray Lower Darling","NV4","Native Vegetation","New South Wales Murray"
"169","Upper Wakool River and Yallakool Creek","409020","OB1_S","NSW","Murray Lower Darling","NV4","Native Vegetation","New South Wales Murray"
"170","Murray River - Yarrawonga to Barmah","409020","OB1_S","NSW","Murray Lower Darling","NV4","Native Vegetation","New South Wales Murray"
"171","Murray River - Barmah to Barham","409020","OB1_P","NSW","Murray Lower Darling","NV4","Native Vegetation","New South Wales Murray"
"172","Edward River - Stevens Weir to Wakool River","409020","OB1_P","NSW","Murray Lower Darling","NV4","Native Vegetation","New South Wales Murray"
"173","Murray River - Hume to Yarrawonga","409020","OB1_P","NSW","Murray Lower Darling","NV4","Native Vegetation","New South Wales Murray"
"174","Upper Wakool River and Yallakool Creek","409020","OB1_P","NSW","Murray Lower Darling","NV4","Native Vegetation","New South Wales Murray"
"175","Murray River - Yarrawonga to Barmah","409020","OB1_P","NSW","Murray Lower Darling","NV4","Native Vegetation","New South Wales Murray"
"176","Murray River - Barmah to Barham","409020","OB2","NSW","Murray Lower Darling","NV4","Native Vegetation","New South Wales Murray"
"177","Edward River - Stevens Weir to Wakool River","409020","OB2","NSW","Murray Lower Darling","NV4","Native Vegetation","New South Wales Murray"
"178","Murray River - Hume to Yarrawonga","409020","OB2","NSW","Murray Lower Darling","NV4","Native Vegetation","New South Wales Murray"
"179","Upper Wakool River and Yallakool Creek","409020","OB2","NSW","Murray Lower Darling","NV4","Native Vegetation","New South Wales Murray"
"180","Murray River - Yarrawonga to Barmah","409020","OB2","NSW","Murray Lower Darling","NV4","Native Vegetation","New South Wales Murray"
"181","Murray River - Barmah to Barham","409020","OB3","NSW","Murray Lower Darling","NV4","Native Vegetation","New South Wales Murray"
"182","Edward River - Stevens Weir to Wakool River","409020","OB3","NSW","Murray Lower Darling","NV4","Native Vegetation","New South Wales Murray"
"183","Murray River - Hume to Yarrawonga","409020","OB3","NSW","Murray Lower Darling","NV4","Native Vegetation","New South Wales Murray"
"184","Upper Wakool River and Yallakool Creek","409020","OB3","NSW","Murray Lower Darling","NV4","Native Vegetation","New South Wales Murray"
"185","Murray River - Yarrawonga to Barmah","409020","OB3","NSW","Murray Lower Darling","NV4","Native Vegetation","New South Wales Murray"
"186","Murray River - Barmah to Barham","409020","OB4","NSW","Murray Lower Darling","NV4","Native Vegetation","New South Wales Murray"
"187","Edward River - Stevens Weir to Wakool River","409020","OB4","NSW","Murray Lower Darling","NV4","Native Vegetation","New South Wales Murray"
"188","Murray River - Hume to Yarrawonga","409020","OB4","NSW","Murray Lower Darling","NV4","Native Vegetation","New South Wales Murray"
"189","Upper Wakool River and Yallakool Creek","409020","OB4","NSW","Murray Lower Darling","NV4","Native Vegetation","New South Wales Murray"
"190","Murray River - Yarrawonga to Barmah","409020","OB4","NSW","Murray Lower Darling","NV4","Native Vegetation","New South Wales Murray"
"191","Murray River - Barmah to Barham","409023","SF2","NSW","Murray Lower Darling","NV4","Native Vegetation","New South Wales Murray"
"192","Edward River - Stevens Weir to Wakool River","409023","SF2","NSW","Murray Lower Darling","NV4","Native Vegetation","New South Wales Murray"
"193","Murray River - Hume to Yarrawonga","409023","SF2","NSW","Murray Lower Darling","NV4","Native Vegetation","New South Wales Murray"
"194","Upper Wakool River and Yallakool Creek","409023","SF2","NSW","Murray Lower Darling","NV4","Native Vegetation","New South Wales Murray"
"195","Murray River - Yarrawonga to Barmah","409023","SF2","NSW","Murray Lower Darling","NV4","Native Vegetation","New South Wales Murray"
"196","Murray River - Barmah to Barham","409023","LF1_P","NSW","Murray Lower Darling","NV4","Native Vegetation","New South Wales Murray"
"197","Edward River - Stevens Weir to Wakool River","409023","LF1_P","NSW","Murray Lower Darling","NV4","Native Vegetation","New South Wales Murray"
"198","Murray River - Hume to Yarrawonga","409023","LF1_P","NSW","Murray Lower Darling","NV4","Native Vegetation","New South Wales Murray"
"199","Upper Wakool River and Yallakool Creek","409023","LF1_P","NSW","Murray Lower Darling","NV4","Native Vegetation","New South Wales Murray"
"200","Murray River - Yarrawonga to Barmah","409023","LF1_P","NSW","Murray Lower Darling","NV4","Native Vegetation","New South Wales Murray"
"201","Murray River - Barmah to Barham","409023","LF1_S","NSW","Murray Lower Darling","NV4","Native Vegetation","New South Wales Murray"
"202","Edward River - Stevens Weir to Wakool River","409023","LF1_S","NSW","Murray Lower Darling","NV4","Native Vegetation","New South Wales Murray"
"203","Murray River - Hume to Yarrawonga","409023","LF1_S","NSW","Murray Lower Darling","NV4","Native Vegetation","New South Wales Murray"
"204","Upper Wakool River and Yallakool Creek","409023","LF1_S","NSW","Murray Lower Darling","NV4","Native Vegetation","New South Wales Murray"
"205","Murray River - Yarrawonga to Barmah","409023","LF1_S","NSW","Murray Lower Darling","NV4","Native Vegetation","New South Wales Murray"
"206","Murray River - Barmah to Barham","409023","LF2","NSW","Murray Lower Darling","NV4","Native Vegetation","New South Wales Murray"
"207","Edward River - Stevens Weir to Wakool River","409023","LF2","NSW","Murray Lower Darling","NV4","Native Vegetation","New South Wales Murray"
"208","Murray River - Hume to Yarrawonga","409023","LF2","NSW","Murray Lower Darling","NV4","Native Vegetation","New South Wales Murray"
"209","Upper Wakool River and Yallakool Creek","409023","LF2","NSW","Murray Lower Darling","NV4","Native Vegetation","New South Wales Murray"
"210","Murray River - Yarrawonga to Barmah","409023","LF2","NSW","Murray Lower Darling","NV4","Native Vegetation","New South Wales Murray"
"211","Murray River - Barmah to Barham","409023","LF3_S","NSW","Murray Lower Darling","NV4","Native Vegetation","New South Wales Murray"
"212","Edward River - Stevens Weir to Wakool River","409023","LF3_S","NSW","Murray Lower Darling","NV4","Native Vegetation","New South Wales Murray"
"213","Murray River - Hume to Yarrawonga","409023","LF3_S","NSW","Murray Lower Darling","NV4","Native Vegetation","New South Wales Murray"
"214","Upper Wakool River and Yallakool Creek","409023","LF3_S","NSW","Murray Lower Darling","NV4","Native Vegetation","New South Wales Murray"
"215","Murray River - Yarrawonga to Barmah","409023","LF3_S","NSW","Murray Lower Darling","NV4","Native Vegetation","New South Wales Murray"
"216","Murray River - Barmah to Barham","409023","LF3_P","NSW","Murray Lower Darling","NV4","Native Vegetation","New South Wales Murray"
"217","Edward River - Stevens Weir to Wakool River","409023","LF3_P","NSW","Murray Lower Darling","NV4","Native Vegetation","New South Wales Murray"
"218","Murray River - Hume to Yarrawonga","409023","LF3_P","NSW","Murray Lower Darling","NV4","Native Vegetation","New South Wales Murray"
"219","Upper Wakool River and Yallakool Creek","409023","LF3_P","NSW","Murray Lower Darling","NV4","Native Vegetation","New South Wales Murray"
"220","Murray River - Yarrawonga to Barmah","409023","LF3_P","NSW","Murray Lower Darling","NV4","Native Vegetation","New South Wales Murray"
"221","Murray River - Barmah to Barham","409023","LF4_S","NSW","Murray Lower Darling","NV4","Native Vegetation","New South Wales Murray"
"222","Edward River - Stevens Weir to Wakool River","409023","LF4_S","NSW","Murray Lower Darling","NV4","Native Vegetation","New South Wales Murray"
"223","Murray River - Hume to Yarrawonga","409023","LF4_S","NSW","Murray Lower Darling","NV4","Native Vegetation","New South Wales Murray"
"224","Upper Wakool River and Yallakool Creek","409023","LF4_S","NSW","Murray Lower Darling","NV4","Native Vegetation","New South Wales Murray"
"225","Murray River - Yarrawonga to Barmah","409023","LF4_S","NSW","Murray Lower Darling","NV4","Native Vegetation","New South Wales Murray"
"226","Murray River - Barmah to Barham","409023","LF4_P","NSW","Murray Lower Darling","NV4","Native Vegetation","New South Wales Murray"
"227","Edward River - Stevens Weir to Wakool River","409023","LF4_P","NSW","Murray Lower Darling","NV4","Native Vegetation","New South Wales Murray"
"228","Murray River - Hume to Yarrawonga","409023","LF4_P","NSW","Murray Lower Darling","NV4","Native Vegetation","New South Wales Murray"
"229","Upper Wakool River and Yallakool Creek","409023","LF4_P","NSW","Murray Lower Darling","NV4","Native Vegetation","New South Wales Murray"
"230","Murray River - Yarrawonga to Barmah","409023","LF4_P","NSW","Murray Lower Darling","NV4","Native Vegetation","New South Wales Murray"
"231","Murray River - Barmah to Barham","409023","BK1_S","NSW","Murray Lower Darling","NV4","Native Vegetation","New South Wales Murray"
"232","Edward River - Stevens Weir to Wakool River","409023","BK1_S","NSW","Murray Lower Darling","NV4","Native Vegetation","New South Wales Murray"
"233","Murray River - Hume to Yarrawonga","409023","BK1_S","NSW","Murray Lower Darling","NV4","Native Vegetation","New South Wales Murray"
"234","Upper Wakool River and Yallakool Creek","409023","BK1_S","NSW","Murray Lower Darling","NV4","Native Vegetation","New South Wales Murray"
"235","Murray River - Yarrawonga to Barmah","409023","BK1_S","NSW","Murray Lower Darling","NV4","Native Vegetation","New South Wales Murray"
"236","Murray River - Barmah to Barham","409023","BK1_P","NSW","Murray Lower Darling","NV4","Native Vegetation","New South Wales Murray"
"237","Edward River - Stevens Weir to Wakool River","409023","BK1_P","NSW","Murray Lower Darling","NV4","Native Vegetation","New South Wales Murray"
"238","Murray River - Hume to Yarrawonga","409023","BK1_P","NSW","Murray Lower Darling","NV4","Native Vegetation","New South Wales Murray"
"239","Upper Wakool River and Yallakool Creek","409023","BK1_P","NSW","Murray Lower Darling","NV4","Native Vegetation","New South Wales Murray"
"240","Murray River - Yarrawonga to Barmah","409023","BK1_P","NSW","Murray Lower Darling","NV4","Native Vegetation","New South Wales Murray"
"241","Murray River - Barmah to Barham","409023","OB1_S","NSW","Murray Lower Darling","NV4","Native Vegetation","New South Wales Murray"
"242","Edward River - Stevens Weir to Wakool River","409023","OB1_S","NSW","Murray Lower Darling","NV4","Native Vegetation","New South Wales Murray"
"243","Murray River - Hume to Yarrawonga","409023","OB1_S","NSW","Murray Lower Darling","NV4","Native Vegetation","New South Wales Murray"
"244","Upper Wakool River and Yallakool Creek","409023","OB1_S","NSW","Murray Lower Darling","NV4","Native Vegetation","New South Wales Murray"
"245","Murray River - Yarrawonga to Barmah","409023","OB1_S","NSW","Murray Lower Darling","NV4","Native Vegetation","New South Wales Murray"
"246","Murray River - Barmah to Barham","409023","OB1_P","NSW","Murray Lower Darling","NV4","Native Vegetation","New South Wales Murray"
"247","Edward River - Stevens Weir to Wakool River","409023","OB1_P","NSW","Murray Lower Darling","NV4","Native Vegetation","New South Wales Murray"
"248","Murray River - Hume to Yarrawonga","409023","OB1_P","NSW","Murray Lower Darling","NV4","Native Vegetation","New South Wales Murray"
"249","Upper Wakool River and Yallakool Creek","409023","OB1_P","NSW","Murray Lower Darling","NV4","Native Vegetation","New South Wales Murray"
"250","Murray River - Yarrawonga to Barmah","409023","OB1_P","NSW","Murray Lower Darling","NV4","Native Vegetation","New South Wales Murray"
"251","Murray River - Barmah to Barham","409023","OB2_S","NSW","Murray Lower Darling","NV4","Native Vegetation","New South Wales Murray"
"252","Edward River - Stevens Weir to Wakool River","409023","OB2_S","NSW","Murray Lower Darling","NV4","Native Vegetation","New South Wales Murray"
"253","Murray River - Hume to Yarrawonga","409023","OB2_S","NSW","Murray Lower Darling","NV4","Native Vegetation","New South Wales Murray"
"254","Upper Wakool River and Yallakool Creek","409023","OB2_S","NSW","Murray Lower Darling","NV4","Native Vegetation","New South Wales Murray"
"255","Murray River - Yarrawonga to Barmah","409023","OB2_S","NSW","Murray Lower Darling","NV4","Native Vegetation","New South Wales Murray"
"256","Murray River - Barmah to Barham","409023","OB2_P","NSW","Murray Lower Darling","NV4","Native Vegetation","New South Wales Murray"
"257","Edward River - Stevens Weir to Wakool River","409023","OB2_P","NSW","Murray Lower Darling","NV4","Native Vegetation","New South Wales Murray"
"258","Murray River - Hume to Yarrawonga","409023","OB2_P","NSW","Murray Lower Darling","NV4","Native Vegetation","New South Wales Murray"
"259","Upper Wakool River and Yallakool Creek","409023","OB2_P","NSW","Murray Lower Darling","NV4","Native Vegetation","New South Wales Murray"
"260","Murray River - Yarrawonga to Barmah","409023","OB2_P","NSW","Murray Lower Darling","NV4","Native Vegetation","New South Wales Murray"
"261","Murray River - Barmah to Barham","409024","SF2","NSW","Murray Lower Darling","NV4","Native Vegetation","New South Wales Murray"
"262","Edward River - Stevens Weir to Wakool River","409024","SF2","NSW","Murray Lower Darling","NV4","Native Vegetation","New South Wales Murray"
"263","Murray River - Hume to Yarrawonga","409024","SF2","NSW","Murray Lower Darling","NV4","Native Vegetation","New South Wales Murray"
"264","Upper Wakool River and Yallakool Creek","409024","SF2","NSW","Murray Lower Darling","NV4","Native Vegetation","New South Wales Murray"
"265","Murray River - Yarrawonga to Barmah","409024","SF2","NSW","Murray Lower Darling","NV4","Native Vegetation","New South Wales Murray"
"266","Murray River - Barmah to Barham","409024","LF1_P","NSW","Murray Lower Darling","NV4","Native Vegetation","New South Wales Murray"
"267","Edward River - Stevens Weir to Wakool River","409024","LF1_P","NSW","Murray Lower Darling","NV4","Native Vegetation","New South Wales Murray"
"268","Murray River - Hume to Yarrawonga","409024","LF1_P","NSW","Murray Lower Darling","NV4","Native Vegetation","New South Wales Murray"
"269","Upper Wakool River and Yallakool Creek","409024","LF1_P","NSW","Murray Lower Darling","NV4","Native Vegetation","New South Wales Murray"
"270","Murray River - Yarrawonga to Barmah","409024","LF1_P","NSW","Murray Lower Darling","NV4","Native Vegetation","New South Wales Murray"
"271","Murray River - Barmah to Barham","409024","LF1_S","NSW","Murray Lower Darling","NV4","Native Vegetation","New South Wales Murray"
"272","Edward River - Stevens Weir to Wakool River","409024","LF1_S","NSW","Murray Lower Darling","NV4","Native Vegetation","New South Wales Murray"
"273","Murray River - Hume to Yarrawonga","409024","LF1_S","NSW","Murray Lower Darling","NV4","Native Vegetation","New South Wales Murray"
"274","Upper Wakool River and Yallakool Creek","409024","LF1_S","NSW","Murray Lower Darling","NV4","Native Vegetation","New South Wales Murray"
"275","Murray River - Yarrawonga to Barmah","409024","LF1_S","NSW","Murray Lower Darling","NV4","Native Vegetation","New South Wales Murray"
"276","Murray River - Barmah to Barham","409024","LF2","NSW","Murray Lower Darling","NV4","Native Vegetation","New South Wales Murray"
"277","Edward River - Stevens Weir to Wakool River","409024","LF2","NSW","Murray Lower Darling","NV4","Native Vegetation","New South Wales Murray"
"278","Murray River - Hume to Yarrawonga","409024","LF2","NSW","Murray Lower Darling","NV4","Native Vegetation","New South Wales Murray"
"279","Upper Wakool River and Yallakool Creek","409024","LF2","NSW","Murray Lower Darling","NV4","Native Vegetation","New South Wales Murray"
"280","Murray River - Yarrawonga to Barmah","409024","LF2","NSW","Murray Lower Darling","NV4","Native Vegetation","New South Wales Murray"
"281","Murray River - Barmah to Barham","409024","LF3_S","NSW","Murray Lower Darling","NV4","Native Vegetation","New South Wales Murray"
"282","Edward River - Stevens Weir to Wakool River","409024","LF3_S","NSW","Murray Lower Darling","NV4","Native Vegetation","New South Wales Murray"
"283","Murray River - Hume to Yarrawonga","409024","LF3_S","NSW","Murray Lower Darling","NV4","Native Vegetation","New South Wales Murray"
"284","Upper Wakool River and Yallakool Creek","409024","LF3_S","NSW","Murray Lower Darling","NV4","Native Vegetation","New South Wales Murray"
"285","Murray River - Yarrawonga to Barmah","409024","LF3_S","NSW","Murray Lower Darling","NV4","Native Vegetation","New South Wales Murray"
"286","Murray River - Barmah to Barham","409024","LF3_P","NSW","Murray Lower Darling","NV4","Native Vegetation","New South Wales Murray"
"287","Edward River - Stevens Weir to Wakool River","409024","LF3_P","NSW","Murray Lower Darling","NV4","Native Vegetation","New South Wales Murray"
"288","Murray River - Hume to Yarrawonga","409024","LF3_P","NSW","Murray Lower Darling","NV4","Native Vegetation","New South Wales Murray"
"289","Upper Wakool River and Yallakool Creek","409024","LF3_P","NSW","Murray Lower Darling","NV4","Native Vegetation","New South Wales Murray"
"290","Murray River - Yarrawonga to Barmah","409024","LF3_P","NSW","Murray Lower Darling","NV4","Native Vegetation","New South Wales Murray"
"291","Murray River - Barmah to Barham","409024","LF4_S","NSW","Murray Lower Darling","NV4","Native Vegetation","New South Wales Murray"
"292","Edward River - Stevens Weir to Wakool River","409024","LF4_S","NSW","Murray Lower Darling","NV4","Native Vegetation","New South Wales Murray"
"293","Murray River - Hume to Yarrawonga","409024","LF4_S","NSW","Murray Lower Darling","NV4","Native Vegetation","New South Wales Murray"
"294","Upper Wakool River and Yallakool Creek","409024","LF4_S","NSW","Murray Lower Darling","NV4","Native Vegetation","New South Wales Murray"
"295","Murray River - Yarrawonga to Barmah","409024","LF4_S","NSW","Murray Lower Darling","NV4","Native Vegetation","New South Wales Murray"
"296","Murray River - Barmah to Barham","409024","LF4_P","NSW","Murray Lower Darling","NV4","Native Vegetation","New South Wales Murray"
"297","Edward River - Stevens Weir to Wakool River","409024","LF4_P","NSW","Murray Lower Darling","NV4","Native Vegetation","New South Wales Murray"
"298","Murray River - Hume to Yarrawonga","409024","LF4_P","NSW","Murray Lower Darling","NV4","Native Vegetation","New South Wales Murray"
"299","Upper Wakool River and Yallakool Creek","409024","LF4_P","NSW","Murray Lower Darling","NV4","Native Vegetation","New South Wales Murray"
"300","Murray River - Yarrawonga to Barmah","409024","LF4_P","NSW","Murray Lower Darling","NV4","Native Vegetation","New South Wales Murray"
"301","Murray River - Barmah to Barham","409024","BK1_S","NSW","Murray Lower Darling","NV4","Native Vegetation","New South Wales Murray"
"302","Edward River - Stevens Weir to Wakool River","409024","BK1_S","NSW","Murray Lower Darling","NV4","Native Vegetation","New South Wales Murray"
"303","Murray River - Hume to Yarrawonga","409024","BK1_S","NSW","Murray Lower Darling","NV4","Native Vegetation","New South Wales Murray"
"304","Upper Wakool River and Yallakool Creek","409024","BK1_S","NSW","Murray Lower Darling","NV4","Native Vegetation","New South Wales Murray"
"305","Murray River - Yarrawonga to Barmah","409024","BK1_S","NSW","Murray Lower Darling","NV4","Native Vegetation","New South Wales Murray"
"306","Murray River - Barmah to Barham","409024","BK1_P","NSW","Murray Lower Darling","NV4","Native Vegetation","New South Wales Murray"
"307","Edward River - Stevens Weir to Wakool River","409024","BK1_P","NSW","Murray Lower Darling","NV4","Native Vegetation","New South Wales Murray"
"308","Murray River - Hume to Yarrawonga","409024","BK1_P","NSW","Murray Lower Darling","NV4","Native Vegetation","New South Wales Murray"
"309","Upper Wakool River and Yallakool Creek","409024","BK1_P","NSW","Murray Lower Darling","NV4","Native Vegetation","New South Wales Murray"
"310","Murray River - Yarrawonga to Barmah","409024","BK1_P","NSW","Murray Lower Darling","NV4","Native Vegetation","New South Wales Murray"
"311","Murray River - Barmah to Barham","409024","OB1_S","NSW","Murray Lower Darling","NV4","Native Vegetation","New South Wales Murray"
"312","Edward River - Stevens Weir to Wakool River","409024","OB1_S","NSW","Murray Lower Darling","NV4","Native Vegetation","New South Wales Murray"
"313","Murray River - Hume to Yarrawonga","409024","OB1_S","NSW","Murray Lower Darling","NV4","Native Vegetation","New South Wales Murray"
"314","Upper Wakool River and Yallakool Creek","409024","OB1_S","NSW","Murray Lower Darling","NV4","Native Vegetation","New South Wales Murray"
"315","Murray River - Yarrawonga to Barmah","409024","OB1_S","NSW","Murray Lower Darling","NV4","Native Vegetation","New South Wales Murray"
"316","Murray River - Barmah to Barham","409024","OB1_P","NSW","Murray Lower Darling","NV4","Native Vegetation","New South Wales Murray"
"317","Edward River - Stevens Weir to Wakool River","409024","OB1_P","NSW","Murray Lower Darling","NV4","Native Vegetation","New South Wales Murray"
"318","Murray River - Hume to Yarrawonga","409024","OB1_P","NSW","Murray Lower Darling","NV4","Native Vegetation","New South Wales Murray"
"319","Upper Wakool River and Yallakool Creek","409024","OB1_P","NSW","Murray Lower Darling","NV4","Native Vegetation","New South Wales Murray"
"320","Murray River - Yarrawonga to Barmah","409024","OB1_P","NSW","Murray Lower Darling","NV4","Native Vegetation","New South Wales Murray"
"321","Murray River - Barmah to Barham","409024","OB2_S","NSW","Murray Lower Darling","NV4","Native Vegetation","New South Wales Murray"
"322","Edward River - Stevens Weir to Wakool River","409024","OB2_S","NSW","Murray Lower Darling","NV4","Native Vegetation","New South Wales Murray"
"323","Murray River - Hume to Yarrawonga","409024","OB2_S","NSW","Murray Lower Darling","NV4","Native Vegetation","New South Wales Murray"
"324","Upper Wakool River and Yallakool Creek","409024","OB2_S","NSW","Murray Lower Darling","NV4","Native Vegetation","New South Wales Murray"
"325","Murray River - Yarrawonga to Barmah","409024","OB2_S","NSW","Murray Lower Darling","NV4","Native Vegetation","New South Wales Murray"
"326","Murray River - Barmah to Barham","409024","OB2_P","NSW","Murray Lower Darling","NV4","Native Vegetation","New South Wales Murray"
"327","Edward River - Stevens Weir to Wakool River","409024","OB2_P","NSW","Murray Lower Darling","NV4","Native Vegetation","New South Wales Murray"
"328","Murray River - Hume to Yarrawonga","409024","OB2_P","NSW","Murray Lower Darling","NV4","Native Vegetation","New South Wales Murray"
"329","Upper Wakool River and Yallakool Creek","409024","OB2_P","NSW","Murray Lower Darling","NV4","Native Vegetation","New South Wales Murray"
"330","Murray River - Yarrawonga to Barmah","409024","OB2_P","NSW","Murray Lower Darling","NV4","Native Vegetation","New South Wales Murray"
"331","Murray River - Barmah to Barham","409025","SF2","NSW","Murray Lower Darling","NV4","Native Vegetation","New South Wales Murray"
"332","Edward River - Stevens Weir to Wakool River","409025","SF2","NSW","Murray Lower Darling","NV4","Native Vegetation","New South Wales Murray"
"333","Murray River - Hume to Yarrawonga","409025","SF2","NSW","Murray Lower Darling","NV4","Native Vegetation","New South Wales Murray"
"334","Upper Wakool River and Yallakool Creek","409025","SF2","NSW","Murray Lower Darling","NV4","Native Vegetation","New South Wales Murray"
"335","Murray River - Yarrawonga to Barmah","409025","SF2","NSW","Murray Lower Darling","NV4","Native Vegetation","New South Wales Murray"
"336","Murray River - Barmah to Barham","409025","LF1_P","NSW","Murray Lower Darling","NV4","Native Vegetation","New South Wales Murray"
"337","Edward River - Stevens Weir to Wakool River","409025","LF1_P","NSW","Murray Lower Darling","NV4","Native Vegetation","New South Wales Murray"
"338","Murray River - Hume to Yarrawonga","409025","LF1_P","NSW","Murray Lower Darling","NV4","Native Vegetation","New South Wales Murray"
"339","Upper Wakool River and Yallakool Creek","409025","LF1_P","NSW","Murray Lower Darling","NV4","Native Vegetation","New South Wales Murray"
"340","Murray River - Yarrawonga to Barmah","409025","LF1_P","NSW","Murray Lower Darling","NV4","Native Vegetation","New South Wales Murray"
"341","Murray River - Barmah to Barham","409025","LF1_S","NSW","Murray Lower Darling","NV4","Native Vegetation","New South Wales Murray"
"342","Edward River - Stevens Weir to Wakool River","409025","LF1_S","NSW","Murray Lower Darling","NV4","Native Vegetation","New South Wales Murray"
"343","Murray River - Hume to Yarrawonga","409025","LF1_S","NSW","Murray Lower Darling","NV4","Native Vegetation","New South Wales Murray"
"344","Upper Wakool River and Yallakool Creek","409025","LF1_S","NSW","Murray Lower Darling","NV4","Native Vegetation","New South Wales Murray"
"345","Murray River - Yarrawonga to Barmah","409025","LF1_S","NSW","Murray Lower Darling","NV4","Native Vegetation","New South Wales Murray"
"346","Murray River - Barmah to Barham","409025","LF2","NSW","Murray Lower Darling","NV4","Native Vegetation","New South Wales Murray"
"347","Edward River - Stevens Weir to Wakool River","409025","LF2","NSW","Murray Lower Darling","NV4","Native Vegetation","New South Wales Murray"
"348","Murray River - Hume to Yarrawonga","409025","LF2","NSW","Murray Lower Darling","NV4","Native Vegetation","New South Wales Murray"
"349","Upper Wakool River and Yallakool Creek","409025","LF2","NSW","Murray Lower Darling","NV4","Native Vegetation","New South Wales Murray"
"350","Murray River - Yarrawonga to Barmah","409025","LF2","NSW","Murray Lower Darling","NV4","Native Vegetation","New South Wales Murray"
"351","Murray River - Barmah to Barham","409025","LF3","NSW","Murray Lower Darling","NV4","Native Vegetation","New South Wales Murray"
"352","Edward River - Stevens Weir to Wakool River","409025","LF3","NSW","Murray Lower Darling","NV4","Native Vegetation","New South Wales Murray"
"353","Murray River - Hume to Yarrawonga","409025","LF3","NSW","Murray Lower Darling","NV4","Native Vegetation","New South Wales Murray"
"354","Upper Wakool River and Yallakool Creek","409025","LF3","NSW","Murray Lower Darling","NV4","Native Vegetation","New South Wales Murray"
"355","Murray River - Yarrawonga to Barmah","409025","LF3","NSW","Murray Lower Darling","NV4","Native Vegetation","New South Wales Murray"
"356","Murray River - Barmah to Barham","409025","BK1_S","NSW","Murray Lower Darling","NV4","Native Vegetation","New South Wales Murray"
"357","Edward River - Stevens Weir to Wakool River","409025","BK1_S","NSW","Murray Lower Darling","NV4","Native Vegetation","New South Wales Murray"
"358","Murray River - Hume to Yarrawonga","409025","BK1_S","NSW","Murray Lower Darling","NV4","Native Vegetation","New South Wales Murray"
"359","Upper Wakool River and Yallakool Creek","409025","BK1_S","NSW","Murray Lower Darling","NV4","Native Vegetation","New South Wales Murray"
"360","Murray River - Yarrawonga to Barmah","409025","BK1_S","NSW","Murray Lower Darling","NV4","Native Vegetation","New South Wales Murray"
"361","Murray River - Barmah to Barham","409025","BK1_P","NSW","Murray Lower Darling","NV4","Native Vegetation","New South Wales Murray"
"362","Edward River - Stevens Weir to Wakool River","409025","BK1_P","NSW","Murray Lower Darling","NV4","Native Vegetation","New South Wales Murray"
"363","Murray River - Hume to Yarrawonga","409025","BK1_P","NSW","Murray Lower Darling","NV4","Native Vegetation","New South Wales Murray"
"364","Upper Wakool River and Yallakool Creek","409025","BK1_P","NSW","Murray Lower Darling","NV4","Native Vegetation","New South Wales Murray"
"365","Murray River - Yarrawonga to Barmah","409025","BK1_P","NSW","Murray Lower Darling","NV4","Native Vegetation","New South Wales Murray"
"366","Murray River - Barmah to Barham","409025","BK2_S","NSW","Murray Lower Darling","NV4","Native Vegetation","New South Wales Murray"
"367","Edward River - Stevens Weir to Wakool River","409025","BK2_S","NSW","Murray Lower Darling","NV4","Native Vegetation","New South Wales Murray"
"368","Murray River - Hume to Yarrawonga","409025","BK2_S","NSW","Murray Lower Darling","NV4","Native Vegetation","New South Wales Murray"
"369","Upper Wakool River and Yallakool Creek","409025","BK2_S","NSW","Murray Lower Darling","NV4","Native Vegetation","New South Wales Murray"
"370","Murray River - Yarrawonga to Barmah","409025","BK2_S","NSW","Murray Lower Darling","NV4","Native Vegetation","New South Wales Murray"
"371","Murray River - Barmah to Barham","409025","BK2_P","NSW","Murray Lower Darling","NV4","Native Vegetation","New South Wales Murray"
"372","Edward River - Stevens Weir to Wakool River","409025","BK2_P","NSW","Murray Lower Darling","NV4","Native Vegetation","New South Wales Murray"
"373","Murray River - Hume to Yarrawonga","409025","BK2_P","NSW","Murray Lower Darling","NV4","Native Vegetation","New South Wales Murray"
"374","Upper Wakool River and Yallakool Creek","409025","BK2_P","NSW","Murray Lower Darling","NV4","Native Vegetation","New South Wales Murray"
"375","Murray River - Yarrawonga to Barmah","409025","BK2_P","NSW","Murray Lower Darling","NV4","Native Vegetation","New South Wales Murray"
"376","Murray River - Barmah to Barham","409025","OB1_S","NSW","Murray Lower Darling","NV4","Native Vegetation","New South Wales Murray"
"377","Edward River - Stevens Weir to Wakool River","409025","OB1_S","NSW","Murray Lower Darling","NV4","Native Vegetation","New South Wales Murray"
"378","Murray River - Hume to Yarrawonga","409025","OB1_S","NSW","Murray Lower Darling","NV4","Native Vegetation","New South Wales Murray"
"379","Upper Wakool River and Yallakool Creek","409025","OB1_S","NSW","Murray Lower Darling","NV4","Native Vegetation","New South Wales Murray"
"380","Murray River - Yarrawonga to Barmah","409025","OB1_S","NSW","Murray Lower Darling","NV4","Native Vegetation","New South Wales Murray"
"381","Murray River - Barmah to Barham","409025","OB1_P","NSW","Murray Lower Darling","NV4","Native Vegetation","New South Wales Murray"
"382","Edward River - Stevens Weir to Wakool River","409025","OB1_P","NSW","Murray Lower Darling","NV4","Native Vegetation","New South Wales Murray"
"383","Murray River - Hume to Yarrawonga","409025","OB1_P","NSW","Murray Lower Darling","NV4","Native Vegetation","New South Wales Murray"
"384","Upper Wakool River and Yallakool Creek","409025","OB1_P","NSW","Murray Lower Darling","NV4","Native Vegetation","New South Wales Murray"
"385","Murray River - Yarrawonga to Barmah","409025","OB1_P","NSW","Murray Lower Darling","NV4","Native Vegetation","New South Wales Murray"
"386","Murray River - Barmah to Barham","409025","OB2a_S","NSW","Murray Lower Darling","NV4","Native Vegetation","New South Wales Murray"
"387","Edward River - Stevens Weir to Wakool River","409025","OB2a_S","NSW","Murray Lower Darling","NV4","Native Vegetation","New South Wales Murray"
"388","Murray River - Hume to Yarrawonga","409025","OB2a_S","NSW","Murray Lower Darling","NV4","Native Vegetation","New South Wales Murray"
"389","Upper Wakool River and Yallakool Creek","409025","OB2a_S","NSW","Murray Lower Darling","NV4","Native Vegetation","New South Wales Murray"
"390","Murray River - Yarrawonga to Barmah","409025","OB2a_S","NSW","Murray Lower Darling","NV4","Native Vegetation","New South Wales Murray"
"391","Murray River - Barmah to Barham","409025","OB2b_S","NSW","Murray Lower Darling","NV4","Native Vegetation","New South Wales Murray"
"392","Edward River - Stevens Weir to Wakool River","409025","OB2b_S","NSW","Murray Lower Darling","NV4","Native Vegetation","New South Wales Murray"
"393","Murray River - Hume to Yarrawonga","409025","OB2b_S","NSW","Murray Lower Darling","NV4","Native Vegetation","New South Wales Murray"
"394","Upper Wakool River and Yallakool Creek","409025","OB2b_S","NSW","Murray Lower Darling","NV4","Native Vegetation","New South Wales Murray"
"395","Murray River - Yarrawonga to Barmah","409025","OB2b_S","NSW","Murray Lower Darling","NV4","Native Vegetation","New South Wales Murray"
"396","Murray River - Barmah to Barham","409025","OB2a_P","NSW","Murray Lower Darling","NV4","Native Vegetation","New South Wales Murray"
"397","Edward River - Stevens Weir to Wakool River","409025","OB2a_P","NSW","Murray Lower Darling","NV4","Native Vegetation","New South Wales Murray"
"398","Murray River - Hume to Yarrawonga","409025","OB2a_P","NSW","Murray Lower Darling","NV4","Native Vegetation","New South Wales Murray"
"399","Upper Wakool River and Yallakool Creek","409025","OB2a_P","NSW","Murray Lower Darling","NV4","Native Vegetation","New South Wales Murray"
"400","Murray River - Yarrawonga to Barmah","409025","OB2a_P","NSW","Murray Lower Darling","NV4","Native Vegetation","New South Wales Murray"
"401","Murray River - Barmah to Barham","409025","OB2b_P","NSW","Murray Lower Darling","NV4","Native Vegetation","New South Wales Murray"
"402","Edward River - Stevens Weir to Wakool River","409025","OB2b_P","NSW","Murray Lower Darling","NV4","Native Vegetation","New South Wales Murray"
"403","Murray River - Hume to Yarrawonga","409025","OB2b_P","NSW","Murray Lower Darling","NV4","Native Vegetation","New South Wales Murray"
"404","Upper Wakool River and Yallakool Creek","409025","OB2b_P","NSW","Murray Lower Darling","NV4","Native Vegetation","New South Wales Murray"
"405","Murray River - Yarrawonga to Barmah","409025","OB2b_P","NSW","Murray Lower Darling","NV4","Native Vegetation","New South Wales Murray"
"406","Murray River - Barmah to Barham","409025","OB3a_P","NSW","Murray Lower Darling","NV4","Native Vegetation","New South Wales Murray"
"407","Edward River - Stevens Weir to Wakool River","409025","OB3a_P","NSW","Murray Lower Darling","NV4","Native Vegetation","New South Wales Murray"
"408","Murray River - Hume to Yarrawonga","409025","OB3a_P","NSW","Murray Lower Darling","NV4","Native Vegetation","New South Wales Murray"
"409","Upper Wakool River and Yallakool Creek","409025","OB3a_P","NSW","Murray Lower Darling","NV4","Native Vegetation","New South Wales Murray"
"410","Murray River - Yarrawonga to Barmah","409025","OB3a_P","NSW","Murray Lower Darling","NV4","Native Vegetation","New South Wales Murray"
"411","Murray River - Barmah to Barham","409025","OB3a_S","NSW","Murray Lower Darling","NV4","Native Vegetation","New South Wales Murray"
"412","Edward River - Stevens Weir to Wakool River","409025","OB3a_S","NSW","Murray Lower Darling","NV4","Native Vegetation","New South Wales Murray"
"413","Murray River - Hume to Yarrawonga","409025","OB3a_S","NSW","Murray Lower Darling","NV4","Native Vegetation","New South Wales Murray"
"414","Upper Wakool River and Yallakool Creek","409025","OB3a_S","NSW","Murray Lower Darling","NV4","Native Vegetation","New South Wales Murray"
"415","Murray River - Yarrawonga to Barmah","409025","OB3a_S","NSW","Murray Lower Darling","NV4","Native Vegetation","New South Wales Murray"
"416","Murray River - Barmah to Barham","409025","OB3b_P","NSW","Murray Lower Darling","NV4","Native Vegetation","New South Wales Murray"
"417","Edward River - Stevens Weir to Wakool River","409025","OB3b_P","NSW","Murray Lower Darling","NV4","Native Vegetation","New South Wales Murray"
"418","Murray River - Hume to Yarrawonga","409025","OB3b_P","NSW","Murray Lower Darling","NV4","Native Vegetation","New South Wales Murray"
"419","Upper Wakool River and Yallakool Creek","409025","OB3b_P","NSW","Murray Lower Darling","NV4","Native Vegetation","New South Wales Murray"
"420","Murray River - Yarrawonga to Barmah","409025","OB3b_P","NSW","Murray Lower Darling","NV4","Native Vegetation","New South Wales Murray"
"421","Murray River - Barmah to Barham","409025","OB3b_S","NSW","Murray Lower Darling","NV4","Native Vegetation","New South Wales Murray"
"422","Edward River - Stevens Weir to Wakool River","409025","OB3b_S","NSW","Murray Lower Darling","NV4","Native Vegetation","New South Wales Murray"
"423","Murray River - Hume to Yarrawonga","409025","OB3b_S","NSW","Murray Lower Darling","NV4","Native Vegetation","New South Wales Murray"
"424","Upper Wakool River and Yallakool Creek","409025","OB3b_S","NSW","Murray Lower Darling","NV4","Native Vegetation","New South Wales Murray"
"425","Murray River - Yarrawonga to Barmah","409025","OB3b_S","NSW","Murray Lower Darling","NV4","Native Vegetation","New South Wales Murray"
"426","Murray River - Barmah to Barham","409025","OB4_S","NSW","Murray Lower Darling","NV4","Native Vegetation","New South Wales Murray"
"427","Edward River - Stevens Weir to Wakool River","409025","OB4_S","NSW","Murray Lower Darling","NV4","Native Vegetation","New South Wales Murray"
"428","Murray River - Hume to Yarrawonga","409025","OB4_S","NSW","Murray Lower Darling","NV4","Native Vegetation","New South Wales Murray"
"429","Upper Wakool River and Yallakool Creek","409025","OB4_S","NSW","Murray Lower Darling","NV4","Native Vegetation","New South Wales Murray"
"430","Murray River - Yarrawonga to Barmah","409025","OB4_S","NSW","Murray Lower Darling","NV4","Native Vegetation","New South Wales Murray"
"431","Murray River - Barmah to Barham","409025","OB4_P","NSW","Murray Lower Darling","NV4","Native Vegetation","New South Wales Murray"
"432","Edward River - Stevens Weir to Wakool River","409025","OB4_P","NSW","Murray Lower Darling","NV4","Native Vegetation","New South Wales Murray"
"433","Murray River - Hume to Yarrawonga","409025","OB4_P","NSW","Murray Lower Darling","NV4","Native Vegetation","New South Wales Murray"
"434","Upper Wakool River and Yallakool Creek","409025","OB4_P","NSW","Murray Lower Darling","NV4","Native Vegetation","New South Wales Murray"
"435","Murray River - Yarrawonga to Barmah","409025","OB4_P","NSW","Murray Lower Darling","NV4","Native Vegetation","New South Wales Murray"
"436","Murray River - Barmah to Barham","409025","OB5_S","NSW","Murray Lower Darling","NV4","Native Vegetation","New South Wales Murray"
"437","Edward River - Stevens Weir to Wakool River","409025","OB5_S","NSW","Murray Lower Darling","NV4","Native Vegetation","New South Wales Murray"
"438","Murray River - Hume to Yarrawonga","409025","OB5_S","NSW","Murray Lower Darling","NV4","Native Vegetation","New South Wales Murray"
"439","Upper Wakool River and Yallakool Creek","409025","OB5_S","NSW","Murray Lower Darling","NV4","Native Vegetation","New South Wales Murray"
"440","Murray River - Yarrawonga to Barmah","409025","OB5_S","NSW","Murray Lower Darling","NV4","Native Vegetation","New South Wales Murray"
"441","Murray River - Barmah to Barham","409025","OB5_P","NSW","Murray Lower Darling","NV4","Native Vegetation","New South Wales Murray"
"442","Edward River - Stevens Weir to Wakool River","409025","OB5_P","NSW","Murray Lower Darling","NV4","Native Vegetation","New South Wales Murray"
"443","Murray River - Hume to Yarrawonga","409025","OB5_P","NSW","Murray Lower Darling","NV4","Native Vegetation","New South Wales Murray"
"444","Upper Wakool River and Yallakool Creek","409025","OB5_P","NSW","Murray Lower Darling","NV4","Native Vegetation","New South Wales Murray"
"445","Murray River - Yarrawonga to Barmah","409025","OB5_P","NSW","Murray Lower Darling","NV4","Native Vegetation","New South Wales Murray"
"446","Murray River - Barmah to Barham","409025","OB6_S","NSW","Murray Lower Darling","NV4","Native Vegetation","New South Wales Murray"
"447","Edward River - Stevens Weir to Wakool River","409025","OB6_S","NSW","Murray Lower Darling","NV4","Native Vegetation","New South Wales Murray"
"448","Murray River - Hume to Yarrawonga","409025","OB6_S","NSW","Murray Lower Darling","NV4","Native Vegetation","New South Wales Murray"
"449","Upper Wakool River and Yallakool Creek","409025","OB6_S","NSW","Murray Lower Darling","NV4","Native Vegetation","New South Wales Murray"
"450","Murray River - Yarrawonga to Barmah","409025","OB6_S","NSW","Murray Lower Darling","NV4","Native Vegetation","New South Wales Murray"
"451","Murray River - Barmah to Barham","409025","OB6_P","NSW","Murray Lower Darling","NV4","Native Vegetation","New South Wales Murray"
"452","Edward River - Stevens Weir to Wakool River","409025","OB6_P","NSW","Murray Lower Darling","NV4","Native Vegetation","New South Wales Murray"
"453","Murray River - Hume to Yarrawonga","409025","OB6_P","NSW","Murray Lower Darling","NV4","Native Vegetation","New South Wales Murray"
"454","Upper Wakool River and Yallakool Creek","409025","OB6_P","NSW","Murray Lower Darling","NV4","Native Vegetation","New South Wales Murray"
"455","Murray River - Yarrawonga to Barmah","409025","OB6_P","NSW","Murray Lower Darling","NV4","Native Vegetation","New South Wales Murray"
"456","Murray River - Barmah to Barham","409025","OB7_P","NSW","Murray Lower Darling","NV4","Native Vegetation","New South Wales Murray"
"457","Edward River - Stevens Weir to Wakool River","409025","OB7_P","NSW","Murray Lower Darling","NV4","Native Vegetation","New South Wales Murray"
"458","Murray River - Hume to Yarrawonga","409025","OB7_P","NSW","Murray Lower Darling","NV4","Native Vegetation","New South Wales Murray"
"459","Upper Wakool River and Yallakool Creek","409025","OB7_P","NSW","Murray Lower Darling","NV4","Native Vegetation","New South Wales Murray"
"460","Murray River - Yarrawonga to Barmah","409025","OB7_P","NSW","Murray Lower Darling","NV4","Native Vegetation","New South Wales Murray"
"461","Murray River - Barmah to Barham","409025","OB7_S","NSW","Murray Lower Darling","NV4","Native Vegetation","New South Wales Murray"
"462","Edward River - Stevens Weir to Wakool River","409025","OB7_S","NSW","Murray Lower Darling","NV4","Native Vegetation","New South Wales Murray"
"463","Murray River - Hume to Yarrawonga","409025","OB7_S","NSW","Murray Lower Darling","NV4","Native Vegetation","New South Wales Murray"
"464","Upper Wakool River and Yallakool Creek","409025","OB7_S","NSW","Murray Lower Darling","NV4","Native Vegetation","New South Wales Murray"
"465","Murray River - Yarrawonga to Barmah","409025","OB7_S","NSW","Murray Lower Darling","NV4","Native Vegetation","New South Wales Murray"
"466","Murray River - Barmah to Barham","409025","OB8_P","NSW","Murray Lower Darling","NV4","Native Vegetation","New South Wales Murray"
"467","Edward River - Stevens Weir to Wakool River","409025","OB8_P","NSW","Murray Lower Darling","NV4","Native Vegetation","New South Wales Murray"
"468","Murray River - Hume to Yarrawonga","409025","OB8_P","NSW","Murray Lower Darling","NV4","Native Vegetation","New South Wales Murray"
"469","Upper Wakool River and Yallakool Creek","409025","OB8_P","NSW","Murray Lower Darling","NV4","Native Vegetation","New South Wales Murray"
"470","Murray River - Yarrawonga to Barmah","409025","OB8_P","NSW","Murray Lower Darling","NV4","Native Vegetation","New South Wales Murray"
"471","Murray River - Barmah to Barham","409025","OB8_S","NSW","Murray Lower Darling","NV4","Native Vegetation","New South Wales Murray"
"472","Edward River - Stevens Weir to Wakool River","409025","OB8_S","NSW","Murray Lower Darling","NV4","Native Vegetation","New South Wales Murray"
"473","Murray River - Hume to Yarrawonga","409025","OB8_S","NSW","Murray Lower Darling","NV4","Native Vegetation","New South Wales Murray"
"474","Upper Wakool River and Yallakool Creek","409025","OB8_S","NSW","Murray Lower Darling","NV4","Native Vegetation","New South Wales Murray"
"475","Murray River - Yarrawonga to Barmah","409025","OB8_S","NSW","Murray Lower Darling","NV4","Native Vegetation","New South Wales Murray"
"476","Murray River - Barmah to Barham","409025","OB9","NSW","Murray Lower Darling","NV4","Native Vegetation","New South Wales Murray"
"477","Edward River - Stevens Weir to Wakool River","409025","OB9","NSW","Murray Lower Darling","NV4","Native Vegetation","New South Wales Murray"
"478","Murray River - Hume to Yarrawonga","409025","OB9","NSW","Murray Lower Darling","NV4","Native Vegetation","New South Wales Murray"
"479","Upper Wakool River and Yallakool Creek","409025","OB9","NSW","Murray Lower Darling","NV4","Native Vegetation","New South Wales Murray"
"480","Murray River - Yarrawonga to Barmah","409025","OB9","NSW","Murray Lower Darling","NV4","Native Vegetation","New South Wales Murray"
"481","Murray River - Barmah to Barham","409025","OB10","NSW","Murray Lower Darling","NV4","Native Vegetation","New South Wales Murray"
"482","Edward River - Stevens Weir to Wakool River","409025","OB10","NSW","Murray Lower Darling","NV4","Native Vegetation","New South Wales Murray"
"483","Murray River - Hume to Yarrawonga","409025","OB10","NSW","Murray Lower Darling","NV4","Native Vegetation","New South Wales Murray"
"484","Upper Wakool River and Yallakool Creek","409025","OB10","NSW","Murray Lower Darling","NV4","Native Vegetation","New South Wales Murray"
"485","Murray River - Yarrawonga to Barmah","409025","OB10","NSW","Murray Lower Darling","NV4","Native Vegetation","New South Wales Murray"
"486","Murray River - Barmah to Barham","409048","SF2","NSW","Murray Lower Darling","NV4","Native Vegetation","New South Wales Murray"
"487","Edward River - Stevens Weir to Wakool River","409048","SF2","NSW","Murray Lower Darling","NV4","Native Vegetation","New South Wales Murray"
"488","Murray River - Hume to Yarrawonga","409048","SF2","NSW","Murray Lower Darling","NV4","Native Vegetation","New South Wales Murray"
"489","Upper Wakool River and Yallakool Creek","409048","SF2","NSW","Murray Lower Darling","NV4","Native Vegetation","New South Wales Murray"
"490","Murray River - Yarrawonga to Barmah","409048","SF2","NSW","Murray Lower Darling","NV4","Native Vegetation","New South Wales Murray"
"491","Murray River - Barmah to Barham","409048","LF1_P","NSW","Murray Lower Darling","NV4","Native Vegetation","New South Wales Murray"
"492","Edward River - Stevens Weir to Wakool River","409048","LF1_P","NSW","Murray Lower Darling","NV4","Native Vegetation","New South Wales Murray"
"493","Murray River - Hume to Yarrawonga","409048","LF1_P","NSW","Murray Lower Darling","NV4","Native Vegetation","New South Wales Murray"
"494","Upper Wakool River and Yallakool Creek","409048","LF1_P","NSW","Murray Lower Darling","NV4","Native Vegetation","New South Wales Murray"
"495","Murray River - Yarrawonga to Barmah","409048","LF1_P","NSW","Murray Lower Darling","NV4","Native Vegetation","New South Wales Murray"
"496","Murray River - Barmah to Barham","409048","LF1_S","NSW","Murray Lower Darling","NV4","Native Vegetation","New South Wales Murray"
"497","Edward River - Stevens Weir to Wakool River","409048","LF1_S","NSW","Murray Lower Darling","NV4","Native Vegetation","New South Wales Murray"
"498","Murray River - Hume to Yarrawonga","409048","LF1_S","NSW","Murray Lower Darling","NV4","Native Vegetation","New South Wales Murray"
"499","Upper Wakool River and Yallakool Creek","409048","LF1_S","NSW","Murray Lower Darling","NV4","Native Vegetation","New South Wales Murray"
"500","Murray River - Yarrawonga to Barmah","409048","LF1_S","NSW","Murray Lower Darling","NV4","Native Vegetation","New South Wales Murray"
"501","Murray River - Barmah to Barham","409048","LF2","NSW","Murray Lower Darling","NV4","Native Vegetation","New South Wales Murray"
"502","Edward River - Stevens Weir to Wakool River","409048","LF2","NSW","Murray Lower Darling","NV4","Native Vegetation","New South Wales Murray"
"503","Murray River - Hume to Yarrawonga","409048","LF2","NSW","Murray Lower Darling","NV4","Native Vegetation","New South Wales Murray"
"504","Upper Wakool River and Yallakool Creek","409048","LF2","NSW","Murray Lower Darling","NV4","Native Vegetation","New South Wales Murray"
"505","Murray River - Yarrawonga to Barmah","409048","LF2","NSW","Murray Lower Darling","NV4","Native Vegetation","New South Wales Murray"
"506","Murray River - Barmah to Barham","409048","LF3_S","NSW","Murray Lower Darling","NV4","Native Vegetation","New South Wales Murray"
"507","Edward River - Stevens Weir to Wakool River","409048","LF3_S","NSW","Murray Lower Darling","NV4","Native Vegetation","New South Wales Murray"
"508","Murray River - Hume to Yarrawonga","409048","LF3_S","NSW","Murray Lower Darling","NV4","Native Vegetation","New South Wales Murray"
"509","Upper Wakool River and Yallakool Creek","409048","LF3_S","NSW","Murray Lower Darling","NV4","Native Vegetation","New South Wales Murray"
"510","Murray River - Yarrawonga to Barmah","409048","LF3_S","NSW","Murray Lower Darling","NV4","Native Vegetation","New South Wales Murray"
"511","Murray River - Barmah to Barham","409048","LF3_P","NSW","Murray Lower Darling","NV4","Native Vegetation","New South Wales Murray"
"512","Edward River - Stevens Weir to Wakool River","409048","LF3_P","NSW","Murray Lower Darling","NV4","Native Vegetation","New South Wales Murray"
"513","Murray River - Hume to Yarrawonga","409048","LF3_P","NSW","Murray Lower Darling","NV4","Native Vegetation","New South Wales Murray"
"514","Upper Wakool River and Yallakool Creek","409048","LF3_P","NSW","Murray Lower Darling","NV4","Native Vegetation","New South Wales Murray"
"515","Murray River - Yarrawonga to Barmah","409048","LF3_P","NSW","Murray Lower Darling","NV4","Native Vegetation","New South Wales Murray"
"516","Murray River - Barmah to Barham","409048","LF4_S","NSW","Murray Lower Darling","NV4","Native Vegetation","New South Wales Murray"
"517","Edward River - Stevens Weir to Wakool River","409048","LF4_S","NSW","Murray Lower Darling","NV4","Native Vegetation","New South Wales Murray"
"518","Murray River - Hume to Yarrawonga","409048","LF4_S","NSW","Murray Lower Darling","NV4","Native Vegetation","New South Wales Murray"
"519","Upper Wakool River and Yallakool Creek","409048","LF4_S","NSW","Murray Lower Darling","NV4","Native Vegetation","New South Wales Murray"
"520","Murray River - Yarrawonga to Barmah","409048","LF4_S","NSW","Murray Lower Darling","NV4","Native Vegetation","New South Wales Murray"
"521","Murray River - Barmah to Barham","409048","LF4_P","NSW","Murray Lower Darling","NV4","Native Vegetation","New South Wales Murray"
"522","Edward River - Stevens Weir to Wakool River","409048","LF4_P","NSW","Murray Lower Darling","NV4","Native Vegetation","New South Wales Murray"
"523","Murray River - Hume to Yarrawonga","409048","LF4_P","NSW","Murray Lower Darling","NV4","Native Vegetation","New South Wales Murray"
"524","Upper Wakool River and Yallakool Creek","409048","LF4_P","NSW","Murray Lower Darling","NV4","Native Vegetation","New South Wales Murray"
"525","Murray River - Yarrawonga to Barmah","409048","LF4_P","NSW","Murray Lower Darling","NV4","Native Vegetation","New South Wales Murray"
"526","Murray River - Barmah to Barham","409048","BK1_S","NSW","Murray Lower Darling","NV4","Native Vegetation","New South Wales Murray"
"527","Edward River - Stevens Weir to Wakool River","409048","BK1_S","NSW","Murray Lower Darling","NV4","Native Vegetation","New South Wales Murray"
"528","Murray River - Hume to Yarrawonga","409048","BK1_S","NSW","Murray Lower Darling","NV4","Native Vegetation","New South Wales Murray"
"529","Upper Wakool River and Yallakool Creek","409048","BK1_S","NSW","Murray Lower Darling","NV4","Native Vegetation","New South Wales Murray"
"530","Murray River - Yarrawonga to Barmah","409048","BK1_S","NSW","Murray Lower Darling","NV4","Native Vegetation","New South Wales Murray"
"531","Murray River - Barmah to Barham","409048","BK1_P","NSW","Murray Lower Darling","NV4","Native Vegetation","New South Wales Murray"
"532","Edward River - Stevens Weir to Wakool River","409048","BK1_P","NSW","Murray Lower Darling","NV4","Native Vegetation","New South Wales Murray"
"533","Murray River - Hume to Yarrawonga","409048","BK1_P","NSW","Murray Lower Darling","NV4","Native Vegetation","New South Wales Murray"
"534","Upper Wakool River and Yallakool Creek","409048","BK1_P","NSW","Murray Lower Darling","NV4","Native Vegetation","New South Wales Murray"
"535","Murray River - Yarrawonga to Barmah","409048","BK1_P","NSW","Murray Lower Darling","NV4","Native Vegetation","New South Wales Murray"
"536","Murray River - Barmah to Barham","409048","OB1_S","NSW","Murray Lower Darling","NV4","Native Vegetation","New South Wales Murray"
"537","Edward River - Stevens Weir to Wakool River","409048","OB1_S","NSW","Murray Lower Darling","NV4","Native Vegetation","New South Wales Murray"
"538","Murray River - Hume to Yarrawonga","409048","OB1_S","NSW","Murray Lower Darling","NV4","Native Vegetation","New South Wales Murray"
"539","Upper Wakool River and Yallakool Creek","409048","OB1_S","NSW","Murray Lower Darling","NV4","Native Vegetation","New South Wales Murray"
"540","Murray River - Yarrawonga to Barmah","409048","OB1_S","NSW","Murray Lower Darling","NV4","Native Vegetation","New South Wales Murray"
"541","Murray River - Barmah to Barham","409048","OB1_P","NSW","Murray Lower Darling","NV4","Native Vegetation","New South Wales Murray"
"542","Edward River - Stevens Weir to Wakool River","409048","OB1_P","NSW","Murray Lower Darling","NV4","Native Vegetation","New South Wales Murray"
"543","Murray River - Hume to Yarrawonga","409048","OB1_P","NSW","Murray Lower Darling","NV4","Native Vegetation","New South Wales Murray"
"544","Upper Wakool River and Yallakool Creek","409048","OB1_P","NSW","Murray Lower Darling","NV4","Native Vegetation","New South Wales Murray"
"545","Murray River - Yarrawonga to Barmah","409048","OB1_P","NSW","Murray Lower Darling","NV4","Native Vegetation","New South Wales Murray"
"546","Murray River - Barmah to Barham","409048","OB2_S","NSW","Murray Lower Darling","NV4","Native Vegetation","New South Wales Murray"
"547","Edward River - Stevens Weir to Wakool River","409048","OB2_S","NSW","Murray Lower Darling","NV4","Native Vegetation","New South Wales Murray"
"548","Murray River - Hume to Yarrawonga","409048","OB2_S","NSW","Murray Lower Darling","NV4","Native Vegetation","New South Wales Murray"
"549","Upper Wakool River and Yallakool Creek","409048","OB2_S","NSW","Murray Lower Darling","NV4","Native Vegetation","New South Wales Murray"
"550","Murray River - Yarrawonga to Barmah","409048","OB2_S","NSW","Murray Lower Darling","NV4","Native Vegetation","New South Wales Murray"
"551","Murray River - Barmah to Barham","409048","OB2_P","NSW","Murray Lower Darling","NV4","Native Vegetation","New South Wales Murray"
"552","Edward River - Stevens Weir to Wakool River","409048","OB2_P","NSW","Murray Lower Darling","NV4","Native Vegetation","New South Wales Murray"
"553","Murray River - Hume to Yarrawonga","409048","OB2_P","NSW","Murray Lower Darling","NV4","Native Vegetation","New South Wales Murray"
"554","Upper Wakool River and Yallakool Creek","409048","OB2_P","NSW","Murray Lower Darling","NV4","Native Vegetation","New South Wales Murray"
"555","Murray River - Yarrawonga to Barmah","409048","OB2_P","NSW","Murray Lower Darling","NV4","Native Vegetation","New South Wales Murray"
"556","Murray River - Barmah to Barham","409048","OB3","NSW","Murray Lower Darling","NV4","Native Vegetation","New South Wales Murray"
"557","Edward River - Stevens Weir to Wakool River","409048","OB3","NSW","Murray Lower Darling","NV4","Native Vegetation","New South Wales Murray"
"558","Murray River - Hume to Yarrawonga","409048","OB3","NSW","Murray Lower Darling","NV4","Native Vegetation","New South Wales Murray"
"559","Upper Wakool River and Yallakool Creek","409048","OB3","NSW","Murray Lower Darling","NV4","Native Vegetation","New South Wales Murray"
"560","Murray River - Yarrawonga to Barmah","409048","OB3","NSW","Murray Lower Darling","NV4","Native Vegetation","New South Wales Murray"
"561","Murray River - Barmah to Barham","409048","OB4","NSW","Murray Lower Darling","NV4","Native Vegetation","New South Wales Murray"
"562","Edward River - Stevens Weir to Wakool River","409048","OB4","NSW","Murray Lower Darling","NV4","Native Vegetation","New South Wales Murray"
"563","Murray River - Hume to Yarrawonga","409048","OB4","NSW","Murray Lower Darling","NV4","Native Vegetation","New South Wales Murray"
"564","Upper Wakool River and Yallakool Creek","409048","OB4","NSW","Murray Lower Darling","NV4","Native Vegetation","New South Wales Murray"
"565","Murray River - Yarrawonga to Barmah","409048","OB4","NSW","Murray Lower Darling","NV4","Native Vegetation","New South Wales Murray"
"566","Murray River - Barmah to Barham","409072","BK1_S","NSW","Murray Lower Darling","NV4","Native Vegetation","New South Wales Murray"
"567","Edward River - Stevens Weir to Wakool River","409072","BK1_S","NSW","Murray Lower Darling","NV4","Native Vegetation","New South Wales Murray"
"568","Murray River - Hume to Yarrawonga","409072","BK1_S","NSW","Murray Lower Darling","NV4","Native Vegetation","New South Wales Murray"
"569","Upper Wakool River and Yallakool Creek","409072","BK1_S","NSW","Murray Lower Darling","NV4","Native Vegetation","New South Wales Murray"
"570","Murray River - Yarrawonga to Barmah","409072","BK1_S","NSW","Murray Lower Darling","NV4","Native Vegetation","New South Wales Murray"
"571","Murray River - Barmah to Barham","409072","BK1_P","NSW","Murray Lower Darling","NV4","Native Vegetation","New South Wales Murray"
"572","Edward River - Stevens Weir to Wakool River","409072","BK1_P","NSW","Murray Lower Darling","NV4","Native Vegetation","New South Wales Murray"
"573","Murray River - Hume to Yarrawonga","409072","BK1_P","NSW","Murray Lower Darling","NV4","Native Vegetation","New South Wales Murray"
"574","Upper Wakool River and Yallakool Creek","409072","BK1_P","NSW","Murray Lower Darling","NV4","Native Vegetation","New South Wales Murray"
"575","Murray River - Yarrawonga to Barmah","409072","BK1_P","NSW","Murray Lower Darling","NV4","Native Vegetation","New South Wales Murray"
"576","Murray River - Barmah to Barham","409072","OB1_S","NSW","Murray Lower Darling","NV4","Native Vegetation","New South Wales Murray"
"577","Edward River - Stevens Weir to Wakool River","409072","OB1_S","NSW","Murray Lower Darling","NV4","Native Vegetation","New South Wales Murray"
"578","Murray River - Hume to Yarrawonga","409072","OB1_S","NSW","Murray Lower Darling","NV4","Native Vegetation","New South Wales Murray"
"579","Upper Wakool River and Yallakool Creek","409072","OB1_S","NSW","Murray Lower Darling","NV4","Native Vegetation","New South Wales Murray"
"580","Murray River - Yarrawonga to Barmah","409072","OB1_S","NSW","Murray Lower Darling","NV4","Native Vegetation","New South Wales Murray"
"581","Murray River - Barmah to Barham","409072","OB1_P","NSW","Murray Lower Darling","NV4","Native Vegetation","New South Wales Murray"
"582","Edward River - Stevens Weir to Wakool River","409072","OB1_P","NSW","Murray Lower Darling","NV4","Native Vegetation","New South Wales Murray"
"583","Murray River - Hume to Yarrawonga","409072","OB1_P","NSW","Murray Lower Darling","NV4","Native Vegetation","New South Wales Murray"
"584","Upper Wakool River and Yallakool Creek","409072","OB1_P","NSW","Murray Lower Darling","NV4","Native Vegetation","New South Wales Murray"
"585","Murray River - Yarrawonga to Barmah","409072","OB1_P","NSW","Murray Lower Darling","NV4","Native Vegetation","New South Wales Murray"
"586","Murray River - Barmah to Barham","409072","OB2","NSW","Murray Lower Darling","NV4","Native Vegetation","New South Wales Murray"
"587","Edward River - Stevens Weir to Wakool River","409072","OB2","NSW","Murray Lower Darling","NV4","Native Vegetation","New South Wales Murray"
"588","Murray River - Hume to Yarrawonga","409072","OB2","NSW","Murray Lower Darling","NV4","Native Vegetation","New South Wales Murray"
"589","Upper Wakool River and Yallakool Creek","409072","OB2","NSW","Murray Lower Darling","NV4","Native Vegetation","New South Wales Murray"
"590","Murray River - Yarrawonga to Barmah","409072","OB2","NSW","Murray Lower Darling","NV4","Native Vegetation","New South Wales Murray"
"591","Murray River - Barmah to Barham","409072","OB3","NSW","Murray Lower Darling","NV4","Native Vegetation","New South Wales Murray"
"592","Edward River - Stevens Weir to Wakool River","409072","OB3","NSW","Murray Lower Darling","NV4","Native Vegetation","New South Wales Murray"
"593","Murray River - Hume to Yarrawonga","409072","OB3","NSW","Murray Lower Darling","NV4","Native Vegetation","New South Wales Murray"
"594","Upper Wakool River and Yallakool Creek","409072","OB3","NSW","Murray Lower Darling","NV4","Native Vegetation","New South Wales Murray"
"595","Murray River - Yarrawonga to Barmah","409072","OB3","NSW","Murray Lower Darling","NV4","Native Vegetation","New South Wales Murray"
"596","Murray River - Barmah to Barham","409072","OB4","NSW","Murray Lower Darling","NV4","Native Vegetation","New South Wales Murray"
"597","Edward River - Stevens Weir to Wakool River","409072","OB4","NSW","Murray Lower Darling","NV4","Native Vegetation","New South Wales Murray"
"598","Murray River - Hume to Yarrawonga","409072","OB4","NSW","Murray Lower Darling","NV4","Native Vegetation","New South Wales Murray"
"599","Upper Wakool River and Yallakool Creek","409072","OB4","NSW","Murray Lower Darling","NV4","Native Vegetation","New South Wales Murray"
"600","Murray River - Yarrawonga to Barmah","409072","OB4","NSW","Murray Lower Darling","NV4","Native Vegetation","New South Wales Murray"
"601","Murray River - Barmah to Barham","409207","SF2","NSW","Murray Lower Darling","NV4","Native Vegetation","New South Wales Murray"
"602","Edward River - Stevens Weir to Wakool River","409207","SF2","NSW","Murray Lower Darling","NV4","Native Vegetation","New South Wales Murray"
"603","Murray River - Hume to Yarrawonga","409207","SF2","NSW","Murray Lower Darling","NV4","Native Vegetation","New South Wales Murray"
"604","Upper Wakool River and Yallakool Creek","409207","SF2","NSW","Murray Lower Darling","NV4","Native Vegetation","New South Wales Murray"
"605","Murray River - Yarrawonga to Barmah","409207","SF2","NSW","Murray Lower Darling","NV4","Native Vegetation","New South Wales Murray"
"606","Murray River - Barmah to Barham","409207","LF1_P","NSW","Murray Lower Darling","NV4","Native Vegetation","New South Wales Murray"
"607","Edward River - Stevens Weir to Wakool River","409207","LF1_P","NSW","Murray Lower Darling","NV4","Native Vegetation","New South Wales Murray"
"608","Murray River - Hume to Yarrawonga","409207","LF1_P","NSW","Murray Lower Darling","NV4","Native Vegetation","New South Wales Murray"
"609","Upper Wakool River and Yallakool Creek","409207","LF1_P","NSW","Murray Lower Darling","NV4","Native Vegetation","New South Wales Murray"
"610","Murray River - Yarrawonga to Barmah","409207","LF1_P","NSW","Murray Lower Darling","NV4","Native Vegetation","New South Wales Murray"
"611","Murray River - Barmah to Barham","409207","LF1_S","NSW","Murray Lower Darling","NV4","Native Vegetation","New South Wales Murray"
"612","Edward River - Stevens Weir to Wakool River","409207","LF1_S","NSW","Murray Lower Darling","NV4","Native Vegetation","New South Wales Murray"
"613","Murray River - Hume to Yarrawonga","409207","LF1_S","NSW","Murray Lower Darling","NV4","Native Vegetation","New South Wales Murray"
"614","Upper Wakool River and Yallakool Creek","409207","LF1_S","NSW","Murray Lower Darling","NV4","Native Vegetation","New South Wales Murray"
"615","Murray River - Yarrawonga to Barmah","409207","LF1_S","NSW","Murray Lower Darling","NV4","Native Vegetation","New South Wales Murray"
"616","Murray River - Barmah to Barham","409207","LF2","NSW","Murray Lower Darling","NV4","Native Vegetation","New South Wales Murray"
"617","Edward River - Stevens Weir to Wakool River","409207","LF2","NSW","Murray Lower Darling","NV4","Native Vegetation","New South Wales Murray"
"618","Murray River - Hume to Yarrawonga","409207","LF2","NSW","Murray Lower Darling","NV4","Native Vegetation","New South Wales Murray"
"619","Upper Wakool River and Yallakool Creek","409207","LF2","NSW","Murray Lower Darling","NV4","Native Vegetation","New South Wales Murray"
"620","Murray River - Yarrawonga to Barmah","409207","LF2","NSW","Murray Lower Darling","NV4","Native Vegetation","New South Wales Murray"
"621","Murray River - Barmah to Barham","409207","BK1_S","NSW","Murray Lower Darling","NV4","Native Vegetation","New South Wales Murray"
"622","Edward River - Stevens Weir to Wakool River","409207","BK1_S","NSW","Murray Lower Darling","NV4","Native Vegetation","New South Wales Murray"
"623","Murray River - Hume to Yarrawonga","409207","BK1_S","NSW","Murray Lower Darling","NV4","Native Vegetation","New South Wales Murray"
"624","Upper Wakool River and Yallakool Creek","409207","BK1_S","NSW","Murray Lower Darling","NV4","Native Vegetation","New South Wales Murray"
"625","Murray River - Yarrawonga to Barmah","409207","BK1_S","NSW","Murray Lower Darling","NV4","Native Vegetation","New South Wales Murray"
"626","Murray River - Barmah to Barham","409207","BK1_P","NSW","Murray Lower Darling","NV4","Native Vegetation","New South Wales Murray"
"627","Edward River - Stevens Weir to Wakool River","409207","BK1_P","NSW","Murray Lower Darling","NV4","Native Vegetation","New South Wales Murray"
"628","Murray River - Hume to Yarrawonga","409207","BK1_P","NSW","Murray Lower Darling","NV4","Native Vegetation","New South Wales Murray"
"629","Upper Wakool River and Yallakool Creek","409207","BK1_P","NSW","Murray Lower Darling","NV4","Native Vegetation","New South Wales Murray"
"630","Murray River - Yarrawonga to Barmah","409207","BK1_P","NSW","Murray Lower Darling","NV4","Native Vegetation","New South Wales Murray"
"631","Murray River - Barmah to Barham","409207","BK2_S","NSW","Murray Lower Darling","NV4","Native Vegetation","New South Wales Murray"
"632","Edward River - Stevens Weir to Wakool River","409207","BK2_S","NSW","Murray Lower Darling","NV4","Native Vegetation","New South Wales Murray"
"633","Murray River - Hume to Yarrawonga","409207","BK2_S","NSW","Murray Lower Darling","NV4","Native Vegetation","New South Wales Murray"
"634","Upper Wakool River and Yallakool Creek","409207","BK2_S","NSW","Murray Lower Darling","NV4","Native Vegetation","New South Wales Murray"
"635","Murray River - Yarrawonga to Barmah","409207","BK2_S","NSW","Murray Lower Darling","NV4","Native Vegetation","New South Wales Murray"
"636","Murray River - Barmah to Barham","409207","BK2_P","NSW","Murray Lower Darling","NV4","Native Vegetation","New South Wales Murray"
"637","Edward River - Stevens Weir to Wakool River","409207","BK2_P","NSW","Murray Lower Darling","NV4","Native Vegetation","New South Wales Murray"
"638","Murray River - Hume to Yarrawonga","409207","BK2_P","NSW","Murray Lower Darling","NV4","Native Vegetation","New South Wales Murray"
"639","Upper Wakool River and Yallakool Creek","409207","BK2_P","NSW","Murray Lower Darling","NV4","Native Vegetation","New South Wales Murray"
"640","Murray River - Yarrawonga to Barmah","409207","BK2_P","NSW","Murray Lower Darling","NV4","Native Vegetation","New South Wales Murray"
"641","Murray River - Barmah to Barham","409207","OB1_S","NSW","Murray Lower Darling","NV4","Native Vegetation","New South Wales Murray"
"642","Edward River - Stevens Weir to Wakool River","409207","OB1_S","NSW","Murray Lower Darling","NV4","Native Vegetation","New South Wales Murray"
"643","Murray River - Hume to Yarrawonga","409207","OB1_S","NSW","Murray Lower Darling","NV4","Native Vegetation","New South Wales Murray"
"644","Upper Wakool River and Yallakool Creek","409207","OB1_S","NSW","Murray Lower Darling","NV4","Native Vegetation","New South Wales Murray"
"645","Murray River - Yarrawonga to Barmah","409207","OB1_S","NSW","Murray Lower Darling","NV4","Native Vegetation","New South Wales Murray"
"646","Murray River - Barmah to Barham","409207","OB1_P","NSW","Murray Lower Darling","NV4","Native Vegetation","New South Wales Murray"
"647","Edward River - Stevens Weir to Wakool River","409207","OB1_P","NSW","Murray Lower Darling","NV4","Native Vegetation","New South Wales Murray"
"648","Murray River - Hume to Yarrawonga","409207","OB1_P","NSW","Murray Lower Darling","NV4","Native Vegetation","New South Wales Murray"
"649","Upper Wakool River and Yallakool Creek","409207","OB1_P","NSW","Murray Lower Darling","NV4","Native Vegetation","New South Wales Murray"
"650","Murray River - Yarrawonga to Barmah","409207","OB1_P","NSW","Murray Lower Darling","NV4","Native Vegetation","New South Wales Murray"
"651","Murray River - Barmah to Barham","409207","OB2_S","NSW","Murray Lower Darling","NV4","Native Vegetation","New South Wales Murray"
"652","Edward River - Stevens Weir to Wakool River","409207","OB2_S","NSW","Murray Lower Darling","NV4","Native Vegetation","New South Wales Murray"
"653","Murray River - Hume to Yarrawonga","409207","OB2_S","NSW","Murray Lower Darling","NV4","Native Vegetation","New South Wales Murray"
"654","Upper Wakool River and Yallakool Creek","409207","OB2_S","NSW","Murray Lower Darling","NV4","Native Vegetation","New South Wales Murray"
"655","Murray River - Yarrawonga to Barmah","409207","OB2_S","NSW","Murray Lower Darling","NV4","Native Vegetation","New South Wales Murray"
"656","Murray River - Barmah to Barham","409207","OB2_P","NSW","Murray Lower Darling","NV4","Native Vegetation","New South Wales Murray"
"657","Edward River - Stevens Weir to Wakool River","409207","OB2_P","NSW","Murray Lower Darling","NV4","Native Vegetation","New South Wales Murray"
"658","Murray River - Hume to Yarrawonga","409207","OB2_P","NSW","Murray Lower Darling","NV4","Native Vegetation","New South Wales Murray"
"659","Upper Wakool River and Yallakool Creek","409207","OB2_P","NSW","Murray Lower Darling","NV4","Native Vegetation","New South Wales Murray"
"660","Murray River - Yarrawonga to Barmah","409207","OB2_P","NSW","Murray Lower Darling","NV4","Native Vegetation","New South Wales Murray"
"661","Murray River - Barmah to Barham","409207","OB3_P","NSW","Murray Lower Darling","NV4","Native Vegetation","New South Wales Murray"
"662","Edward River - Stevens Weir to Wakool River","409207","OB3_P","NSW","Murray Lower Darling","NV4","Native Vegetation","New South Wales Murray"
"663","Murray River - Hume to Yarrawonga","409207","OB3_P","NSW","Murray Lower Darling","NV4","Native Vegetation","New South Wales Murray"
"664","Upper Wakool River and Yallakool Creek","409207","OB3_P","NSW","Murray Lower Darling","NV4","Native Vegetation","New South Wales Murray"
"665","Murray River - Yarrawonga to Barmah","409207","OB3_P","NSW","Murray Lower Darling","NV4","Native Vegetation","New South Wales Murray"
"666","Murray River - Barmah to Barham","409207","OB3_S","NSW","Murray Lower Darling","NV4","Native Vegetation","New South Wales Murray"
"667","Edward River - Stevens Weir to Wakool River","409207","OB3_S","NSW","Murray Lower Darling","NV4","Native Vegetation","New South Wales Murray"
"668","Murray River - Hume to Yarrawonga","409207","OB3_S","NSW","Murray Lower Darling","NV4","Native Vegetation","New South Wales Murray"
"669","Upper Wakool River and Yallakool Creek","409207","OB3_S","NSW","Murray Lower Darling","NV4","Native Vegetation","New South Wales Murray"
"670","Murray River - Yarrawonga to Barmah","409207","OB3_S","NSW","Murray Lower Darling","NV4","Native Vegetation","New South Wales Murray"
"671","Murray River - Barmah to Barham","409207","OB4_P","NSW","Murray Lower Darling","NV4","Native Vegetation","New South Wales Murray"
"672","Edward River - Stevens Weir to Wakool River","409207","OB4_P","NSW","Murray Lower Darling","NV4","Native Vegetation","New South Wales Murray"
"673","Murray River - Hume to Yarrawonga","409207","OB4_P","NSW","Murray Lower Darling","NV4","Native Vegetation","New South Wales Murray"
"674","Upper Wakool River and Yallakool Creek","409207","OB4_P","NSW","Murray Lower Darling","NV4","Native Vegetation","New South Wales Murray"
"675","Murray River - Yarrawonga to Barmah","409207","OB4_P","NSW","Murray Lower Darling","NV4","Native Vegetation","New South Wales Murray"
"676","Murray River - Barmah to Barham","409207","OB4_S","NSW","Murray Lower Darling","NV4","Native Vegetation","New South Wales Murray"
"677","Edward River - Stevens Weir to Wakool River","409207","OB4_S","NSW","Murray Lower Darling","NV4","Native Vegetation","New South Wales Murray"
"678","Murray River - Hume to Yarrawonga","409207","OB4_S","NSW","Murray Lower Darling","NV4","Native Vegetation","New South Wales Murray"
"679","Upper Wakool River and Yallakool Creek","409207","OB4_S","NSW","Murray Lower Darling","NV4","Native Vegetation","New South Wales Murray"
"680","Murray River - Yarrawonga to Barmah","409207","OB4_S","NSW","Murray Lower Darling","NV4","Native Vegetation","New South Wales Murray"
"681","Murray River - Barmah to Barham","409207","OB5","NSW","Murray Lower Darling","NV4","Native Vegetation","New South Wales Murray"
"682","Edward River - Stevens Weir to Wakool River","409207","OB5","NSW","Murray Lower Darling","NV4","Native Vegetation","New South Wales Murray"
"683","Murray River - Hume to Yarrawonga","409207","OB5","NSW","Murray Lower Darling","NV4","Native Vegetation","New South Wales Murray"
"684","Upper Wakool River and Yallakool Creek","409207","OB5","NSW","Murray Lower Darling","NV4","Native Vegetation","New South Wales Murray"
"685","Murray River - Yarrawonga to Barmah","409207","OB5","NSW","Murray Lower Darling","NV4","Native Vegetation","New South Wales Murray"
"686","Murray River - Lock 15 weir pool to Lock 10","414203","LF1","NSW","Murray Lower Darling","NV4","Native Vegetation","Lower Darling"
"687","Lower Darling River - Weir 32 to downstream Burtundy","414203","LF1","NSW","Murray Lower Darling","NV4","Native Vegetation","Lower Darling"
"688","Murray River - Lock 10 to Lock 9","414203","LF1","NSW","Murray Lower Darling","NV4","Native Vegetation","Lower Darling"
"689","Darling Anabranch","414203","LF1","NSW","Murray Lower Darling","NV4","Native Vegetation","Lower Darling"
"690","Redbank and Tandou creeks","414203","LF1","NSW","Murray Lower Darling","NV4","Native Vegetation","Lower Darling"
"691","Lake Wetherall","414203","LF1","NSW","Murray Lower Darling","NV4","Native Vegetation","Lower Darling"
"692","Menindee Lakes","414203","LF1","NSW","Murray Lower Darling","NV4","Native Vegetation","Lower Darling"
"693","Murray River - Lock 9 to Lock 7","414203","LF1","NSW","Murray Lower Darling","NV4","Native Vegetation","Lower Darling"
"694","Murray River - Lock 7 to SA border","414203","LF1","NSW","Murray Lower Darling","NV4","Native Vegetation","Lower Darling"
"695","Murray River - Lock 15 weir pool to Lock 10","414203","LF2","NSW","Murray Lower Darling","NV4","Native Vegetation","Lower Darling"
"696","Lower Darling River - Weir 32 to downstream Burtundy","414203","LF2","NSW","Murray Lower Darling","NV4","Native Vegetation","Lower Darling"
"697","Murray River - Lock 10 to Lock 9","414203","LF2","NSW","Murray Lower Darling","NV4","Native Vegetation","Lower Darling"
"698","Darling Anabranch","414203","LF2","NSW","Murray Lower Darling","NV4","Native Vegetation","Lower Darling"
"699","Redbank and Tandou creeks","414203","LF2","NSW","Murray Lower Darling","NV4","Native Vegetation","Lower Darling"
"700","Lake Wetherall","414203","LF2","NSW","Murray Lower Darling","NV4","Native Vegetation","Lower Darling"
"701","Menindee Lakes","414203","LF2","NSW","Murray Lower Darling","NV4","Native Vegetation","Lower Darling"
"702","Murray River - Lock 9 to Lock 7","414203","LF2","NSW","Murray Lower Darling","NV4","Native Vegetation","Lower Darling"
"703","Murray River - Lock 7 to SA border","414203","LF2","NSW","Murray Lower Darling","NV4","Native Vegetation","Lower Darling"
"704","Murray River - Lock 15 weir pool to Lock 10","414203","BK1_S","NSW","Murray Lower Darling","NV4","Native Vegetation","Lower Darling"
"705","Lower Darling River - Weir 32 to downstream Burtundy","414203","BK1_S","NSW","Murray Lower Darling","NV4","Native Vegetation","Lower Darling"
"706","Murray River - Lock 10 to Lock 9","414203","BK1_S","NSW","Murray Lower Darling","NV4","Native Vegetation","Lower Darling"
"707","Darling Anabranch","414203","BK1_S","NSW","Murray Lower Darling","NV4","Native Vegetation","Lower Darling"
"708","Redbank and Tandou creeks","414203","BK1_S","NSW","Murray Lower Darling","NV4","Native Vegetation","Lower Darling"
"709","Lake Wetherall","414203","BK1_S","NSW","Murray Lower Darling","NV4","Native Vegetation","Lower Darling"
"710","Menindee Lakes","414203","BK1_S","NSW","Murray Lower Darling","NV4","Native Vegetation","Lower Darling"
"711","Murray River - Lock 9 to Lock 7","414203","BK1_S","NSW","Murray Lower Darling","NV4","Native Vegetation","Lower Darling"
"712","Murray River - Lock 7 to SA border","414203","BK1_S","NSW","Murray Lower Darling","NV4","Native Vegetation","Lower Darling"
"713","Murray River - Lock 15 weir pool to Lock 10","414203","BK1_P","NSW","Murray Lower Darling","NV4","Native Vegetation","Lower Darling"
"714","Lower Darling River - Weir 32 to downstream Burtundy","414203","BK1_P","NSW","Murray Lower Darling","NV4","Native Vegetation","Lower Darling"
"715","Murray River - Lock 10 to Lock 9","414203","BK1_P","NSW","Murray Lower Darling","NV4","Native Vegetation","Lower Darling"
"716","Darling Anabranch","414203","BK1_P","NSW","Murray Lower Darling","NV4","Native Vegetation","Lower Darling"
"717","Redbank and Tandou creeks","414203","BK1_P","NSW","Murray Lower Darling","NV4","Native Vegetation","Lower Darling"
"718","Lake Wetherall","414203","BK1_P","NSW","Murray Lower Darling","NV4","Native Vegetation","Lower Darling"
"719","Menindee Lakes","414203","BK1_P","NSW","Murray Lower Darling","NV4","Native Vegetation","Lower Darling"
"720","Murray River - Lock 9 to Lock 7","414203","BK1_P","NSW","Murray Lower Darling","NV4","Native Vegetation","Lower Darling"
"721","Murray River - Lock 7 to SA border","414203","BK1_P","NSW","Murray Lower Darling","NV4","Native Vegetation","Lower Darling"
"722","Murray River - Lock 15 weir pool to Lock 10","414203","OB1_S","NSW","Murray Lower Darling","NV4","Native Vegetation","Lower Darling"
"723","Lower Darling River - Weir 32 to downstream Burtundy","414203","OB1_S","NSW","Murray Lower Darling","NV4","Native Vegetation","Lower Darling"
"724","Murray River - Lock 10 to Lock 9","414203","OB1_S","NSW","Murray Lower Darling","NV4","Native Vegetation","Lower Darling"
"725","Darling Anabranch","414203","OB1_S","NSW","Murray Lower Darling","NV4","Native Vegetation","Lower Darling"
"726","Redbank and Tandou creeks","414203","OB1_S","NSW","Murray Lower Darling","NV4","Native Vegetation","Lower Darling"
"727","Lake Wetherall","414203","OB1_S","NSW","Murray Lower Darling","NV4","Native Vegetation","Lower Darling"
"728","Menindee Lakes","414203","OB1_S","NSW","Murray Lower Darling","NV4","Native Vegetation","Lower Darling"
"729","Murray River - Lock 9 to Lock 7","414203","OB1_S","NSW","Murray Lower Darling","NV4","Native Vegetation","Lower Darling"
"730","Murray River - Lock 7 to SA border","414203","OB1_S","NSW","Murray Lower Darling","NV4","Native Vegetation","Lower Darling"
"731","Murray River - Lock 15 weir pool to Lock 10","414203","OB1_P","NSW","Murray Lower Darling","NV4","Native Vegetation","Lower Darling"
"732","Lower Darling River - Weir 32 to downstream Burtundy","414203","OB1_P","NSW","Murray Lower Darling","NV4","Native Vegetation","Lower Darling"
"733","Murray River - Lock 10 to Lock 9","414203","OB1_P","NSW","Murray Lower Darling","NV4","Native Vegetation","Lower Darling"
"734","Darling Anabranch","414203","OB1_P","NSW","Murray Lower Darling","NV4","Native Vegetation","Lower Darling"
"735","Redbank and Tandou creeks","414203","OB1_P","NSW","Murray Lower Darling","NV4","Native Vegetation","Lower Darling"
"736","Lake Wetherall","414203","OB1_P","NSW","Murray Lower Darling","NV4","Native Vegetation","Lower Darling"
"737","Menindee Lakes","414203","OB1_P","NSW","Murray Lower Darling","NV4","Native Vegetation","Lower Darling"
"738","Murray River - Lock 9 to Lock 7","414203","OB1_P","NSW","Murray Lower Darling","NV4","Native Vegetation","Lower Darling"
"739","Murray River - Lock 7 to SA border","414203","OB1_P","NSW","Murray Lower Darling","NV4","Native Vegetation","Lower Darling"
"740","Murray River - Lock 15 weir pool to Lock 10","414203","OB2","NSW","Murray Lower Darling","NV4","Native Vegetation","Lower Darling"
"741","Lower Darling River - Weir 32 to downstream Burtundy","414203","OB2","NSW","Murray Lower Darling","NV4","Native Vegetation","Lower Darling"
"742","Murray River - Lock 10 to Lock 9","414203","OB2","NSW","Murray Lower Darling","NV4","Native Vegetation","Lower Darling"
"743","Darling Anabranch","414203","OB2","NSW","Murray Lower Darling","NV4","Native Vegetation","Lower Darling"
"744","Redbank and Tandou creeks","414203","OB2","NSW","Murray Lower Darling","NV4","Native Vegetation","Lower Darling"
"745","Lake Wetherall","414203","OB2","NSW","Murray Lower Darling","NV4","Native Vegetation","Lower Darling"
"746","Menindee Lakes","414203","OB2","NSW","Murray Lower Darling","NV4","Native Vegetation","Lower Darling"
"747","Murray River - Lock 9 to Lock 7","414203","OB2","NSW","Murray Lower Darling","NV4","Native Vegetation","Lower Darling"
"748","Murray River - Lock 7 to SA border","414203","OB2","NSW","Murray Lower Darling","NV4","Native Vegetation","Lower Darling"
"749","Murray River - Lock 15 weir pool to Lock 10","414203","OB3","NSW","Murray Lower Darling","NV4","Native Vegetation","Lower Darling"
"750","Lower Darling River - Weir 32 to downstream Burtundy","414203","OB3","NSW","Murray Lower Darling","NV4","Native Vegetation","Lower Darling"
"751","Murray River - Lock 10 to Lock 9","414203","OB3","NSW","Murray Lower Darling","NV4","Native Vegetation","Lower Darling"
"752","Darling Anabranch","414203","OB3","NSW","Murray Lower Darling","NV4","Native Vegetation","Lower Darling"
"753","Redbank and Tandou creeks","414203","OB3","NSW","Murray Lower Darling","NV4","Native Vegetation","Lower Darling"
"754","Lake Wetherall","414203","OB3","NSW","Murray Lower Darling","NV4","Native Vegetation","Lower Darling"
"755","Menindee Lakes","414203","OB3","NSW","Murray Lower Darling","NV4","Native Vegetation","Lower Darling"
"756","Murray River - Lock 9 to Lock 7","414203","OB3","NSW","Murray Lower Darling","NV4","Native Vegetation","Lower Darling"
"757","Murray River - Lock 7 to SA border","414203","OB3","NSW","Murray Lower Darling","NV4","Native Vegetation","Lower Darling"
"758","Murray River - Lock 15 weir pool to Lock 10","414203","OB4","NSW","Murray Lower Darling","NV4","Native Vegetation","Lower Darling"
"759","Lower Darling River - Weir 32 to downstream Burtundy","414203","OB4","NSW","Murray Lower Darling","NV4","Native Vegetation","Lower Darling"
"760","Murray River - Lock 10 to Lock 9","414203","OB4","NSW","Murray Lower Darling","NV4","Native Vegetation","Lower Darling"
"761","Darling Anabranch","414203","OB4","NSW","Murray Lower Darling","NV4","Native Vegetation","Lower Darling"
"762","Redbank and Tandou creeks","414203","OB4","NSW","Murray Lower Darling","NV4","Native Vegetation","Lower Darling"
"763","Lake Wetherall","414203","OB4","NSW","Murray Lower Darling","NV4","Native Vegetation","Lower Darling"
"764","Menindee Lakes","414203","OB4","NSW","Murray Lower Darling","NV4","Native Vegetation","Lower Darling"
"765","Murray River - Lock 9 to Lock 7","414203","OB4","NSW","Murray Lower Darling","NV4","Native Vegetation","Lower Darling"
"766","Murray River - Lock 7 to SA border","414203","OB4","NSW","Murray Lower Darling","NV4","Native Vegetation","Lower Darling"
"767","Murray River - Lock 15 weir pool to Lock 10","414203","OB5","NSW","Murray Lower Darling","NV4","Native Vegetation","Lower Darling"
"768","Lower Darling River - Weir 32 to downstream Burtundy","414203","OB5","NSW","Murray Lower Darling","NV4","Native Vegetation","Lower Darling"
"769","Murray River - Lock 10 to Lock 9","414203","OB5","NSW","Murray Lower Darling","NV4","Native Vegetation","Lower Darling"
"770","Darling Anabranch","414203","OB5","NSW","Murray Lower Darling","NV4","Native Vegetation","Lower Darling"
"771","Redbank and Tandou creeks","414203","OB5","NSW","Murray Lower Darling","NV4","Native Vegetation","Lower Darling"
"772","Lake Wetherall","414203","OB5","NSW","Murray Lower Darling","NV4","Native Vegetation","Lower Darling"
"773","Menindee Lakes","414203","OB5","NSW","Murray Lower Darling","NV4","Native Vegetation","Lower Darling"
"774","Murray River - Lock 9 to Lock 7","414203","OB5","NSW","Murray Lower Darling","NV4","Native Vegetation","Lower Darling"
"775","Murray River - Lock 7 to SA border","414203","OB5","NSW","Murray Lower Darling","NV4","Native Vegetation","Lower Darling"
"776","Murray River - Lock 15 weir pool to Lock 10","414203","SF2_S","NSW","Murray Lower Darling","NV4","Native Vegetation","Lower Darling"
"777","Lower Darling River - Weir 32 to downstream Burtundy","414203","SF2_S","NSW","Murray Lower Darling","NV4","Native Vegetation","Lower Darling"
"778","Murray River - Lock 10 to Lock 9","414203","SF2_S","NSW","Murray Lower Darling","NV4","Native Vegetation","Lower Darling"
"779","Darling Anabranch","414203","SF2_S","NSW","Murray Lower Darling","NV4","Native Vegetation","Lower Darling"
"780","Redbank and Tandou creeks","414203","SF2_S","NSW","Murray Lower Darling","NV4","Native Vegetation","Lower Darling"
"781","Lake Wetherall","414203","SF2_S","NSW","Murray Lower Darling","NV4","Native Vegetation","Lower Darling"
"782","Menindee Lakes","414203","SF2_S","NSW","Murray Lower Darling","NV4","Native Vegetation","Lower Darling"
"783","Murray River - Lock 9 to Lock 7","414203","SF2_S","NSW","Murray Lower Darling","NV4","Native Vegetation","Lower Darling"
"784","Murray River - Lock 7 to SA border","414203","SF2_S","NSW","Murray Lower Darling","NV4","Native Vegetation","Lower Darling"
"785","Murray River - Lock 15 weir pool to Lock 10","414203","SF2_P","NSW","Murray Lower Darling","NV4","Native Vegetation","Lower Darling"
"786","Lower Darling River - Weir 32 to downstream Burtundy","414203","SF2_P","NSW","Murray Lower Darling","NV4","Native Vegetation","Lower Darling"
"787","Murray River - Lock 10 to Lock 9","414203","SF2_P","NSW","Murray Lower Darling","NV4","Native Vegetation","Lower Darling"
"788","Darling Anabranch","414203","SF2_P","NSW","Murray Lower Darling","NV4","Native Vegetation","Lower Darling"
"789","Redbank and Tandou creeks","414203","SF2_P","NSW","Murray Lower Darling","NV4","Native Vegetation","Lower Darling"
"790","Lake Wetherall","414203","SF2_P","NSW","Murray Lower Darling","NV4","Native Vegetation","Lower Darling"
"791","Menindee Lakes","414203","SF2_P","NSW","Murray Lower Darling","NV4","Native Vegetation","Lower Darling"
"792","Murray River - Lock 9 to Lock 7","414203","SF2_P","NSW","Murray Lower Darling","NV4","Native Vegetation","Lower Darling"
"793","Murray River - Lock 7 to SA border","414203","SF2_P","NSW","Murray Lower Darling","NV4","Native Vegetation","Lower Darling"
"794","Murray River - Lock 15 weir pool to Lock 10","414203","WP2","NSW","Murray Lower Darling","NV4","Native Vegetation","Lower Darling"
"795","Lower Darling River - Weir 32 to downstream Burtundy","414203","WP2","NSW","Murray Lower Darling","NV4","Native Vegetation","Lower Darling"
"796","Murray River - Lock 10 to Lock 9","414203","WP2","NSW","Murray Lower Darling","NV4","Native Vegetation","Lower Darling"
"797","Darling Anabranch","414203","WP2","NSW","Murray Lower Darling","NV4","Native Vegetation","Lower Darling"
"798","Redbank and Tandou creeks","414203","WP2","NSW","Murray Lower Darling","NV4","Native Vegetation","Lower Darling"
"799","Lake Wetherall","414203","WP2","NSW","Murray Lower Darling","NV4","Native Vegetation","Lower Darling"
"800","Menindee Lakes","414203","WP2","NSW","Murray Lower Darling","NV4","Native Vegetation","Lower Darling"
"801","Murray River - Lock 9 to Lock 7","414203","WP2","NSW","Murray Lower Darling","NV4","Native Vegetation","Lower Darling"
"802","Murray River - Lock 7 to SA border","414203","WP2","NSW","Murray Lower Darling","NV4","Native Vegetation","Lower Darling"
"803","Murray River - Lock 15 weir pool to Lock 10","425007","SF2","NSW","Murray Lower Darling","NV4","Native Vegetation","Lower Darling"
"804","Lower Darling River - Weir 32 to downstream Burtundy","425007","SF2","NSW","Murray Lower Darling","NV4","Native Vegetation","Lower Darling"
"805","Murray River - Lock 10 to Lock 9","425007","SF2","NSW","Murray Lower Darling","NV4","Native Vegetation","Lower Darling"
"806","Darling Anabranch","425007","SF2","NSW","Murray Lower Darling","NV4","Native Vegetation","Lower Darling"
"807","Redbank and Tandou creeks","425007","SF2","NSW","Murray Lower Darling","NV4","Native Vegetation","Lower Darling"
"808","Lake Wetherall","425007","SF2","NSW","Murray Lower Darling","NV4","Native Vegetation","Lower Darling"
"809","Menindee Lakes","425007","SF2","NSW","Murray Lower Darling","NV4","Native Vegetation","Lower Darling"
"810","Murray River - Lock 9 to Lock 7","425007","SF2","NSW","Murray Lower Darling","NV4","Native Vegetation","Lower Darling"
"811","Murray River - Lock 7 to SA border","425007","SF2","NSW","Murray Lower Darling","NV4","Native Vegetation","Lower Darling"
"812","Murray River - Lock 15 weir pool to Lock 10","425007","LF1_P","NSW","Murray Lower Darling","NV4","Native Vegetation","Lower Darling"
"813","Lower Darling River - Weir 32 to downstream Burtundy","425007","LF1_P","NSW","Murray Lower Darling","NV4","Native Vegetation","Lower Darling"
"814","Murray River - Lock 10 to Lock 9","425007","LF1_P","NSW","Murray Lower Darling","NV4","Native Vegetation","Lower Darling"
"815","Darling Anabranch","425007","LF1_P","NSW","Murray Lower Darling","NV4","Native Vegetation","Lower Darling"
"816","Redbank and Tandou creeks","425007","LF1_P","NSW","Murray Lower Darling","NV4","Native Vegetation","Lower Darling"
"817","Lake Wetherall","425007","LF1_P","NSW","Murray Lower Darling","NV4","Native Vegetation","Lower Darling"
"818","Menindee Lakes","425007","LF1_P","NSW","Murray Lower Darling","NV4","Native Vegetation","Lower Darling"
"819","Murray River - Lock 9 to Lock 7","425007","LF1_P","NSW","Murray Lower Darling","NV4","Native Vegetation","Lower Darling"
"820","Murray River - Lock 7 to SA border","425007","LF1_P","NSW","Murray Lower Darling","NV4","Native Vegetation","Lower Darling"
"821","Murray River - Lock 15 weir pool to Lock 10","425007","LF1_S","NSW","Murray Lower Darling","NV4","Native Vegetation","Lower Darling"
"822","Lower Darling River - Weir 32 to downstream Burtundy","425007","LF1_S","NSW","Murray Lower Darling","NV4","Native Vegetation","Lower Darling"
"823","Murray River - Lock 10 to Lock 9","425007","LF1_S","NSW","Murray Lower Darling","NV4","Native Vegetation","Lower Darling"
"824","Darling Anabranch","425007","LF1_S","NSW","Murray Lower Darling","NV4","Native Vegetation","Lower Darling"
"825","Redbank and Tandou creeks","425007","LF1_S","NSW","Murray Lower Darling","NV4","Native Vegetation","Lower Darling"
"826","Lake Wetherall","425007","LF1_S","NSW","Murray Lower Darling","NV4","Native Vegetation","Lower Darling"
"827","Menindee Lakes","425007","LF1_S","NSW","Murray Lower Darling","NV4","Native Vegetation","Lower Darling"
"828","Murray River - Lock 9 to Lock 7","425007","LF1_S","NSW","Murray Lower Darling","NV4","Native Vegetation","Lower Darling"
"829","Murray River - Lock 7 to SA border","425007","LF1_S","NSW","Murray Lower Darling","NV4","Native Vegetation","Lower Darling"
"830","Murray River - Lock 15 weir pool to Lock 10","425007","LF2_S","NSW","Murray Lower Darling","NV4","Native Vegetation","Lower Darling"
"831","Lower Darling River - Weir 32 to downstream Burtundy","425007","LF2_S","NSW","Murray Lower Darling","NV4","Native Vegetation","Lower Darling"
"832","Murray River - Lock 10 to Lock 9","425007","LF2_S","NSW","Murray Lower Darling","NV4","Native Vegetation","Lower Darling"
"833","Darling Anabranch","425007","LF2_S","NSW","Murray Lower Darling","NV4","Native Vegetation","Lower Darling"
"834","Redbank and Tandou creeks","425007","LF2_S","NSW","Murray Lower Darling","NV4","Native Vegetation","Lower Darling"
"835","Lake Wetherall","425007","LF2_S","NSW","Murray Lower Darling","NV4","Native Vegetation","Lower Darling"
"836","Menindee Lakes","425007","LF2_S","NSW","Murray Lower Darling","NV4","Native Vegetation","Lower Darling"
"837","Murray River - Lock 9 to Lock 7","425007","LF2_S","NSW","Murray Lower Darling","NV4","Native Vegetation","Lower Darling"
"838","Murray River - Lock 7 to SA border","425007","LF2_S","NSW","Murray Lower Darling","NV4","Native Vegetation","Lower Darling"
"839","Murray River - Lock 15 weir pool to Lock 10","425007","LF2_P","NSW","Murray Lower Darling","NV4","Native Vegetation","Lower Darling"
"840","Lower Darling River - Weir 32 to downstream Burtundy","425007","LF2_P","NSW","Murray Lower Darling","NV4","Native Vegetation","Lower Darling"
"841","Murray River - Lock 10 to Lock 9","425007","LF2_P","NSW","Murray Lower Darling","NV4","Native Vegetation","Lower Darling"
"842","Darling Anabranch","425007","LF2_P","NSW","Murray Lower Darling","NV4","Native Vegetation","Lower Darling"
"843","Redbank and Tandou creeks","425007","LF2_P","NSW","Murray Lower Darling","NV4","Native Vegetation","Lower Darling"
"844","Lake Wetherall","425007","LF2_P","NSW","Murray Lower Darling","NV4","Native Vegetation","Lower Darling"
"845","Menindee Lakes","425007","LF2_P","NSW","Murray Lower Darling","NV4","Native Vegetation","Lower Darling"
"846","Murray River - Lock 9 to Lock 7","425007","LF2_P","NSW","Murray Lower Darling","NV4","Native Vegetation","Lower Darling"
"847","Murray River - Lock 7 to SA border","425007","LF2_P","NSW","Murray Lower Darling","NV4","Native Vegetation","Lower Darling"
"848","Murray River - Lock 15 weir pool to Lock 10","425007","LF3_S","NSW","Murray Lower Darling","NV4","Native Vegetation","Lower Darling"
"849","Lower Darling River - Weir 32 to downstream Burtundy","425007","LF3_S","NSW","Murray Lower Darling","NV4","Native Vegetation","Lower Darling"
"850","Murray River - Lock 10 to Lock 9","425007","LF3_S","NSW","Murray Lower Darling","NV4","Native Vegetation","Lower Darling"
"851","Darling Anabranch","425007","LF3_S","NSW","Murray Lower Darling","NV4","Native Vegetation","Lower Darling"
"852","Redbank and Tandou creeks","425007","LF3_S","NSW","Murray Lower Darling","NV4","Native Vegetation","Lower Darling"
"853","Lake Wetherall","425007","LF3_S","NSW","Murray Lower Darling","NV4","Native Vegetation","Lower Darling"
"854","Menindee Lakes","425007","LF3_S","NSW","Murray Lower Darling","NV4","Native Vegetation","Lower Darling"
"855","Murray River - Lock 9 to Lock 7","425007","LF3_S","NSW","Murray Lower Darling","NV4","Native Vegetation","Lower Darling"
"856","Murray River - Lock 7 to SA border","425007","LF3_S","NSW","Murray Lower Darling","NV4","Native Vegetation","Lower Darling"
"857","Murray River - Lock 15 weir pool to Lock 10","425007","LF3_P","NSW","Murray Lower Darling","NV4","Native Vegetation","Lower Darling"
"858","Lower Darling River - Weir 32 to downstream Burtundy","425007","LF3_P","NSW","Murray Lower Darling","NV4","Native Vegetation","Lower Darling"
"859","Murray River - Lock 10 to Lock 9","425007","LF3_P","NSW","Murray Lower Darling","NV4","Native Vegetation","Lower Darling"
"860","Darling Anabranch","425007","LF3_P","NSW","Murray Lower Darling","NV4","Native Vegetation","Lower Darling"
"861","Redbank and Tandou creeks","425007","LF3_P","NSW","Murray Lower Darling","NV4","Native Vegetation","Lower Darling"
"862","Lake Wetherall","425007","LF3_P","NSW","Murray Lower Darling","NV4","Native Vegetation","Lower Darling"
"863","Menindee Lakes","425007","LF3_P","NSW","Murray Lower Darling","NV4","Native Vegetation","Lower Darling"
"864","Murray River - Lock 9 to Lock 7","425007","LF3_P","NSW","Murray Lower Darling","NV4","Native Vegetation","Lower Darling"
"865","Murray River - Lock 7 to SA border","425007","LF3_P","NSW","Murray Lower Darling","NV4","Native Vegetation","Lower Darling"
"866","Murray River - Lock 15 weir pool to Lock 10","425007","BK1_S","NSW","Murray Lower Darling","NV4","Native Vegetation","Lower Darling"
"867","Lower Darling River - Weir 32 to downstream Burtundy","425007","BK1_S","NSW","Murray Lower Darling","NV4","Native Vegetation","Lower Darling"
"868","Murray River - Lock 10 to Lock 9","425007","BK1_S","NSW","Murray Lower Darling","NV4","Native Vegetation","Lower Darling"
"869","Darling Anabranch","425007","BK1_S","NSW","Murray Lower Darling","NV4","Native Vegetation","Lower Darling"
"870","Redbank and Tandou creeks","425007","BK1_S","NSW","Murray Lower Darling","NV4","Native Vegetation","Lower Darling"
"871","Lake Wetherall","425007","BK1_S","NSW","Murray Lower Darling","NV4","Native Vegetation","Lower Darling"
"872","Menindee Lakes","425007","BK1_S","NSW","Murray Lower Darling","NV4","Native Vegetation","Lower Darling"
"873","Murray River - Lock 9 to Lock 7","425007","BK1_S","NSW","Murray Lower Darling","NV4","Native Vegetation","Lower Darling"
"874","Murray River - Lock 7 to SA border","425007","BK1_S","NSW","Murray Lower Darling","NV4","Native Vegetation","Lower Darling"
"875","Murray River - Lock 15 weir pool to Lock 10","425007","BK1a_P","NSW","Murray Lower Darling","NV4","Native Vegetation","Lower Darling"
"876","Lower Darling River - Weir 32 to downstream Burtundy","425007","BK1a_P","NSW","Murray Lower Darling","NV4","Native Vegetation","Lower Darling"
"877","Murray River - Lock 10 to Lock 9","425007","BK1a_P","NSW","Murray Lower Darling","NV4","Native Vegetation","Lower Darling"
"878","Darling Anabranch","425007","BK1a_P","NSW","Murray Lower Darling","NV4","Native Vegetation","Lower Darling"
"879","Redbank and Tandou creeks","425007","BK1a_P","NSW","Murray Lower Darling","NV4","Native Vegetation","Lower Darling"
"880","Lake Wetherall","425007","BK1a_P","NSW","Murray Lower Darling","NV4","Native Vegetation","Lower Darling"
"881","Menindee Lakes","425007","BK1a_P","NSW","Murray Lower Darling","NV4","Native Vegetation","Lower Darling"
"882","Murray River - Lock 9 to Lock 7","425007","BK1a_P","NSW","Murray Lower Darling","NV4","Native Vegetation","Lower Darling"
"883","Murray River - Lock 7 to SA border","425007","BK1a_P","NSW","Murray Lower Darling","NV4","Native Vegetation","Lower Darling"
"884","Murray River - Lock 15 weir pool to Lock 10","425007","OB1_S","NSW","Murray Lower Darling","NV4","Native Vegetation","Lower Darling"
"885","Lower Darling River - Weir 32 to downstream Burtundy","425007","OB1_S","NSW","Murray Lower Darling","NV4","Native Vegetation","Lower Darling"
"886","Murray River - Lock 10 to Lock 9","425007","OB1_S","NSW","Murray Lower Darling","NV4","Native Vegetation","Lower Darling"
"887","Darling Anabranch","425007","OB1_S","NSW","Murray Lower Darling","NV4","Native Vegetation","Lower Darling"
"888","Redbank and Tandou creeks","425007","OB1_S","NSW","Murray Lower Darling","NV4","Native Vegetation","Lower Darling"
"889","Lake Wetherall","425007","OB1_S","NSW","Murray Lower Darling","NV4","Native Vegetation","Lower Darling"
"890","Menindee Lakes","425007","OB1_S","NSW","Murray Lower Darling","NV4","Native Vegetation","Lower Darling"
"891","Murray River - Lock 9 to Lock 7","425007","OB1_S","NSW","Murray Lower Darling","NV4","Native Vegetation","Lower Darling"
"892","Murray River - Lock 7 to SA border","425007","OB1_S","NSW","Murray Lower Darling","NV4","Native Vegetation","Lower Darling"
"893","Murray River - Lock 15 weir pool to Lock 10","425007","OB1_P","NSW","Murray Lower Darling","NV4","Native Vegetation","Lower Darling"
"894","Lower Darling River - Weir 32 to downstream Burtundy","425007","OB1_P","NSW","Murray Lower Darling","NV4","Native Vegetation","Lower Darling"
"895","Murray River - Lock 10 to Lock 9","425007","OB1_P","NSW","Murray Lower Darling","NV4","Native Vegetation","Lower Darling"
"896","Darling Anabranch","425007","OB1_P","NSW","Murray Lower Darling","NV4","Native Vegetation","Lower Darling"
"897","Redbank and Tandou creeks","425007","OB1_P","NSW","Murray Lower Darling","NV4","Native Vegetation","Lower Darling"
"898","Lake Wetherall","425007","OB1_P","NSW","Murray Lower Darling","NV4","Native Vegetation","Lower Darling"
"899","Menindee Lakes","425007","OB1_P","NSW","Murray Lower Darling","NV4","Native Vegetation","Lower Darling"
"900","Murray River - Lock 9 to Lock 7","425007","OB1_P","NSW","Murray Lower Darling","NV4","Native Vegetation","Lower Darling"
"901","Murray River - Lock 7 to SA border","425007","OB1_P","NSW","Murray Lower Darling","NV4","Native Vegetation","Lower Darling"
"902","Murray River - Lock 15 weir pool to Lock 10","425007","OB2","NSW","Murray Lower Darling","NV4","Native Vegetation","Lower Darling"
"903","Lower Darling River - Weir 32 to downstream Burtundy","425007","OB2","NSW","Murray Lower Darling","NV4","Native Vegetation","Lower Darling"
"904","Murray River - Lock 10 to Lock 9","425007","OB2","NSW","Murray Lower Darling","NV4","Native Vegetation","Lower Darling"
"905","Darling Anabranch","425007","OB2","NSW","Murray Lower Darling","NV4","Native Vegetation","Lower Darling"
"906","Redbank and Tandou creeks","425007","OB2","NSW","Murray Lower Darling","NV4","Native Vegetation","Lower Darling"
"907","Lake Wetherall","425007","OB2","NSW","Murray Lower Darling","NV4","Native Vegetation","Lower Darling"
"908","Menindee Lakes","425007","OB2","NSW","Murray Lower Darling","NV4","Native Vegetation","Lower Darling"
"909","Murray River - Lock 9 to Lock 7","425007","OB2","NSW","Murray Lower Darling","NV4","Native Vegetation","Lower Darling"
"910","Murray River - Lock 7 to SA border","425007","OB2","NSW","Murray Lower Darling","NV4","Native Vegetation","Lower Darling"
"911","Murray River - Lock 15 weir pool to Lock 10","425007","OB3","NSW","Murray Lower Darling","NV4","Native Vegetation","Lower Darling"
"912","Lower Darling River - Weir 32 to downstream Burtundy","425007","OB3","NSW","Murray Lower Darling","NV4","Native Vegetation","Lower Darling"
"913","Murray River - Lock 10 to Lock 9","425007","OB3","NSW","Murray Lower Darling","NV4","Native Vegetation","Lower Darling"
"914","Darling Anabranch","425007","OB3","NSW","Murray Lower Darling","NV4","Native Vegetation","Lower Darling"
"915","Redbank and Tandou creeks","425007","OB3","NSW","Murray Lower Darling","NV4","Native Vegetation","Lower Darling"
"916","Lake Wetherall","425007","OB3","NSW","Murray Lower Darling","NV4","Native Vegetation","Lower Darling"
"917","Menindee Lakes","425007","OB3","NSW","Murray Lower Darling","NV4","Native Vegetation","Lower Darling"
"918","Murray River - Lock 9 to Lock 7","425007","OB3","NSW","Murray Lower Darling","NV4","Native Vegetation","Lower Darling"
"919","Murray River - Lock 7 to SA border","425007","OB3","NSW","Murray Lower Darling","NV4","Native Vegetation","Lower Darling"
"920","Murray River - Lock 15 weir pool to Lock 10","425007","OB4","NSW","Murray Lower Darling","NV4","Native Vegetation","Lower Darling"
"921","Lower Darling River - Weir 32 to downstream Burtundy","425007","OB4","NSW","Murray Lower Darling","NV4","Native Vegetation","Lower Darling"
"922","Murray River - Lock 10 to Lock 9","425007","OB4","NSW","Murray Lower Darling","NV4","Native Vegetation","Lower Darling"
"923","Darling Anabranch","425007","OB4","NSW","Murray Lower Darling","NV4","Native Vegetation","Lower Darling"
"924","Redbank and Tandou creeks","425007","OB4","NSW","Murray Lower Darling","NV4","Native Vegetation","Lower Darling"
"925","Lake Wetherall","425007","OB4","NSW","Murray Lower Darling","NV4","Native Vegetation","Lower Darling"
"926","Menindee Lakes","425007","OB4","NSW","Murray Lower Darling","NV4","Native Vegetation","Lower Darling"
"927","Murray River - Lock 9 to Lock 7","425007","OB4","NSW","Murray Lower Darling","NV4","Native Vegetation","Lower Darling"
"928","Murray River - Lock 7 to SA border","425007","OB4","NSW","Murray Lower Darling","NV4","Native Vegetation","Lower Darling"
"929","Murray River - Lock 15 weir pool to Lock 10","425007","OB5","NSW","Murray Lower Darling","NV4","Native Vegetation","Lower Darling"
"930","Lower Darling River - Weir 32 to downstream Burtundy","425007","OB5","NSW","Murray Lower Darling","NV4","Native Vegetation","Lower Darling"
"931","Murray River - Lock 10 to Lock 9","425007","OB5","NSW","Murray Lower Darling","NV4","Native Vegetation","Lower Darling"
"932","Darling Anabranch","425007","OB5","NSW","Murray Lower Darling","NV4","Native Vegetation","Lower Darling"
"933","Redbank and Tandou creeks","425007","OB5","NSW","Murray Lower Darling","NV4","Native Vegetation","Lower Darling"
"934","Lake Wetherall","425007","OB5","NSW","Murray Lower Darling","NV4","Native Vegetation","Lower Darling"
"935","Menindee Lakes","425007","OB5","NSW","Murray Lower Darling","NV4","Native Vegetation","Lower Darling"
"936","Murray River - Lock 9 to Lock 7","425007","OB5","NSW","Murray Lower Darling","NV4","Native Vegetation","Lower Darling"
"937","Murray River - Lock 7 to SA border","425007","OB5","NSW","Murray Lower Darling","NV4","Native Vegetation","Lower Darling"
"938","Murray River - Lock 15 weir pool to Lock 10","425010","SF2","NSW","Murray Lower Darling","NV4","Native Vegetation","Lower Darling"
"939","Lower Darling River - Weir 32 to downstream Burtundy","425010","SF2","NSW","Murray Lower Darling","NV4","Native Vegetation","Lower Darling"
"940","Murray River - Lock 10 to Lock 9","425010","SF2","NSW","Murray Lower Darling","NV4","Native Vegetation","Lower Darling"
"941","Darling Anabranch","425010","SF2","NSW","Murray Lower Darling","NV4","Native Vegetation","Lower Darling"
"942","Redbank and Tandou creeks","425010","SF2","NSW","Murray Lower Darling","NV4","Native Vegetation","Lower Darling"
"943","Lake Wetherall","425010","SF2","NSW","Murray Lower Darling","NV4","Native Vegetation","Lower Darling"
"944","Menindee Lakes","425010","SF2","NSW","Murray Lower Darling","NV4","Native Vegetation","Lower Darling"
"945","Murray River - Lock 9 to Lock 7","425010","SF2","NSW","Murray Lower Darling","NV4","Native Vegetation","Lower Darling"
"946","Murray River - Lock 7 to SA border","425010","SF2","NSW","Murray Lower Darling","NV4","Native Vegetation","Lower Darling"
"947","Murray River - Lock 15 weir pool to Lock 10","425010","LF1","NSW","Murray Lower Darling","NV4","Native Vegetation","Lower Darling"
"948","Lower Darling River - Weir 32 to downstream Burtundy","425010","LF1","NSW","Murray Lower Darling","NV4","Native Vegetation","Lower Darling"
"949","Murray River - Lock 10 to Lock 9","425010","LF1","NSW","Murray Lower Darling","NV4","Native Vegetation","Lower Darling"
"950","Darling Anabranch","425010","LF1","NSW","Murray Lower Darling","NV4","Native Vegetation","Lower Darling"
"951","Redbank and Tandou creeks","425010","LF1","NSW","Murray Lower Darling","NV4","Native Vegetation","Lower Darling"
"952","Lake Wetherall","425010","LF1","NSW","Murray Lower Darling","NV4","Native Vegetation","Lower Darling"
"953","Menindee Lakes","425010","LF1","NSW","Murray Lower Darling","NV4","Native Vegetation","Lower Darling"
"954","Murray River - Lock 9 to Lock 7","425010","LF1","NSW","Murray Lower Darling","NV4","Native Vegetation","Lower Darling"
"955","Murray River - Lock 7 to SA border","425010","LF1","NSW","Murray Lower Darling","NV4","Native Vegetation","Lower Darling"
"956","Murray River - Lock 15 weir pool to Lock 10","425010","LF2","NSW","Murray Lower Darling","NV4","Native Vegetation","Lower Darling"
"957","Lower Darling River - Weir 32 to downstream Burtundy","425010","LF2","NSW","Murray Lower Darling","NV4","Native Vegetation","Lower Darling"
"958","Murray River - Lock 10 to Lock 9","425010","LF2","NSW","Murray Lower Darling","NV4","Native Vegetation","Lower Darling"
"959","Darling Anabranch","425010","LF2","NSW","Murray Lower Darling","NV4","Native Vegetation","Lower Darling"
"960","Redbank and Tandou creeks","425010","LF2","NSW","Murray Lower Darling","NV4","Native Vegetation","Lower Darling"
"961","Lake Wetherall","425010","LF2","NSW","Murray Lower Darling","NV4","Native Vegetation","Lower Darling"
"962","Menindee Lakes","425010","LF2","NSW","Murray Lower Darling","NV4","Native Vegetation","Lower Darling"
"963","Murray River - Lock 9 to Lock 7","425010","LF2","NSW","Murray Lower Darling","NV4","Native Vegetation","Lower Darling"
"964","Murray River - Lock 7 to SA border","425010","LF2","NSW","Murray Lower Darling","NV4","Native Vegetation","Lower Darling"
"965","Murray River - Lock 15 weir pool to Lock 10","425010","BK1_S","NSW","Murray Lower Darling","NV4","Native Vegetation","Lower Darling"
"966","Lower Darling River - Weir 32 to downstream Burtundy","425010","BK1_S","NSW","Murray Lower Darling","NV4","Native Vegetation","Lower Darling"
"967","Murray River - Lock 10 to Lock 9","425010","BK1_S","NSW","Murray Lower Darling","NV4","Native Vegetation","Lower Darling"
"968","Darling Anabranch","425010","BK1_S","NSW","Murray Lower Darling","NV4","Native Vegetation","Lower Darling"
"969","Redbank and Tandou creeks","425010","BK1_S","NSW","Murray Lower Darling","NV4","Native Vegetation","Lower Darling"
"970","Lake Wetherall","425010","BK1_S","NSW","Murray Lower Darling","NV4","Native Vegetation","Lower Darling"
"971","Menindee Lakes","425010","BK1_S","NSW","Murray Lower Darling","NV4","Native Vegetation","Lower Darling"
"972","Murray River - Lock 9 to Lock 7","425010","BK1_S","NSW","Murray Lower Darling","NV4","Native Vegetation","Lower Darling"
"973","Murray River - Lock 7 to SA border","425010","BK1_S","NSW","Murray Lower Darling","NV4","Native Vegetation","Lower Darling"
"974","Murray River - Lock 15 weir pool to Lock 10","425010","BK1_P","NSW","Murray Lower Darling","NV4","Native Vegetation","Lower Darling"
"975","Lower Darling River - Weir 32 to downstream Burtundy","425010","BK1_P","NSW","Murray Lower Darling","NV4","Native Vegetation","Lower Darling"
"976","Murray River - Lock 10 to Lock 9","425010","BK1_P","NSW","Murray Lower Darling","NV4","Native Vegetation","Lower Darling"
"977","Darling Anabranch","425010","BK1_P","NSW","Murray Lower Darling","NV4","Native Vegetation","Lower Darling"
"978","Redbank and Tandou creeks","425010","BK1_P","NSW","Murray Lower Darling","NV4","Native Vegetation","Lower Darling"
"979","Lake Wetherall","425010","BK1_P","NSW","Murray Lower Darling","NV4","Native Vegetation","Lower Darling"
"980","Menindee Lakes","425010","BK1_P","NSW","Murray Lower Darling","NV4","Native Vegetation","Lower Darling"
"981","Murray River - Lock 9 to Lock 7","425010","BK1_P","NSW","Murray Lower Darling","NV4","Native Vegetation","Lower Darling"
"982","Murray River - Lock 7 to SA border","425010","BK1_P","NSW","Murray Lower Darling","NV4","Native Vegetation","Lower Darling"
"983","Murray River - Lock 15 weir pool to Lock 10","425010","OB1_S","NSW","Murray Lower Darling","NV4","Native Vegetation","Lower Darling"
"984","Lower Darling River - Weir 32 to downstream Burtundy","425010","OB1_S","NSW","Murray Lower Darling","NV4","Native Vegetation","Lower Darling"
"985","Murray River - Lock 10 to Lock 9","425010","OB1_S","NSW","Murray Lower Darling","NV4","Native Vegetation","Lower Darling"
"986","Darling Anabranch","425010","OB1_S","NSW","Murray Lower Darling","NV4","Native Vegetation","Lower Darling"
"987","Redbank and Tandou creeks","425010","OB1_S","NSW","Murray Lower Darling","NV4","Native Vegetation","Lower Darling"
"988","Lake Wetherall","425010","OB1_S","NSW","Murray Lower Darling","NV4","Native Vegetation","Lower Darling"
"989","Menindee Lakes","425010","OB1_S","NSW","Murray Lower Darling","NV4","Native Vegetation","Lower Darling"
"990","Murray River - Lock 9 to Lock 7","425010","OB1_S","NSW","Murray Lower Darling","NV4","Native Vegetation","Lower Darling"
"991","Murray River - Lock 7 to SA border","425010","OB1_S","NSW","Murray Lower Darling","NV4","Native Vegetation","Lower Darling"
"992","Murray River - Lock 15 weir pool to Lock 10","425010","OB1_P","NSW","Murray Lower Darling","NV4","Native Vegetation","Lower Darling"
"993","Lower Darling River - Weir 32 to downstream Burtundy","425010","OB1_P","NSW","Murray Lower Darling","NV4","Native Vegetation","Lower Darling"
"994","Murray River - Lock 10 to Lock 9","425010","OB1_P","NSW","Murray Lower Darling","NV4","Native Vegetation","Lower Darling"
"995","Darling Anabranch","425010","OB1_P","NSW","Murray Lower Darling","NV4","Native Vegetation","Lower Darling"
"996","Redbank and Tandou creeks","425010","OB1_P","NSW","Murray Lower Darling","NV4","Native Vegetation","Lower Darling"
"997","Lake Wetherall","425010","OB1_P","NSW","Murray Lower Darling","NV4","Native Vegetation","Lower Darling"
"998","Menindee Lakes","425010","OB1_P","NSW","Murray Lower Darling","NV4","Native Vegetation","Lower Darling"
"999","Murray River - Lock 9 to Lock 7","425010","OB1_P","NSW","Murray Lower Darling","NV4","Native Vegetation","Lower Darling"
"1000","Murray River - Lock 7 to SA border","425010","OB1_P","NSW","Murray Lower Darling","NV4","Native Vegetation","Lower Darling"
"1001","Murray River - Lock 15 weir pool to Lock 10","425010","OB2","NSW","Murray Lower Darling","NV4","Native Vegetation","Lower Darling"
"1002","Lower Darling River - Weir 32 to downstream Burtundy","425010","OB2","NSW","Murray Lower Darling","NV4","Native Vegetation","Lower Darling"
"1003","Murray River - Lock 10 to Lock 9","425010","OB2","NSW","Murray Lower Darling","NV4","Native Vegetation","Lower Darling"
"1004","Darling Anabranch","425010","OB2","NSW","Murray Lower Darling","NV4","Native Vegetation","Lower Darling"
"1005","Redbank and Tandou creeks","425010","OB2","NSW","Murray Lower Darling","NV4","Native Vegetation","Lower Darling"
"1006","Lake Wetherall","425010","OB2","NSW","Murray Lower Darling","NV4","Native Vegetation","Lower Darling"
"1007","Menindee Lakes","425010","OB2","NSW","Murray Lower Darling","NV4","Native Vegetation","Lower Darling"
"1008","Murray River - Lock 9 to Lock 7","425010","OB2","NSW","Murray Lower Darling","NV4","Native Vegetation","Lower Darling"
"1009","Murray River - Lock 7 to SA border","425010","OB2","NSW","Murray Lower Darling","NV4","Native Vegetation","Lower Darling"
"1010","Murray River - Lock 15 weir pool to Lock 10","425010","OB3","NSW","Murray Lower Darling","NV4","Native Vegetation","Lower Darling"
"1011","Lower Darling River - Weir 32 to downstream Burtundy","425010","OB3","NSW","Murray Lower Darling","NV4","Native Vegetation","Lower Darling"
"1012","Murray River - Lock 10 to Lock 9","425010","OB3","NSW","Murray Lower Darling","NV4","Native Vegetation","Lower Darling"
"1013","Darling Anabranch","425010","OB3","NSW","Murray Lower Darling","NV4","Native Vegetation","Lower Darling"
"1014","Redbank and Tandou creeks","425010","OB3","NSW","Murray Lower Darling","NV4","Native Vegetation","Lower Darling"
"1015","Lake Wetherall","425010","OB3","NSW","Murray Lower Darling","NV4","Native Vegetation","Lower Darling"
"1016","Menindee Lakes","425010","OB3","NSW","Murray Lower Darling","NV4","Native Vegetation","Lower Darling"
"1017","Murray River - Lock 9 to Lock 7","425010","OB3","NSW","Murray Lower Darling","NV4","Native Vegetation","Lower Darling"
"1018","Murray River - Lock 7 to SA border","425010","OB3","NSW","Murray Lower Darling","NV4","Native Vegetation","Lower Darling"
"1019","Murray River - Lock 15 weir pool to Lock 10","425010","OB4","NSW","Murray Lower Darling","NV4","Native Vegetation","Lower Darling"
"1020","Lower Darling River - Weir 32 to downstream Burtundy","425010","OB4","NSW","Murray Lower Darling","NV4","Native Vegetation","Lower Darling"
"1021","Murray River - Lock 10 to Lock 9","425010","OB4","NSW","Murray Lower Darling","NV4","Native Vegetation","Lower Darling"
"1022","Darling Anabranch","425010","OB4","NSW","Murray Lower Darling","NV4","Native Vegetation","Lower Darling"
"1023","Redbank and Tandou creeks","425010","OB4","NSW","Murray Lower Darling","NV4","Native Vegetation","Lower Darling"
"1024","Lake Wetherall","425010","OB4","NSW","Murray Lower Darling","NV4","Native Vegetation","Lower Darling"
"1025","Menindee Lakes","425010","OB4","NSW","Murray Lower Darling","NV4","Native Vegetation","Lower Darling"
"1026","Murray River - Lock 9 to Lock 7","425010","OB4","NSW","Murray Lower Darling","NV4","Native Vegetation","Lower Darling"
"1027","Murray River - Lock 7 to SA border","425010","OB4","NSW","Murray Lower Darling","NV4","Native Vegetation","Lower Darling"
"1028","Murray River - Lock 15 weir pool to Lock 10","425010","WP2","NSW","Murray Lower Darling","NV4","Native Vegetation","Lower Darling"
"1029","Lower Darling River - Weir 32 to downstream Burtundy","425010","WP2","NSW","Murray Lower Darling","NV4","Native Vegetation","Lower Darling"
"1030","Murray River - Lock 10 to Lock 9","425010","WP2","NSW","Murray Lower Darling","NV4","Native Vegetation","Lower Darling"
"1031","Darling Anabranch","425010","WP2","NSW","Murray Lower Darling","NV4","Native Vegetation","Lower Darling"
"1032","Redbank and Tandou creeks","425010","WP2","NSW","Murray Lower Darling","NV4","Native Vegetation","Lower Darling"
"1033","Lake Wetherall","425010","WP2","NSW","Murray Lower Darling","NV4","Native Vegetation","Lower Darling"
"1034","Menindee Lakes","425010","WP2","NSW","Murray Lower Darling","NV4","Native Vegetation","Lower Darling"
"1035","Murray River - Lock 9 to Lock 7","425010","WP2","NSW","Murray Lower Darling","NV4","Native Vegetation","Lower Darling"
"1036","Murray River - Lock 7 to SA border","425010","WP2","NSW","Murray Lower Darling","NV4","Native Vegetation","Lower Darling"
"1037","Murray River - Lock 15 weir pool to Lock 10","425012","SF2","NSW","Murray Lower Darling","NV4","Native Vegetation","Lower Darling"
"1038","Lower Darling River - Weir 32 to downstream Burtundy","425012","SF2","NSW","Murray Lower Darling","NV4","Native Vegetation","Lower Darling"
"1039","Murray River - Lock 10 to Lock 9","425012","SF2","NSW","Murray Lower Darling","NV4","Native Vegetation","Lower Darling"
"1040","Darling Anabranch","425012","SF2","NSW","Murray Lower Darling","NV4","Native Vegetation","Lower Darling"
"1041","Redbank and Tandou creeks","425012","SF2","NSW","Murray Lower Darling","NV4","Native Vegetation","Lower Darling"
"1042","Lake Wetherall","425012","SF2","NSW","Murray Lower Darling","NV4","Native Vegetation","Lower Darling"
"1043","Menindee Lakes","425012","SF2","NSW","Murray Lower Darling","NV4","Native Vegetation","Lower Darling"
"1044","Murray River - Lock 9 to Lock 7","425012","SF2","NSW","Murray Lower Darling","NV4","Native Vegetation","Lower Darling"
"1045","Murray River - Lock 7 to SA border","425012","SF2","NSW","Murray Lower Darling","NV4","Native Vegetation","Lower Darling"
"1046","Murray River - Lock 15 weir pool to Lock 10","425012","LF1_P","NSW","Murray Lower Darling","NV4","Native Vegetation","Lower Darling"
"1047","Lower Darling River - Weir 32 to downstream Burtundy","425012","LF1_P","NSW","Murray Lower Darling","NV4","Native Vegetation","Lower Darling"
"1048","Murray River - Lock 10 to Lock 9","425012","LF1_P","NSW","Murray Lower Darling","NV4","Native Vegetation","Lower Darling"
"1049","Darling Anabranch","425012","LF1_P","NSW","Murray Lower Darling","NV4","Native Vegetation","Lower Darling"
"1050","Redbank and Tandou creeks","425012","LF1_P","NSW","Murray Lower Darling","NV4","Native Vegetation","Lower Darling"
"1051","Lake Wetherall","425012","LF1_P","NSW","Murray Lower Darling","NV4","Native Vegetation","Lower Darling"
"1052","Menindee Lakes","425012","LF1_P","NSW","Murray Lower Darling","NV4","Native Vegetation","Lower Darling"
"1053","Murray River - Lock 9 to Lock 7","425012","LF1_P","NSW","Murray Lower Darling","NV4","Native Vegetation","Lower Darling"
"1054","Murray River - Lock 7 to SA border","425012","LF1_P","NSW","Murray Lower Darling","NV4","Native Vegetation","Lower Darling"
"1055","Murray River - Lock 15 weir pool to Lock 10","425012","LF1_S","NSW","Murray Lower Darling","NV4","Native Vegetation","Lower Darling"
"1056","Lower Darling River - Weir 32 to downstream Burtundy","425012","LF1_S","NSW","Murray Lower Darling","NV4","Native Vegetation","Lower Darling"
"1057","Murray River - Lock 10 to Lock 9","425012","LF1_S","NSW","Murray Lower Darling","NV4","Native Vegetation","Lower Darling"
"1058","Darling Anabranch","425012","LF1_S","NSW","Murray Lower Darling","NV4","Native Vegetation","Lower Darling"
"1059","Redbank and Tandou creeks","425012","LF1_S","NSW","Murray Lower Darling","NV4","Native Vegetation","Lower Darling"
"1060","Lake Wetherall","425012","LF1_S","NSW","Murray Lower Darling","NV4","Native Vegetation","Lower Darling"
"1061","Menindee Lakes","425012","LF1_S","NSW","Murray Lower Darling","NV4","Native Vegetation","Lower Darling"
"1062","Murray River - Lock 9 to Lock 7","425012","LF1_S","NSW","Murray Lower Darling","NV4","Native Vegetation","Lower Darling"
"1063","Murray River - Lock 7 to SA border","425012","LF1_S","NSW","Murray Lower Darling","NV4","Native Vegetation","Lower Darling"
"1064","Murray River - Lock 15 weir pool to Lock 10","425012","LF2_S","NSW","Murray Lower Darling","NV4","Native Vegetation","Lower Darling"
"1065","Lower Darling River - Weir 32 to downstream Burtundy","425012","LF2_S","NSW","Murray Lower Darling","NV4","Native Vegetation","Lower Darling"
"1066","Murray River - Lock 10 to Lock 9","425012","LF2_S","NSW","Murray Lower Darling","NV4","Native Vegetation","Lower Darling"
"1067","Darling Anabranch","425012","LF2_S","NSW","Murray Lower Darling","NV4","Native Vegetation","Lower Darling"
"1068","Redbank and Tandou creeks","425012","LF2_S","NSW","Murray Lower Darling","NV4","Native Vegetation","Lower Darling"
"1069","Lake Wetherall","425012","LF2_S","NSW","Murray Lower Darling","NV4","Native Vegetation","Lower Darling"
"1070","Menindee Lakes","425012","LF2_S","NSW","Murray Lower Darling","NV4","Native Vegetation","Lower Darling"
"1071","Murray River - Lock 9 to Lock 7","425012","LF2_S","NSW","Murray Lower Darling","NV4","Native Vegetation","Lower Darling"
"1072","Murray River - Lock 7 to SA border","425012","LF2_S","NSW","Murray Lower Darling","NV4","Native Vegetation","Lower Darling"
"1073","Murray River - Lock 15 weir pool to Lock 10","425012","LF2_P","NSW","Murray Lower Darling","NV4","Native Vegetation","Lower Darling"
"1074","Lower Darling River - Weir 32 to downstream Burtundy","425012","LF2_P","NSW","Murray Lower Darling","NV4","Native Vegetation","Lower Darling"
"1075","Murray River - Lock 10 to Lock 9","425012","LF2_P","NSW","Murray Lower Darling","NV4","Native Vegetation","Lower Darling"
"1076","Darling Anabranch","425012","LF2_P","NSW","Murray Lower Darling","NV4","Native Vegetation","Lower Darling"
"1077","Redbank and Tandou creeks","425012","LF2_P","NSW","Murray Lower Darling","NV4","Native Vegetation","Lower Darling"
"1078","Lake Wetherall","425012","LF2_P","NSW","Murray Lower Darling","NV4","Native Vegetation","Lower Darling"
"1079","Menindee Lakes","425012","LF2_P","NSW","Murray Lower Darling","NV4","Native Vegetation","Lower Darling"
"1080","Murray River - Lock 9 to Lock 7","425012","LF2_P","NSW","Murray Lower Darling","NV4","Native Vegetation","Lower Darling"
"1081","Murray River - Lock 7 to SA border","425012","LF2_P","NSW","Murray Lower Darling","NV4","Native Vegetation","Lower Darling"
"1082","Murray River - Lock 15 weir pool to Lock 10","425012","LF3_S","NSW","Murray Lower Darling","NV4","Native Vegetation","Lower Darling"
"1083","Lower Darling River - Weir 32 to downstream Burtundy","425012","LF3_S","NSW","Murray Lower Darling","NV4","Native Vegetation","Lower Darling"
"1084","Murray River - Lock 10 to Lock 9","425012","LF3_S","NSW","Murray Lower Darling","NV4","Native Vegetation","Lower Darling"
"1085","Darling Anabranch","425012","LF3_S","NSW","Murray Lower Darling","NV4","Native Vegetation","Lower Darling"
"1086","Redbank and Tandou creeks","425012","LF3_S","NSW","Murray Lower Darling","NV4","Native Vegetation","Lower Darling"
"1087","Lake Wetherall","425012","LF3_S","NSW","Murray Lower Darling","NV4","Native Vegetation","Lower Darling"
"1088","Menindee Lakes","425012","LF3_S","NSW","Murray Lower Darling","NV4","Native Vegetation","Lower Darling"
"1089","Murray River - Lock 9 to Lock 7","425012","LF3_S","NSW","Murray Lower Darling","NV4","Native Vegetation","Lower Darling"
"1090","Murray River - Lock 7 to SA border","425012","LF3_S","NSW","Murray Lower Darling","NV4","Native Vegetation","Lower Darling"
"1091","Murray River - Lock 15 weir pool to Lock 10","425012","LF3_P","NSW","Murray Lower Darling","NV4","Native Vegetation","Lower Darling"
"1092","Lower Darling River - Weir 32 to downstream Burtundy","425012","LF3_P","NSW","Murray Lower Darling","NV4","Native Vegetation","Lower Darling"
"1093","Murray River - Lock 10 to Lock 9","425012","LF3_P","NSW","Murray Lower Darling","NV4","Native Vegetation","Lower Darling"
"1094","Darling Anabranch","425012","LF3_P","NSW","Murray Lower Darling","NV4","Native Vegetation","Lower Darling"
"1095","Redbank and Tandou creeks","425012","LF3_P","NSW","Murray Lower Darling","NV4","Native Vegetation","Lower Darling"
"1096","Lake Wetherall","425012","LF3_P","NSW","Murray Lower Darling","NV4","Native Vegetation","Lower Darling"
"1097","Menindee Lakes","425012","LF3_P","NSW","Murray Lower Darling","NV4","Native Vegetation","Lower Darling"
"1098","Murray River - Lock 9 to Lock 7","425012","LF3_P","NSW","Murray Lower Darling","NV4","Native Vegetation","Lower Darling"
"1099","Murray River - Lock 7 to SA border","425012","LF3_P","NSW","Murray Lower Darling","NV4","Native Vegetation","Lower Darling"
"1100","Murray River - Lock 15 weir pool to Lock 10","425012","BK1_S","NSW","Murray Lower Darling","NV4","Native Vegetation","Lower Darling"
"1101","Lower Darling River - Weir 32 to downstream Burtundy","425012","BK1_S","NSW","Murray Lower Darling","NV4","Native Vegetation","Lower Darling"
"1102","Murray River - Lock 10 to Lock 9","425012","BK1_S","NSW","Murray Lower Darling","NV4","Native Vegetation","Lower Darling"
"1103","Darling Anabranch","425012","BK1_S","NSW","Murray Lower Darling","NV4","Native Vegetation","Lower Darling"
"1104","Redbank and Tandou creeks","425012","BK1_S","NSW","Murray Lower Darling","NV4","Native Vegetation","Lower Darling"
"1105","Lake Wetherall","425012","BK1_S","NSW","Murray Lower Darling","NV4","Native Vegetation","Lower Darling"
"1106","Menindee Lakes","425012","BK1_S","NSW","Murray Lower Darling","NV4","Native Vegetation","Lower Darling"
"1107","Murray River - Lock 9 to Lock 7","425012","BK1_S","NSW","Murray Lower Darling","NV4","Native Vegetation","Lower Darling"
"1108","Murray River - Lock 7 to SA border","425012","BK1_S","NSW","Murray Lower Darling","NV4","Native Vegetation","Lower Darling"
"1109","Murray River - Lock 15 weir pool to Lock 10","425012","BK1a_P","NSW","Murray Lower Darling","NV4","Native Vegetation","Lower Darling"
"1110","Lower Darling River - Weir 32 to downstream Burtundy","425012","BK1a_P","NSW","Murray Lower Darling","NV4","Native Vegetation","Lower Darling"
"1111","Murray River - Lock 10 to Lock 9","425012","BK1a_P","NSW","Murray Lower Darling","NV4","Native Vegetation","Lower Darling"
"1112","Darling Anabranch","425012","BK1a_P","NSW","Murray Lower Darling","NV4","Native Vegetation","Lower Darling"
"1113","Redbank and Tandou creeks","425012","BK1a_P","NSW","Murray Lower Darling","NV4","Native Vegetation","Lower Darling"
"1114","Lake Wetherall","425012","BK1a_P","NSW","Murray Lower Darling","NV4","Native Vegetation","Lower Darling"
"1115","Menindee Lakes","425012","BK1a_P","NSW","Murray Lower Darling","NV4","Native Vegetation","Lower Darling"
"1116","Murray River - Lock 9 to Lock 7","425012","BK1a_P","NSW","Murray Lower Darling","NV4","Native Vegetation","Lower Darling"
"1117","Murray River - Lock 7 to SA border","425012","BK1a_P","NSW","Murray Lower Darling","NV4","Native Vegetation","Lower Darling"
"1118","Murray River - Lock 15 weir pool to Lock 10","425012","BK2_S","NSW","Murray Lower Darling","NV4","Native Vegetation","Lower Darling"
"1119","Lower Darling River - Weir 32 to downstream Burtundy","425012","BK2_S","NSW","Murray Lower Darling","NV4","Native Vegetation","Lower Darling"
"1120","Murray River - Lock 10 to Lock 9","425012","BK2_S","NSW","Murray Lower Darling","NV4","Native Vegetation","Lower Darling"
"1121","Darling Anabranch","425012","BK2_S","NSW","Murray Lower Darling","NV4","Native Vegetation","Lower Darling"
"1122","Redbank and Tandou creeks","425012","BK2_S","NSW","Murray Lower Darling","NV4","Native Vegetation","Lower Darling"
"1123","Lake Wetherall","425012","BK2_S","NSW","Murray Lower Darling","NV4","Native Vegetation","Lower Darling"
"1124","Menindee Lakes","425012","BK2_S","NSW","Murray Lower Darling","NV4","Native Vegetation","Lower Darling"
"1125","Murray River - Lock 9 to Lock 7","425012","BK2_S","NSW","Murray Lower Darling","NV4","Native Vegetation","Lower Darling"
"1126","Murray River - Lock 7 to SA border","425012","BK2_S","NSW","Murray Lower Darling","NV4","Native Vegetation","Lower Darling"
"1127","Murray River - Lock 15 weir pool to Lock 10","425012","BK2_P","NSW","Murray Lower Darling","NV4","Native Vegetation","Lower Darling"
"1128","Lower Darling River - Weir 32 to downstream Burtundy","425012","BK2_P","NSW","Murray Lower Darling","NV4","Native Vegetation","Lower Darling"
"1129","Murray River - Lock 10 to Lock 9","425012","BK2_P","NSW","Murray Lower Darling","NV4","Native Vegetation","Lower Darling"
"1130","Darling Anabranch","425012","BK2_P","NSW","Murray Lower Darling","NV4","Native Vegetation","Lower Darling"
"1131","Redbank and Tandou creeks","425012","BK2_P","NSW","Murray Lower Darling","NV4","Native Vegetation","Lower Darling"
"1132","Lake Wetherall","425012","BK2_P","NSW","Murray Lower Darling","NV4","Native Vegetation","Lower Darling"
"1133","Menindee Lakes","425012","BK2_P","NSW","Murray Lower Darling","NV4","Native Vegetation","Lower Darling"
"1134","Murray River - Lock 9 to Lock 7","425012","BK2_P","NSW","Murray Lower Darling","NV4","Native Vegetation","Lower Darling"
"1135","Murray River - Lock 7 to SA border","425012","BK2_P","NSW","Murray Lower Darling","NV4","Native Vegetation","Lower Darling"
"1136","Murray River - Lock 15 weir pool to Lock 10","425012","OB1_S","NSW","Murray Lower Darling","NV4","Native Vegetation","Lower Darling"
"1137","Lower Darling River - Weir 32 to downstream Burtundy","425012","OB1_S","NSW","Murray Lower Darling","NV4","Native Vegetation","Lower Darling"
"1138","Murray River - Lock 10 to Lock 9","425012","OB1_S","NSW","Murray Lower Darling","NV4","Native Vegetation","Lower Darling"
"1139","Darling Anabranch","425012","OB1_S","NSW","Murray Lower Darling","NV4","Native Vegetation","Lower Darling"
"1140","Redbank and Tandou creeks","425012","OB1_S","NSW","Murray Lower Darling","NV4","Native Vegetation","Lower Darling"
"1141","Lake Wetherall","425012","OB1_S","NSW","Murray Lower Darling","NV4","Native Vegetation","Lower Darling"
"1142","Menindee Lakes","425012","OB1_S","NSW","Murray Lower Darling","NV4","Native Vegetation","Lower Darling"
"1143","Murray River - Lock 9 to Lock 7","425012","OB1_S","NSW","Murray Lower Darling","NV4","Native Vegetation","Lower Darling"
"1144","Murray River - Lock 7 to SA border","425012","OB1_S","NSW","Murray Lower Darling","NV4","Native Vegetation","Lower Darling"
"1145","Murray River - Lock 15 weir pool to Lock 10","425012","OB1_P","NSW","Murray Lower Darling","NV4","Native Vegetation","Lower Darling"
"1146","Lower Darling River - Weir 32 to downstream Burtundy","425012","OB1_P","NSW","Murray Lower Darling","NV4","Native Vegetation","Lower Darling"
"1147","Murray River - Lock 10 to Lock 9","425012","OB1_P","NSW","Murray Lower Darling","NV4","Native Vegetation","Lower Darling"
"1148","Darling Anabranch","425012","OB1_P","NSW","Murray Lower Darling","NV4","Native Vegetation","Lower Darling"
"1149","Redbank and Tandou creeks","425012","OB1_P","NSW","Murray Lower Darling","NV4","Native Vegetation","Lower Darling"
"1150","Lake Wetherall","425012","OB1_P","NSW","Murray Lower Darling","NV4","Native Vegetation","Lower Darling"
"1151","Menindee Lakes","425012","OB1_P","NSW","Murray Lower Darling","NV4","Native Vegetation","Lower Darling"
"1152","Murray River - Lock 9 to Lock 7","425012","OB1_P","NSW","Murray Lower Darling","NV4","Native Vegetation","Lower Darling"
"1153","Murray River - Lock 7 to SA border","425012","OB1_P","NSW","Murray Lower Darling","NV4","Native Vegetation","Lower Darling"
"1154","Murray River - Lock 15 weir pool to Lock 10","425012","OB2","NSW","Murray Lower Darling","NV4","Native Vegetation","Lower Darling"
"1155","Lower Darling River - Weir 32 to downstream Burtundy","425012","OB2","NSW","Murray Lower Darling","NV4","Native Vegetation","Lower Darling"
"1156","Murray River - Lock 10 to Lock 9","425012","OB2","NSW","Murray Lower Darling","NV4","Native Vegetation","Lower Darling"
"1157","Darling Anabranch","425012","OB2","NSW","Murray Lower Darling","NV4","Native Vegetation","Lower Darling"
"1158","Redbank and Tandou creeks","425012","OB2","NSW","Murray Lower Darling","NV4","Native Vegetation","Lower Darling"
"1159","Lake Wetherall","425012","OB2","NSW","Murray Lower Darling","NV4","Native Vegetation","Lower Darling"
"1160","Menindee Lakes","425012","OB2","NSW","Murray Lower Darling","NV4","Native Vegetation","Lower Darling"
"1161","Murray River - Lock 9 to Lock 7","425012","OB2","NSW","Murray Lower Darling","NV4","Native Vegetation","Lower Darling"
"1162","Murray River - Lock 7 to SA border","425012","OB2","NSW","Murray Lower Darling","NV4","Native Vegetation","Lower Darling"
"1163","Murray River - Lock 15 weir pool to Lock 10","425012","OB3","NSW","Murray Lower Darling","NV4","Native Vegetation","Lower Darling"
"1164","Lower Darling River - Weir 32 to downstream Burtundy","425012","OB3","NSW","Murray Lower Darling","NV4","Native Vegetation","Lower Darling"
"1165","Murray River - Lock 10 to Lock 9","425012","OB3","NSW","Murray Lower Darling","NV4","Native Vegetation","Lower Darling"
"1166","Darling Anabranch","425012","OB3","NSW","Murray Lower Darling","NV4","Native Vegetation","Lower Darling"
"1167","Redbank and Tandou creeks","425012","OB3","NSW","Murray Lower Darling","NV4","Native Vegetation","Lower Darling"
"1168","Lake Wetherall","425012","OB3","NSW","Murray Lower Darling","NV4","Native Vegetation","Lower Darling"
"1169","Menindee Lakes","425012","OB3","NSW","Murray Lower Darling","NV4","Native Vegetation","Lower Darling"
"1170","Murray River - Lock 9 to Lock 7","425012","OB3","NSW","Murray Lower Darling","NV4","Native Vegetation","Lower Darling"
"1171","Murray River - Lock 7 to SA border","425012","OB3","NSW","Murray Lower Darling","NV4","Native Vegetation","Lower Darling"
"1172","Murray River - Lock 15 weir pool to Lock 10","425012","OB4","NSW","Murray Lower Darling","NV4","Native Vegetation","Lower Darling"
"1173","Lower Darling River - Weir 32 to downstream Burtundy","425012","OB4","NSW","Murray Lower Darling","NV4","Native Vegetation","Lower Darling"
"1174","Murray River - Lock 10 to Lock 9","425012","OB4","NSW","Murray Lower Darling","NV4","Native Vegetation","Lower Darling"
"1175","Darling Anabranch","425012","OB4","NSW","Murray Lower Darling","NV4","Native Vegetation","Lower Darling"
"1176","Redbank and Tandou creeks","425012","OB4","NSW","Murray Lower Darling","NV4","Native Vegetation","Lower Darling"
"1177","Lake Wetherall","425012","OB4","NSW","Murray Lower Darling","NV4","Native Vegetation","Lower Darling"
"1178","Menindee Lakes","425012","OB4","NSW","Murray Lower Darling","NV4","Native Vegetation","Lower Darling"
"1179","Murray River - Lock 9 to Lock 7","425012","OB4","NSW","Murray Lower Darling","NV4","Native Vegetation","Lower Darling"
"1180","Murray River - Lock 7 to SA border","425012","OB4","NSW","Murray Lower Darling","NV4","Native Vegetation","Lower Darling"
"1181","Murray River - Lock 15 weir pool to Lock 10","425012","OB5","NSW","Murray Lower Darling","NV4","Native Vegetation","Lower Darling"
"1182","Lower Darling River - Weir 32 to downstream Burtundy","425012","OB5","NSW","Murray Lower Darling","NV4","Native Vegetation","Lower Darling"
"1183","Murray River - Lock 10 to Lock 9","425012","OB5","NSW","Murray Lower Darling","NV4","Native Vegetation","Lower Darling"
"1184","Darling Anabranch","425012","OB5","NSW","Murray Lower Darling","NV4","Native Vegetation","Lower Darling"
"1185","Redbank and Tandou creeks","425012","OB5","NSW","Murray Lower Darling","NV4","Native Vegetation","Lower Darling"
"1186","Lake Wetherall","425012","OB5","NSW","Murray Lower Darling","NV4","Native Vegetation","Lower Darling"
"1187","Menindee Lakes","425012","OB5","NSW","Murray Lower Darling","NV4","Native Vegetation","Lower Darling"
"1188","Murray River - Lock 9 to Lock 7","425012","OB5","NSW","Murray Lower Darling","NV4","Native Vegetation","Lower Darling"
"1189","Murray River - Lock 7 to SA border","425012","OB5","NSW","Murray Lower Darling","NV4","Native Vegetation","Lower Darling"
"1190","Murray River - Lock 15 weir pool to Lock 10","425013","LF1_S","NSW","Murray Lower Darling","NV4","Native Vegetation","Lower Darling"
"1191","Lower Darling River - Weir 32 to downstream Burtundy","425013","LF1_S","NSW","Murray Lower Darling","NV4","Native Vegetation","Lower Darling"
"1192","Murray River - Lock 10 to Lock 9","425013","LF1_S","NSW","Murray Lower Darling","NV4","Native Vegetation","Lower Darling"
"1193","Darling Anabranch","425013","LF1_S","NSW","Murray Lower Darling","NV4","Native Vegetation","Lower Darling"
"1194","Redbank and Tandou creeks","425013","LF1_S","NSW","Murray Lower Darling","NV4","Native Vegetation","Lower Darling"
"1195","Lake Wetherall","425013","LF1_S","NSW","Murray Lower Darling","NV4","Native Vegetation","Lower Darling"
"1196","Menindee Lakes","425013","LF1_S","NSW","Murray Lower Darling","NV4","Native Vegetation","Lower Darling"
"1197","Murray River - Lock 9 to Lock 7","425013","LF1_S","NSW","Murray Lower Darling","NV4","Native Vegetation","Lower Darling"
"1198","Murray River - Lock 7 to SA border","425013","LF1_S","NSW","Murray Lower Darling","NV4","Native Vegetation","Lower Darling"
"1199","Murray River - Lock 15 weir pool to Lock 10","425013","LF1_P","NSW","Murray Lower Darling","NV4","Native Vegetation","Lower Darling"
"1200","Lower Darling River - Weir 32 to downstream Burtundy","425013","LF1_P","NSW","Murray Lower Darling","NV4","Native Vegetation","Lower Darling"
"1201","Murray River - Lock 10 to Lock 9","425013","LF1_P","NSW","Murray Lower Darling","NV4","Native Vegetation","Lower Darling"
"1202","Darling Anabranch","425013","LF1_P","NSW","Murray Lower Darling","NV4","Native Vegetation","Lower Darling"
"1203","Redbank and Tandou creeks","425013","LF1_P","NSW","Murray Lower Darling","NV4","Native Vegetation","Lower Darling"
"1204","Lake Wetherall","425013","LF1_P","NSW","Murray Lower Darling","NV4","Native Vegetation","Lower Darling"
"1205","Menindee Lakes","425013","LF1_P","NSW","Murray Lower Darling","NV4","Native Vegetation","Lower Darling"
"1206","Murray River - Lock 9 to Lock 7","425013","LF1_P","NSW","Murray Lower Darling","NV4","Native Vegetation","Lower Darling"
"1207","Murray River - Lock 7 to SA border","425013","LF1_P","NSW","Murray Lower Darling","NV4","Native Vegetation","Lower Darling"
"1208","Murray River - Lock 15 weir pool to Lock 10","425013","LF2","NSW","Murray Lower Darling","NV4","Native Vegetation","Lower Darling"
"1209","Lower Darling River - Weir 32 to downstream Burtundy","425013","LF2","NSW","Murray Lower Darling","NV4","Native Vegetation","Lower Darling"
"1210","Murray River - Lock 10 to Lock 9","425013","LF2","NSW","Murray Lower Darling","NV4","Native Vegetation","Lower Darling"
"1211","Darling Anabranch","425013","LF2","NSW","Murray Lower Darling","NV4","Native Vegetation","Lower Darling"
"1212","Redbank and Tandou creeks","425013","LF2","NSW","Murray Lower Darling","NV4","Native Vegetation","Lower Darling"
"1213","Lake Wetherall","425013","LF2","NSW","Murray Lower Darling","NV4","Native Vegetation","Lower Darling"
"1214","Menindee Lakes","425013","LF2","NSW","Murray Lower Darling","NV4","Native Vegetation","Lower Darling"
"1215","Murray River - Lock 9 to Lock 7","425013","LF2","NSW","Murray Lower Darling","NV4","Native Vegetation","Lower Darling"
"1216","Murray River - Lock 7 to SA border","425013","LF2","NSW","Murray Lower Darling","NV4","Native Vegetation","Lower Darling"
"1217","Murray River - Lock 15 weir pool to Lock 10","425013","BK1","NSW","Murray Lower Darling","NV4","Native Vegetation","Lower Darling"
"1218","Lower Darling River - Weir 32 to downstream Burtundy","425013","BK1","NSW","Murray Lower Darling","NV4","Native Vegetation","Lower Darling"
"1219","Murray River - Lock 10 to Lock 9","425013","BK1","NSW","Murray Lower Darling","NV4","Native Vegetation","Lower Darling"
"1220","Darling Anabranch","425013","BK1","NSW","Murray Lower Darling","NV4","Native Vegetation","Lower Darling"
"1221","Redbank and Tandou creeks","425013","BK1","NSW","Murray Lower Darling","NV4","Native Vegetation","Lower Darling"
"1222","Lake Wetherall","425013","BK1","NSW","Murray Lower Darling","NV4","Native Vegetation","Lower Darling"
"1223","Menindee Lakes","425013","BK1","NSW","Murray Lower Darling","NV4","Native Vegetation","Lower Darling"
"1224","Murray River - Lock 9 to Lock 7","425013","BK1","NSW","Murray Lower Darling","NV4","Native Vegetation","Lower Darling"
"1225","Murray River - Lock 7 to SA border","425013","BK1","NSW","Murray Lower Darling","NV4","Native Vegetation","Lower Darling"
"1226","Murray River - Lock 15 weir pool to Lock 10","425013","OB1","NSW","Murray Lower Darling","NV4","Native Vegetation","Lower Darling"
"1227","Lower Darling River - Weir 32 to downstream Burtundy","425013","OB1","NSW","Murray Lower Darling","NV4","Native Vegetation","Lower Darling"
"1228","Murray River - Lock 10 to Lock 9","425013","OB1","NSW","Murray Lower Darling","NV4","Native Vegetation","Lower Darling"
"1229","Darling Anabranch","425013","OB1","NSW","Murray Lower Darling","NV4","Native Vegetation","Lower Darling"
"1230","Redbank and Tandou creeks","425013","OB1","NSW","Murray Lower Darling","NV4","Native Vegetation","Lower Darling"
"1231","Lake Wetherall","425013","OB1","NSW","Murray Lower Darling","NV4","Native Vegetation","Lower Darling"
"1232","Menindee Lakes","425013","OB1","NSW","Murray Lower Darling","NV4","Native Vegetation","Lower Darling"
"1233","Murray River - Lock 9 to Lock 7","425013","OB1","NSW","Murray Lower Darling","NV4","Native Vegetation","Lower Darling"
"1234","Murray River - Lock 7 to SA border","425013","OB1","NSW","Murray Lower Darling","NV4","Native Vegetation","Lower Darling"
"1235","Murray River - Lock 15 weir pool to Lock 10","425013","OB2","NSW","Murray Lower Darling","NV4","Native Vegetation","Lower Darling"
"1236","Lower Darling River - Weir 32 to downstream Burtundy","425013","OB2","NSW","Murray Lower Darling","NV4","Native Vegetation","Lower Darling"
"1237","Murray River - Lock 10 to Lock 9","425013","OB2","NSW","Murray Lower Darling","NV4","Native Vegetation","Lower Darling"
"1238","Darling Anabranch","425013","OB2","NSW","Murray Lower Darling","NV4","Native Vegetation","Lower Darling"
"1239","Redbank and Tandou creeks","425013","OB2","NSW","Murray Lower Darling","NV4","Native Vegetation","Lower Darling"
"1240","Lake Wetherall","425013","OB2","NSW","Murray Lower Darling","NV4","Native Vegetation","Lower Darling"
"1241","Menindee Lakes","425013","OB2","NSW","Murray Lower Darling","NV4","Native Vegetation","Lower Darling"
"1242","Murray River - Lock 9 to Lock 7","425013","OB2","NSW","Murray Lower Darling","NV4","Native Vegetation","Lower Darling"
"1243","Murray River - Lock 7 to SA border","425013","OB2","NSW","Murray Lower Darling","NV4","Native Vegetation","Lower Darling"
"1244","Murray River - Lock 15 weir pool to Lock 10","425013","OB3","NSW","Murray Lower Darling","NV4","Native Vegetation","Lower Darling"
"1245","Lower Darling River - Weir 32 to downstream Burtundy","425013","OB3","NSW","Murray Lower Darling","NV4","Native Vegetation","Lower Darling"
"1246","Murray River - Lock 10 to Lock 9","425013","OB3","NSW","Murray Lower Darling","NV4","Native Vegetation","Lower Darling"
"1247","Darling Anabranch","425013","OB3","NSW","Murray Lower Darling","NV4","Native Vegetation","Lower Darling"
"1248","Redbank and Tandou creeks","425013","OB3","NSW","Murray Lower Darling","NV4","Native Vegetation","Lower Darling"
"1249","Lake Wetherall","425013","OB3","NSW","Murray Lower Darling","NV4","Native Vegetation","Lower Darling"
"1250","Menindee Lakes","425013","OB3","NSW","Murray Lower Darling","NV4","Native Vegetation","Lower Darling"
"1251","Murray River - Lock 9 to Lock 7","425013","OB3","NSW","Murray Lower Darling","NV4","Native Vegetation","Lower Darling"
"1252","Murray River - Lock 7 to SA border","425013","OB3","NSW","Murray Lower Darling","NV4","Native Vegetation","Lower Darling"
"1253","Murray River - Lock 15 weir pool to Lock 10","425019","LF2","NSW","Murray Lower Darling","NV4","Native Vegetation","Lower Darling"
"1254","Lower Darling River - Weir 32 to downstream Burtundy","425019","LF2","NSW","Murray Lower Darling","NV4","Native Vegetation","Lower Darling"
"1255","Murray River - Lock 10 to Lock 9","425019","LF2","NSW","Murray Lower Darling","NV4","Native Vegetation","Lower Darling"
"1256","Darling Anabranch","425019","LF2","NSW","Murray Lower Darling","NV4","Native Vegetation","Lower Darling"
"1257","Redbank and Tandou creeks","425019","LF2","NSW","Murray Lower Darling","NV4","Native Vegetation","Lower Darling"
"1258","Lake Wetherall","425019","LF2","NSW","Murray Lower Darling","NV4","Native Vegetation","Lower Darling"
"1259","Menindee Lakes","425019","LF2","NSW","Murray Lower Darling","NV4","Native Vegetation","Lower Darling"
"1260","Murray River - Lock 9 to Lock 7","425019","LF2","NSW","Murray Lower Darling","NV4","Native Vegetation","Lower Darling"
"1261","Murray River - Lock 7 to SA border","425019","LF2","NSW","Murray Lower Darling","NV4","Native Vegetation","Lower Darling"
"1262","Murray River - Lock 15 weir pool to Lock 10","425019","BK1","NSW","Murray Lower Darling","NV4","Native Vegetation","Lower Darling"
"1263","Lower Darling River - Weir 32 to downstream Burtundy","425019","BK1","NSW","Murray Lower Darling","NV4","Native Vegetation","Lower Darling"
"1264","Murray River - Lock 10 to Lock 9","425019","BK1","NSW","Murray Lower Darling","NV4","Native Vegetation","Lower Darling"
"1265","Darling Anabranch","425019","BK1","NSW","Murray Lower Darling","NV4","Native Vegetation","Lower Darling"
"1266","Redbank and Tandou creeks","425019","BK1","NSW","Murray Lower Darling","NV4","Native Vegetation","Lower Darling"
"1267","Lake Wetherall","425019","BK1","NSW","Murray Lower Darling","NV4","Native Vegetation","Lower Darling"
"1268","Menindee Lakes","425019","BK1","NSW","Murray Lower Darling","NV4","Native Vegetation","Lower Darling"
"1269","Murray River - Lock 9 to Lock 7","425019","BK1","NSW","Murray Lower Darling","NV4","Native Vegetation","Lower Darling"
"1270","Murray River - Lock 7 to SA border","425019","BK1","NSW","Murray Lower Darling","NV4","Native Vegetation","Lower Darling"
"1271","Murray River - Lock 15 weir pool to Lock 10","425020","MLLF","NSW","Murray Lower Darling","NV4","Native Vegetation","Lower Darling"
"1272","Lower Darling River - Weir 32 to downstream Burtundy","425020","MLLF","NSW","Murray Lower Darling","NV4","Native Vegetation","Lower Darling"
"1273","Murray River - Lock 10 to Lock 9","425020","MLLF","NSW","Murray Lower Darling","NV4","Native Vegetation","Lower Darling"
"1274","Darling Anabranch","425020","MLLF","NSW","Murray Lower Darling","NV4","Native Vegetation","Lower Darling"
"1275","Redbank and Tandou creeks","425020","MLLF","NSW","Murray Lower Darling","NV4","Native Vegetation","Lower Darling"
"1276","Lake Wetherall","425020","MLLF","NSW","Murray Lower Darling","NV4","Native Vegetation","Lower Darling"
"1277","Menindee Lakes","425020","MLLF","NSW","Murray Lower Darling","NV4","Native Vegetation","Lower Darling"
"1278","Murray River - Lock 9 to Lock 7","425020","MLLF","NSW","Murray Lower Darling","NV4","Native Vegetation","Lower Darling"
"1279","Murray River - Lock 7 to SA border","425020","MLLF","NSW","Murray Lower Darling","NV4","Native Vegetation","Lower Darling"
"1280","Murray River - Lock 15 weir pool to Lock 10","425022","MLLF","NSW","Murray Lower Darling","NV4","Native Vegetation","Lower Darling"
"1281","Lower Darling River - Weir 32 to downstream Burtundy","425022","MLLF","NSW","Murray Lower Darling","NV4","Native Vegetation","Lower Darling"
"1282","Murray River - Lock 10 to Lock 9","425022","MLLF","NSW","Murray Lower Darling","NV4","Native Vegetation","Lower Darling"
"1283","Darling Anabranch","425022","MLLF","NSW","Murray Lower Darling","NV4","Native Vegetation","Lower Darling"
"1284","Redbank and Tandou creeks","425022","MLLF","NSW","Murray Lower Darling","NV4","Native Vegetation","Lower Darling"
"1285","Lake Wetherall","425022","MLLF","NSW","Murray Lower Darling","NV4","Native Vegetation","Lower Darling"
"1286","Menindee Lakes","425022","MLLF","NSW","Murray Lower Darling","NV4","Native Vegetation","Lower Darling"
"1287","Murray River - Lock 9 to Lock 7","425022","MLLF","NSW","Murray Lower Darling","NV4","Native Vegetation","Lower Darling"
"1288","Murray River - Lock 7 to SA border","425022","MLLF","NSW","Murray Lower Darling","NV4","Native Vegetation","Lower Darling"
"1289","Murray River - Lock 15 weir pool to Lock 10","425023","MLLF","NSW","Murray Lower Darling","NV4","Native Vegetation","Lower Darling"
"1290","Lower Darling River - Weir 32 to downstream Burtundy","425023","MLLF","NSW","Murray Lower Darling","NV4","Native Vegetation","Lower Darling"
"1291","Murray River - Lock 10 to Lock 9","425023","MLLF","NSW","Murray Lower Darling","NV4","Native Vegetation","Lower Darling"
"1292","Darling Anabranch","425023","MLLF","NSW","Murray Lower Darling","NV4","Native Vegetation","Lower Darling"
"1293","Redbank and Tandou creeks","425023","MLLF","NSW","Murray Lower Darling","NV4","Native Vegetation","Lower Darling"
"1294","Lake Wetherall","425023","MLLF","NSW","Murray Lower Darling","NV4","Native Vegetation","Lower Darling"
"1295","Menindee Lakes","425023","MLLF","NSW","Murray Lower Darling","NV4","Native Vegetation","Lower Darling"
"1296","Murray River - Lock 9 to Lock 7","425023","MLLF","NSW","Murray Lower Darling","NV4","Native Vegetation","Lower Darling"
"1297","Murray River - Lock 7 to SA border","425023","MLLF","NSW","Murray Lower Darling","NV4","Native Vegetation","Lower Darling"
"1298","Murray River - Lock 15 weir pool to Lock 10","A4260505","SF2","NSW","Murray Lower Darling","NV4","Native Vegetation","Lower Darling"
"1299","Lower Darling River - Weir 32 to downstream Burtundy","A4260505","SF2","NSW","Murray Lower Darling","NV4","Native Vegetation","Lower Darling"
"1300","Murray River - Lock 10 to Lock 9","A4260505","SF2","NSW","Murray Lower Darling","NV4","Native Vegetation","Lower Darling"
"1301","Darling Anabranch","A4260505","SF2","NSW","Murray Lower Darling","NV4","Native Vegetation","Lower Darling"
"1302","Redbank and Tandou creeks","A4260505","SF2","NSW","Murray Lower Darling","NV4","Native Vegetation","Lower Darling"
"1303","Lake Wetherall","A4260505","SF2","NSW","Murray Lower Darling","NV4","Native Vegetation","Lower Darling"
"1304","Menindee Lakes","A4260505","SF2","NSW","Murray Lower Darling","NV4","Native Vegetation","Lower Darling"
"1305","Murray River - Lock 9 to Lock 7","A4260505","SF2","NSW","Murray Lower Darling","NV4","Native Vegetation","Lower Darling"
"1306","Murray River - Lock 7 to SA border","A4260505","SF2","NSW","Murray Lower Darling","NV4","Native Vegetation","Lower Darling"
"1307","Murray River - Lock 15 weir pool to Lock 10","A4260505","LF1","NSW","Murray Lower Darling","NV4","Native Vegetation","Lower Darling"
"1308","Lower Darling River - Weir 32 to downstream Burtundy","A4260505","LF1","NSW","Murray Lower Darling","NV4","Native Vegetation","Lower Darling"
"1309","Murray River - Lock 10 to Lock 9","A4260505","LF1","NSW","Murray Lower Darling","NV4","Native Vegetation","Lower Darling"
"1310","Darling Anabranch","A4260505","LF1","NSW","Murray Lower Darling","NV4","Native Vegetation","Lower Darling"
"1311","Redbank and Tandou creeks","A4260505","LF1","NSW","Murray Lower Darling","NV4","Native Vegetation","Lower Darling"
"1312","Lake Wetherall","A4260505","LF1","NSW","Murray Lower Darling","NV4","Native Vegetation","Lower Darling"
"1313","Menindee Lakes","A4260505","LF1","NSW","Murray Lower Darling","NV4","Native Vegetation","Lower Darling"
"1314","Murray River - Lock 9 to Lock 7","A4260505","LF1","NSW","Murray Lower Darling","NV4","Native Vegetation","Lower Darling"
"1315","Murray River - Lock 7 to SA border","A4260505","LF1","NSW","Murray Lower Darling","NV4","Native Vegetation","Lower Darling"
"1316","Murray River - Lock 15 weir pool to Lock 10","A4260505","LF2","NSW","Murray Lower Darling","NV4","Native Vegetation","Lower Darling"
"1317","Lower Darling River - Weir 32 to downstream Burtundy","A4260505","LF2","NSW","Murray Lower Darling","NV4","Native Vegetation","Lower Darling"
"1318","Murray River - Lock 10 to Lock 9","A4260505","LF2","NSW","Murray Lower Darling","NV4","Native Vegetation","Lower Darling"
"1319","Darling Anabranch","A4260505","LF2","NSW","Murray Lower Darling","NV4","Native Vegetation","Lower Darling"
"1320","Redbank and Tandou creeks","A4260505","LF2","NSW","Murray Lower Darling","NV4","Native Vegetation","Lower Darling"
"1321","Lake Wetherall","A4260505","LF2","NSW","Murray Lower Darling","NV4","Native Vegetation","Lower Darling"
"1322","Menindee Lakes","A4260505","LF2","NSW","Murray Lower Darling","NV4","Native Vegetation","Lower Darling"
"1323","Murray River - Lock 9 to Lock 7","A4260505","LF2","NSW","Murray Lower Darling","NV4","Native Vegetation","Lower Darling"
"1324","Murray River - Lock 7 to SA border","A4260505","LF2","NSW","Murray Lower Darling","NV4","Native Vegetation","Lower Darling"
"1325","Murray River - Lock 15 weir pool to Lock 10","A4260505","BK1_S","NSW","Murray Lower Darling","NV4","Native Vegetation","Lower Darling"
"1326","Lower Darling River - Weir 32 to downstream Burtundy","A4260505","BK1_S","NSW","Murray Lower Darling","NV4","Native Vegetation","Lower Darling"
"1327","Murray River - Lock 10 to Lock 9","A4260505","BK1_S","NSW","Murray Lower Darling","NV4","Native Vegetation","Lower Darling"
"1328","Darling Anabranch","A4260505","BK1_S","NSW","Murray Lower Darling","NV4","Native Vegetation","Lower Darling"
"1329","Redbank and Tandou creeks","A4260505","BK1_S","NSW","Murray Lower Darling","NV4","Native Vegetation","Lower Darling"
"1330","Lake Wetherall","A4260505","BK1_S","NSW","Murray Lower Darling","NV4","Native Vegetation","Lower Darling"
"1331","Menindee Lakes","A4260505","BK1_S","NSW","Murray Lower Darling","NV4","Native Vegetation","Lower Darling"
"1332","Murray River - Lock 9 to Lock 7","A4260505","BK1_S","NSW","Murray Lower Darling","NV4","Native Vegetation","Lower Darling"
"1333","Murray River - Lock 7 to SA border","A4260505","BK1_S","NSW","Murray Lower Darling","NV4","Native Vegetation","Lower Darling"
"1334","Murray River - Lock 15 weir pool to Lock 10","A4260505","BK1_P","NSW","Murray Lower Darling","NV4","Native Vegetation","Lower Darling"
"1335","Lower Darling River - Weir 32 to downstream Burtundy","A4260505","BK1_P","NSW","Murray Lower Darling","NV4","Native Vegetation","Lower Darling"
"1336","Murray River - Lock 10 to Lock 9","A4260505","BK1_P","NSW","Murray Lower Darling","NV4","Native Vegetation","Lower Darling"
"1337","Darling Anabranch","A4260505","BK1_P","NSW","Murray Lower Darling","NV4","Native Vegetation","Lower Darling"
"1338","Redbank and Tandou creeks","A4260505","BK1_P","NSW","Murray Lower Darling","NV4","Native Vegetation","Lower Darling"
"1339","Lake Wetherall","A4260505","BK1_P","NSW","Murray Lower Darling","NV4","Native Vegetation","Lower Darling"
"1340","Menindee Lakes","A4260505","BK1_P","NSW","Murray Lower Darling","NV4","Native Vegetation","Lower Darling"
"1341","Murray River - Lock 9 to Lock 7","A4260505","BK1_P","NSW","Murray Lower Darling","NV4","Native Vegetation","Lower Darling"
"1342","Murray River - Lock 7 to SA border","A4260505","BK1_P","NSW","Murray Lower Darling","NV4","Native Vegetation","Lower Darling"
"1343","Murray River - Lock 15 weir pool to Lock 10","A4260505","OB1_S","NSW","Murray Lower Darling","NV4","Native Vegetation","Lower Darling"
"1344","Lower Darling River - Weir 32 to downstream Burtundy","A4260505","OB1_S","NSW","Murray Lower Darling","NV4","Native Vegetation","Lower Darling"
"1345","Murray River - Lock 10 to Lock 9","A4260505","OB1_S","NSW","Murray Lower Darling","NV4","Native Vegetation","Lower Darling"
"1346","Darling Anabranch","A4260505","OB1_S","NSW","Murray Lower Darling","NV4","Native Vegetation","Lower Darling"
"1347","Redbank and Tandou creeks","A4260505","OB1_S","NSW","Murray Lower Darling","NV4","Native Vegetation","Lower Darling"
"1348","Lake Wetherall","A4260505","OB1_S","NSW","Murray Lower Darling","NV4","Native Vegetation","Lower Darling"
"1349","Menindee Lakes","A4260505","OB1_S","NSW","Murray Lower Darling","NV4","Native Vegetation","Lower Darling"
"1350","Murray River - Lock 9 to Lock 7","A4260505","OB1_S","NSW","Murray Lower Darling","NV4","Native Vegetation","Lower Darling"
"1351","Murray River - Lock 7 to SA border","A4260505","OB1_S","NSW","Murray Lower Darling","NV4","Native Vegetation","Lower Darling"
"1352","Murray River - Lock 15 weir pool to Lock 10","A4260505","OB1_P","NSW","Murray Lower Darling","NV4","Native Vegetation","Lower Darling"
"1353","Lower Darling River - Weir 32 to downstream Burtundy","A4260505","OB1_P","NSW","Murray Lower Darling","NV4","Native Vegetation","Lower Darling"
"1354","Murray River - Lock 10 to Lock 9","A4260505","OB1_P","NSW","Murray Lower Darling","NV4","Native Vegetation","Lower Darling"
"1355","Darling Anabranch","A4260505","OB1_P","NSW","Murray Lower Darling","NV4","Native Vegetation","Lower Darling"
"1356","Redbank and Tandou creeks","A4260505","OB1_P","NSW","Murray Lower Darling","NV4","Native Vegetation","Lower Darling"
"1357","Lake Wetherall","A4260505","OB1_P","NSW","Murray Lower Darling","NV4","Native Vegetation","Lower Darling"
"1358","Menindee Lakes","A4260505","OB1_P","NSW","Murray Lower Darling","NV4","Native Vegetation","Lower Darling"
"1359","Murray River - Lock 9 to Lock 7","A4260505","OB1_P","NSW","Murray Lower Darling","NV4","Native Vegetation","Lower Darling"
"1360","Murray River - Lock 7 to SA border","A4260505","OB1_P","NSW","Murray Lower Darling","NV4","Native Vegetation","Lower Darling"
"1361","Murray River - Lock 15 weir pool to Lock 10","A4260505","OB2","NSW","Murray Lower Darling","NV4","Native Vegetation","Lower Darling"
"1362","Lower Darling River - Weir 32 to downstream Burtundy","A4260505","OB2","NSW","Murray Lower Darling","NV4","Native Vegetation","Lower Darling"
"1363","Murray River - Lock 10 to Lock 9","A4260505","OB2","NSW","Murray Lower Darling","NV4","Native Vegetation","Lower Darling"
"1364","Darling Anabranch","A4260505","OB2","NSW","Murray Lower Darling","NV4","Native Vegetation","Lower Darling"
"1365","Redbank and Tandou creeks","A4260505","OB2","NSW","Murray Lower Darling","NV4","Native Vegetation","Lower Darling"
"1366","Lake Wetherall","A4260505","OB2","NSW","Murray Lower Darling","NV4","Native Vegetation","Lower Darling"
"1367","Menindee Lakes","A4260505","OB2","NSW","Murray Lower Darling","NV4","Native Vegetation","Lower Darling"
"1368","Murray River - Lock 9 to Lock 7","A4260505","OB2","NSW","Murray Lower Darling","NV4","Native Vegetation","Lower Darling"
"1369","Murray River - Lock 7 to SA border","A4260505","OB2","NSW","Murray Lower Darling","NV4","Native Vegetation","Lower Darling"
"1370","Murray River - Lock 15 weir pool to Lock 10","A4260505","OB3","NSW","Murray Lower Darling","NV4","Native Vegetation","Lower Darling"
"1371","Lower Darling River - Weir 32 to downstream Burtundy","A4260505","OB3","NSW","Murray Lower Darling","NV4","Native Vegetation","Lower Darling"
"1372","Murray River - Lock 10 to Lock 9","A4260505","OB3","NSW","Murray Lower Darling","NV4","Native Vegetation","Lower Darling"
"1373","Darling Anabranch","A4260505","OB3","NSW","Murray Lower Darling","NV4","Native Vegetation","Lower Darling"
"1374","Redbank and Tandou creeks","A4260505","OB3","NSW","Murray Lower Darling","NV4","Native Vegetation","Lower Darling"
"1375","Lake Wetherall","A4260505","OB3","NSW","Murray Lower Darling","NV4","Native Vegetation","Lower Darling"
"1376","Menindee Lakes","A4260505","OB3","NSW","Murray Lower Darling","NV4","Native Vegetation","Lower Darling"
"1377","Murray River - Lock 9 to Lock 7","A4260505","OB3","NSW","Murray Lower Darling","NV4","Native Vegetation","Lower Darling"
"1378","Murray River - Lock 7 to SA border","A4260505","OB3","NSW","Murray Lower Darling","NV4","Native Vegetation","Lower Darling"
"1379","Murray River - Lock 15 weir pool to Lock 10","A4260505","OB4","NSW","Murray Lower Darling","NV4","Native Vegetation","Lower Darling"
"1380","Lower Darling River - Weir 32 to downstream Burtundy","A4260505","OB4","NSW","Murray Lower Darling","NV4","Native Vegetation","Lower Darling"
"1381","Murray River - Lock 10 to Lock 9","A4260505","OB4","NSW","Murray Lower Darling","NV4","Native Vegetation","Lower Darling"
"1382","Darling Anabranch","A4260505","OB4","NSW","Murray Lower Darling","NV4","Native Vegetation","Lower Darling"
"1383","Redbank and Tandou creeks","A4260505","OB4","NSW","Murray Lower Darling","NV4","Native Vegetation","Lower Darling"
"1384","Lake Wetherall","A4260505","OB4","NSW","Murray Lower Darling","NV4","Native Vegetation","Lower Darling"
"1385","Menindee Lakes","A4260505","OB4","NSW","Murray Lower Darling","NV4","Native Vegetation","Lower Darling"
"1386","Murray River - Lock 9 to Lock 7","A4260505","OB4","NSW","Murray Lower Darling","NV4","Native Vegetation","Lower Darling"
"1387","Murray River - Lock 7 to SA border","A4260505","OB4","NSW","Murray Lower Darling","NV4","Native Vegetation","Lower Darling"
"1388","Murray River - Lock 15 weir pool to Lock 10","A4260505","WP2","NSW","Murray Lower Darling","NV4","Native Vegetation","Lower Darling"
"1389","Lower Darling River - Weir 32 to downstream Burtundy","A4260505","WP2","NSW","Murray Lower Darling","NV4","Native Vegetation","Lower Darling"
"1390","Murray River - Lock 10 to Lock 9","A4260505","WP2","NSW","Murray Lower Darling","NV4","Native Vegetation","Lower Darling"
"1391","Darling Anabranch","A4260505","WP2","NSW","Murray Lower Darling","NV4","Native Vegetation","Lower Darling"
"1392","Redbank and Tandou creeks","A4260505","WP2","NSW","Murray Lower Darling","NV4","Native Vegetation","Lower Darling"
"1393","Lake Wetherall","A4260505","WP2","NSW","Murray Lower Darling","NV4","Native Vegetation","Lower Darling"
"1394","Menindee Lakes","A4260505","WP2","NSW","Murray Lower Darling","NV4","Native Vegetation","Lower Darling"
"1395","Murray River - Lock 9 to Lock 7","A4260505","WP2","NSW","Murray Lower Darling","NV4","Native Vegetation","Lower Darling"
"1396","Murray River - Lock 7 to SA border","A4260505","WP2","NSW","Murray Lower Darling","NV4","Native Vegetation","Lower Darling"
"1397","Murray River - Lock 15 weir pool to Lock 10","A4260507","SF2","NSW","Murray Lower Darling","NV4","Native Vegetation","Lower Darling"
"1398","Lower Darling River - Weir 32 to downstream Burtundy","A4260507","SF2","NSW","Murray Lower Darling","NV4","Native Vegetation","Lower Darling"
"1399","Murray River - Lock 10 to Lock 9","A4260507","SF2","NSW","Murray Lower Darling","NV4","Native Vegetation","Lower Darling"
"1400","Darling Anabranch","A4260507","SF2","NSW","Murray Lower Darling","NV4","Native Vegetation","Lower Darling"
"1401","Redbank and Tandou creeks","A4260507","SF2","NSW","Murray Lower Darling","NV4","Native Vegetation","Lower Darling"
"1402","Lake Wetherall","A4260507","SF2","NSW","Murray Lower Darling","NV4","Native Vegetation","Lower Darling"
"1403","Menindee Lakes","A4260507","SF2","NSW","Murray Lower Darling","NV4","Native Vegetation","Lower Darling"
"1404","Murray River - Lock 9 to Lock 7","A4260507","SF2","NSW","Murray Lower Darling","NV4","Native Vegetation","Lower Darling"
"1405","Murray River - Lock 7 to SA border","A4260507","SF2","NSW","Murray Lower Darling","NV4","Native Vegetation","Lower Darling"
"1406","Murray River - Lock 15 weir pool to Lock 10","A4260507","LF1","NSW","Murray Lower Darling","NV4","Native Vegetation","Lower Darling"
"1407","Lower Darling River - Weir 32 to downstream Burtundy","A4260507","LF1","NSW","Murray Lower Darling","NV4","Native Vegetation","Lower Darling"
"1408","Murray River - Lock 10 to Lock 9","A4260507","LF1","NSW","Murray Lower Darling","NV4","Native Vegetation","Lower Darling"
"1409","Darling Anabranch","A4260507","LF1","NSW","Murray Lower Darling","NV4","Native Vegetation","Lower Darling"
"1410","Redbank and Tandou creeks","A4260507","LF1","NSW","Murray Lower Darling","NV4","Native Vegetation","Lower Darling"
"1411","Lake Wetherall","A4260507","LF1","NSW","Murray Lower Darling","NV4","Native Vegetation","Lower Darling"
"1412","Menindee Lakes","A4260507","LF1","NSW","Murray Lower Darling","NV4","Native Vegetation","Lower Darling"
"1413","Murray River - Lock 9 to Lock 7","A4260507","LF1","NSW","Murray Lower Darling","NV4","Native Vegetation","Lower Darling"
"1414","Murray River - Lock 7 to SA border","A4260507","LF1","NSW","Murray Lower Darling","NV4","Native Vegetation","Lower Darling"
"1415","Murray River - Lock 15 weir pool to Lock 10","A4260507","LF2","NSW","Murray Lower Darling","NV4","Native Vegetation","Lower Darling"
"1416","Lower Darling River - Weir 32 to downstream Burtundy","A4260507","LF2","NSW","Murray Lower Darling","NV4","Native Vegetation","Lower Darling"
"1417","Murray River - Lock 10 to Lock 9","A4260507","LF2","NSW","Murray Lower Darling","NV4","Native Vegetation","Lower Darling"
"1418","Darling Anabranch","A4260507","LF2","NSW","Murray Lower Darling","NV4","Native Vegetation","Lower Darling"
"1419","Redbank and Tandou creeks","A4260507","LF2","NSW","Murray Lower Darling","NV4","Native Vegetation","Lower Darling"
"1420","Lake Wetherall","A4260507","LF2","NSW","Murray Lower Darling","NV4","Native Vegetation","Lower Darling"
"1421","Menindee Lakes","A4260507","LF2","NSW","Murray Lower Darling","NV4","Native Vegetation","Lower Darling"
"1422","Murray River - Lock 9 to Lock 7","A4260507","LF2","NSW","Murray Lower Darling","NV4","Native Vegetation","Lower Darling"
"1423","Murray River - Lock 7 to SA border","A4260507","LF2","NSW","Murray Lower Darling","NV4","Native Vegetation","Lower Darling"
"1424","Murray River - Lock 15 weir pool to Lock 10","A4260507","BK1_S","NSW","Murray Lower Darling","NV4","Native Vegetation","Lower Darling"
"1425","Lower Darling River - Weir 32 to downstream Burtundy","A4260507","BK1_S","NSW","Murray Lower Darling","NV4","Native Vegetation","Lower Darling"
"1426","Murray River - Lock 10 to Lock 9","A4260507","BK1_S","NSW","Murray Lower Darling","NV4","Native Vegetation","Lower Darling"
"1427","Darling Anabranch","A4260507","BK1_S","NSW","Murray Lower Darling","NV4","Native Vegetation","Lower Darling"
"1428","Redbank and Tandou creeks","A4260507","BK1_S","NSW","Murray Lower Darling","NV4","Native Vegetation","Lower Darling"
"1429","Lake Wetherall","A4260507","BK1_S","NSW","Murray Lower Darling","NV4","Native Vegetation","Lower Darling"
"1430","Menindee Lakes","A4260507","BK1_S","NSW","Murray Lower Darling","NV4","Native Vegetation","Lower Darling"
"1431","Murray River - Lock 9 to Lock 7","A4260507","BK1_S","NSW","Murray Lower Darling","NV4","Native Vegetation","Lower Darling"
"1432","Murray River - Lock 7 to SA border","A4260507","BK1_S","NSW","Murray Lower Darling","NV4","Native Vegetation","Lower Darling"
"1433","Murray River - Lock 15 weir pool to Lock 10","A4260507","BK1_P","NSW","Murray Lower Darling","NV4","Native Vegetation","Lower Darling"
"1434","Lower Darling River - Weir 32 to downstream Burtundy","A4260507","BK1_P","NSW","Murray Lower Darling","NV4","Native Vegetation","Lower Darling"
"1435","Murray River - Lock 10 to Lock 9","A4260507","BK1_P","NSW","Murray Lower Darling","NV4","Native Vegetation","Lower Darling"
"1436","Darling Anabranch","A4260507","BK1_P","NSW","Murray Lower Darling","NV4","Native Vegetation","Lower Darling"
"1437","Redbank and Tandou creeks","A4260507","BK1_P","NSW","Murray Lower Darling","NV4","Native Vegetation","Lower Darling"
"1438","Lake Wetherall","A4260507","BK1_P","NSW","Murray Lower Darling","NV4","Native Vegetation","Lower Darling"
"1439","Menindee Lakes","A4260507","BK1_P","NSW","Murray Lower Darling","NV4","Native Vegetation","Lower Darling"
"1440","Murray River - Lock 9 to Lock 7","A4260507","BK1_P","NSW","Murray Lower Darling","NV4","Native Vegetation","Lower Darling"
"1441","Murray River - Lock 7 to SA border","A4260507","BK1_P","NSW","Murray Lower Darling","NV4","Native Vegetation","Lower Darling"
"1442","Murray River - Lock 15 weir pool to Lock 10","A4260507","OB1_S","NSW","Murray Lower Darling","NV4","Native Vegetation","Lower Darling"
"1443","Lower Darling River - Weir 32 to downstream Burtundy","A4260507","OB1_S","NSW","Murray Lower Darling","NV4","Native Vegetation","Lower Darling"
"1444","Murray River - Lock 10 to Lock 9","A4260507","OB1_S","NSW","Murray Lower Darling","NV4","Native Vegetation","Lower Darling"
"1445","Darling Anabranch","A4260507","OB1_S","NSW","Murray Lower Darling","NV4","Native Vegetation","Lower Darling"
"1446","Redbank and Tandou creeks","A4260507","OB1_S","NSW","Murray Lower Darling","NV4","Native Vegetation","Lower Darling"
"1447","Lake Wetherall","A4260507","OB1_S","NSW","Murray Lower Darling","NV4","Native Vegetation","Lower Darling"
"1448","Menindee Lakes","A4260507","OB1_S","NSW","Murray Lower Darling","NV4","Native Vegetation","Lower Darling"
"1449","Murray River - Lock 9 to Lock 7","A4260507","OB1_S","NSW","Murray Lower Darling","NV4","Native Vegetation","Lower Darling"
"1450","Murray River - Lock 7 to SA border","A4260507","OB1_S","NSW","Murray Lower Darling","NV4","Native Vegetation","Lower Darling"
"1451","Murray River - Lock 15 weir pool to Lock 10","A4260507","OB1_P","NSW","Murray Lower Darling","NV4","Native Vegetation","Lower Darling"
"1452","Lower Darling River - Weir 32 to downstream Burtundy","A4260507","OB1_P","NSW","Murray Lower Darling","NV4","Native Vegetation","Lower Darling"
"1453","Murray River - Lock 10 to Lock 9","A4260507","OB1_P","NSW","Murray Lower Darling","NV4","Native Vegetation","Lower Darling"
"1454","Darling Anabranch","A4260507","OB1_P","NSW","Murray Lower Darling","NV4","Native Vegetation","Lower Darling"
"1455","Redbank and Tandou creeks","A4260507","OB1_P","NSW","Murray Lower Darling","NV4","Native Vegetation","Lower Darling"
"1456","Lake Wetherall","A4260507","OB1_P","NSW","Murray Lower Darling","NV4","Native Vegetation","Lower Darling"
"1457","Menindee Lakes","A4260507","OB1_P","NSW","Murray Lower Darling","NV4","Native Vegetation","Lower Darling"
"1458","Murray River - Lock 9 to Lock 7","A4260507","OB1_P","NSW","Murray Lower Darling","NV4","Native Vegetation","Lower Darling"
"1459","Murray River - Lock 7 to SA border","A4260507","OB1_P","NSW","Murray Lower Darling","NV4","Native Vegetation","Lower Darling"
"1460","Murray River - Lock 15 weir pool to Lock 10","A4260507","OB2","NSW","Murray Lower Darling","NV4","Native Vegetation","Lower Darling"
"1461","Lower Darling River - Weir 32 to downstream Burtundy","A4260507","OB2","NSW","Murray Lower Darling","NV4","Native Vegetation","Lower Darling"
"1462","Murray River - Lock 10 to Lock 9","A4260507","OB2","NSW","Murray Lower Darling","NV4","Native Vegetation","Lower Darling"
"1463","Darling Anabranch","A4260507","OB2","NSW","Murray Lower Darling","NV4","Native Vegetation","Lower Darling"
"1464","Redbank and Tandou creeks","A4260507","OB2","NSW","Murray Lower Darling","NV4","Native Vegetation","Lower Darling"
"1465","Lake Wetherall","A4260507","OB2","NSW","Murray Lower Darling","NV4","Native Vegetation","Lower Darling"
"1466","Menindee Lakes","A4260507","OB2","NSW","Murray Lower Darling","NV4","Native Vegetation","Lower Darling"
"1467","Murray River - Lock 9 to Lock 7","A4260507","OB2","NSW","Murray Lower Darling","NV4","Native Vegetation","Lower Darling"
"1468","Murray River - Lock 7 to SA border","A4260507","OB2","NSW","Murray Lower Darling","NV4","Native Vegetation","Lower Darling"
"1469","Murray River - Lock 15 weir pool to Lock 10","A4260507","OB3","NSW","Murray Lower Darling","NV4","Native Vegetation","Lower Darling"
"1470","Lower Darling River - Weir 32 to downstream Burtundy","A4260507","OB3","NSW","Murray Lower Darling","NV4","Native Vegetation","Lower Darling"
"1471","Murray River - Lock 10 to Lock 9","A4260507","OB3","NSW","Murray Lower Darling","NV4","Native Vegetation","Lower Darling"
"1472","Darling Anabranch","A4260507","OB3","NSW","Murray Lower Darling","NV4","Native Vegetation","Lower Darling"
"1473","Redbank and Tandou creeks","A4260507","OB3","NSW","Murray Lower Darling","NV4","Native Vegetation","Lower Darling"
"1474","Lake Wetherall","A4260507","OB3","NSW","Murray Lower Darling","NV4","Native Vegetation","Lower Darling"
"1475","Menindee Lakes","A4260507","OB3","NSW","Murray Lower Darling","NV4","Native Vegetation","Lower Darling"
"1476","Murray River - Lock 9 to Lock 7","A4260507","OB3","NSW","Murray Lower Darling","NV4","Native Vegetation","Lower Darling"
"1477","Murray River - Lock 7 to SA border","A4260507","OB3","NSW","Murray Lower Darling","NV4","Native Vegetation","Lower Darling"
"1478","Murray River - Lock 15 weir pool to Lock 10","A4260507","OB4","NSW","Murray Lower Darling","NV4","Native Vegetation","Lower Darling"
"1479","Lower Darling River - Weir 32 to downstream Burtundy","A4260507","OB4","NSW","Murray Lower Darling","NV4","Native Vegetation","Lower Darling"
"1480","Murray River - Lock 10 to Lock 9","A4260507","OB4","NSW","Murray Lower Darling","NV4","Native Vegetation","Lower Darling"
"1481","Darling Anabranch","A4260507","OB4","NSW","Murray Lower Darling","NV4","Native Vegetation","Lower Darling"
"1482","Redbank and Tandou creeks","A4260507","OB4","NSW","Murray Lower Darling","NV4","Native Vegetation","Lower Darling"
"1483","Lake Wetherall","A4260507","OB4","NSW","Murray Lower Darling","NV4","Native Vegetation","Lower Darling"
"1484","Menindee Lakes","A4260507","OB4","NSW","Murray Lower Darling","NV4","Native Vegetation","Lower Darling"
"1485","Murray River - Lock 9 to Lock 7","A4260507","OB4","NSW","Murray Lower Darling","NV4","Native Vegetation","Lower Darling"
"1486","Murray River - Lock 7 to SA border","A4260507","OB4","NSW","Murray Lower Darling","NV4","Native Vegetation","Lower Darling"
"1487","Murray River - Lock 15 weir pool to Lock 10","A4260507","WP2","NSW","Murray Lower Darling","NV4","Native Vegetation","Lower Darling"
"1488","Lower Darling River - Weir 32 to downstream Burtundy","A4260507","WP2","NSW","Murray Lower Darling","NV4","Native Vegetation","Lower Darling"
"1489","Murray River - Lock 10 to Lock 9","A4260507","WP2","NSW","Murray Lower Darling","NV4","Native Vegetation","Lower Darling"
"1490","Darling Anabranch","A4260507","WP2","NSW","Murray Lower Darling","NV4","Native Vegetation","Lower Darling"
"1491","Redbank and Tandou creeks","A4260507","WP2","NSW","Murray Lower Darling","NV4","Native Vegetation","Lower Darling"
"1492","Lake Wetherall","A4260507","WP2","NSW","Murray Lower Darling","NV4","Native Vegetation","Lower Darling"
"1493","Menindee Lakes","A4260507","WP2","NSW","Murray Lower Darling","NV4","Native Vegetation","Lower Darling"
"1494","Murray River - Lock 9 to Lock 7","A4260507","WP2","NSW","Murray Lower Darling","NV4","Native Vegetation","Lower Darling"
"1495","Murray River - Lock 7 to SA border","A4260507","WP2","NSW","Murray Lower Darling","NV4","Native Vegetation","Lower Darling"
"1496","Murray River - Lock 15 weir pool to Lock 10","A4260509","SF2","NSW","Murray Lower Darling","NV4","Native Vegetation","Lower Darling"
"1497","Lower Darling River - Weir 32 to downstream Burtundy","A4260509","SF2","NSW","Murray Lower Darling","NV4","Native Vegetation","Lower Darling"
"1498","Murray River - Lock 10 to Lock 9","A4260509","SF2","NSW","Murray Lower Darling","NV4","Native Vegetation","Lower Darling"
"1499","Darling Anabranch","A4260509","SF2","NSW","Murray Lower Darling","NV4","Native Vegetation","Lower Darling"
"1500","Redbank and Tandou creeks","A4260509","SF2","NSW","Murray Lower Darling","NV4","Native Vegetation","Lower Darling"
"1501","Lake Wetherall","A4260509","SF2","NSW","Murray Lower Darling","NV4","Native Vegetation","Lower Darling"
"1502","Menindee Lakes","A4260509","SF2","NSW","Murray Lower Darling","NV4","Native Vegetation","Lower Darling"
"1503","Murray River - Lock 9 to Lock 7","A4260509","SF2","NSW","Murray Lower Darling","NV4","Native Vegetation","Lower Darling"
"1504","Murray River - Lock 7 to SA border","A4260509","SF2","NSW","Murray Lower Darling","NV4","Native Vegetation","Lower Darling"
"1505","Murray River - Lock 15 weir pool to Lock 10","A4260509","LF1","NSW","Murray Lower Darling","NV4","Native Vegetation","Lower Darling"
"1506","Lower Darling River - Weir 32 to downstream Burtundy","A4260509","LF1","NSW","Murray Lower Darling","NV4","Native Vegetation","Lower Darling"
"1507","Murray River - Lock 10 to Lock 9","A4260509","LF1","NSW","Murray Lower Darling","NV4","Native Vegetation","Lower Darling"
"1508","Darling Anabranch","A4260509","LF1","NSW","Murray Lower Darling","NV4","Native Vegetation","Lower Darling"
"1509","Redbank and Tandou creeks","A4260509","LF1","NSW","Murray Lower Darling","NV4","Native Vegetation","Lower Darling"
"1510","Lake Wetherall","A4260509","LF1","NSW","Murray Lower Darling","NV4","Native Vegetation","Lower Darling"
"1511","Menindee Lakes","A4260509","LF1","NSW","Murray Lower Darling","NV4","Native Vegetation","Lower Darling"
"1512","Murray River - Lock 9 to Lock 7","A4260509","LF1","NSW","Murray Lower Darling","NV4","Native Vegetation","Lower Darling"
"1513","Murray River - Lock 7 to SA border","A4260509","LF1","NSW","Murray Lower Darling","NV4","Native Vegetation","Lower Darling"
"1514","Murray River - Lock 15 weir pool to Lock 10","A4260509","LF2","NSW","Murray Lower Darling","NV4","Native Vegetation","Lower Darling"
"1515","Lower Darling River - Weir 32 to downstream Burtundy","A4260509","LF2","NSW","Murray Lower Darling","NV4","Native Vegetation","Lower Darling"
"1516","Murray River - Lock 10 to Lock 9","A4260509","LF2","NSW","Murray Lower Darling","NV4","Native Vegetation","Lower Darling"
"1517","Darling Anabranch","A4260509","LF2","NSW","Murray Lower Darling","NV4","Native Vegetation","Lower Darling"
"1518","Redbank and Tandou creeks","A4260509","LF2","NSW","Murray Lower Darling","NV4","Native Vegetation","Lower Darling"
"1519","Lake Wetherall","A4260509","LF2","NSW","Murray Lower Darling","NV4","Native Vegetation","Lower Darling"
"1520","Menindee Lakes","A4260509","LF2","NSW","Murray Lower Darling","NV4","Native Vegetation","Lower Darling"
"1521","Murray River - Lock 9 to Lock 7","A4260509","LF2","NSW","Murray Lower Darling","NV4","Native Vegetation","Lower Darling"
"1522","Murray River - Lock 7 to SA border","A4260509","LF2","NSW","Murray Lower Darling","NV4","Native Vegetation","Lower Darling"
"1523","Murray River - Lock 15 weir pool to Lock 10","A4260509","BK1_S","NSW","Murray Lower Darling","NV4","Native Vegetation","Lower Darling"
"1524","Lower Darling River - Weir 32 to downstream Burtundy","A4260509","BK1_S","NSW","Murray Lower Darling","NV4","Native Vegetation","Lower Darling"
"1525","Murray River - Lock 10 to Lock 9","A4260509","BK1_S","NSW","Murray Lower Darling","NV4","Native Vegetation","Lower Darling"
"1526","Darling Anabranch","A4260509","BK1_S","NSW","Murray Lower Darling","NV4","Native Vegetation","Lower Darling"
"1527","Redbank and Tandou creeks","A4260509","BK1_S","NSW","Murray Lower Darling","NV4","Native Vegetation","Lower Darling"
"1528","Lake Wetherall","A4260509","BK1_S","NSW","Murray Lower Darling","NV4","Native Vegetation","Lower Darling"
"1529","Menindee Lakes","A4260509","BK1_S","NSW","Murray Lower Darling","NV4","Native Vegetation","Lower Darling"
"1530","Murray River - Lock 9 to Lock 7","A4260509","BK1_S","NSW","Murray Lower Darling","NV4","Native Vegetation","Lower Darling"
"1531","Murray River - Lock 7 to SA border","A4260509","BK1_S","NSW","Murray Lower Darling","NV4","Native Vegetation","Lower Darling"
"1532","Murray River - Lock 15 weir pool to Lock 10","A4260509","BK1_P","NSW","Murray Lower Darling","NV4","Native Vegetation","Lower Darling"
"1533","Lower Darling River - Weir 32 to downstream Burtundy","A4260509","BK1_P","NSW","Murray Lower Darling","NV4","Native Vegetation","Lower Darling"
"1534","Murray River - Lock 10 to Lock 9","A4260509","BK1_P","NSW","Murray Lower Darling","NV4","Native Vegetation","Lower Darling"
"1535","Darling Anabranch","A4260509","BK1_P","NSW","Murray Lower Darling","NV4","Native Vegetation","Lower Darling"
"1536","Redbank and Tandou creeks","A4260509","BK1_P","NSW","Murray Lower Darling","NV4","Native Vegetation","Lower Darling"
"1537","Lake Wetherall","A4260509","BK1_P","NSW","Murray Lower Darling","NV4","Native Vegetation","Lower Darling"
"1538","Menindee Lakes","A4260509","BK1_P","NSW","Murray Lower Darling","NV4","Native Vegetation","Lower Darling"
"1539","Murray River - Lock 9 to Lock 7","A4260509","BK1_P","NSW","Murray Lower Darling","NV4","Native Vegetation","Lower Darling"
"1540","Murray River - Lock 7 to SA border","A4260509","BK1_P","NSW","Murray Lower Darling","NV4","Native Vegetation","Lower Darling"
"1541","Murray River - Lock 15 weir pool to Lock 10","A4260509","OB1_S","NSW","Murray Lower Darling","NV4","Native Vegetation","Lower Darling"
"1542","Lower Darling River - Weir 32 to downstream Burtundy","A4260509","OB1_S","NSW","Murray Lower Darling","NV4","Native Vegetation","Lower Darling"
"1543","Murray River - Lock 10 to Lock 9","A4260509","OB1_S","NSW","Murray Lower Darling","NV4","Native Vegetation","Lower Darling"
"1544","Darling Anabranch","A4260509","OB1_S","NSW","Murray Lower Darling","NV4","Native Vegetation","Lower Darling"
"1545","Redbank and Tandou creeks","A4260509","OB1_S","NSW","Murray Lower Darling","NV4","Native Vegetation","Lower Darling"
"1546","Lake Wetherall","A4260509","OB1_S","NSW","Murray Lower Darling","NV4","Native Vegetation","Lower Darling"
"1547","Menindee Lakes","A4260509","OB1_S","NSW","Murray Lower Darling","NV4","Native Vegetation","Lower Darling"
"1548","Murray River - Lock 9 to Lock 7","A4260509","OB1_S","NSW","Murray Lower Darling","NV4","Native Vegetation","Lower Darling"
"1549","Murray River - Lock 7 to SA border","A4260509","OB1_S","NSW","Murray Lower Darling","NV4","Native Vegetation","Lower Darling"
"1550","Murray River - Lock 15 weir pool to Lock 10","A4260509","OB1_P","NSW","Murray Lower Darling","NV4","Native Vegetation","Lower Darling"
"1551","Lower Darling River - Weir 32 to downstream Burtundy","A4260509","OB1_P","NSW","Murray Lower Darling","NV4","Native Vegetation","Lower Darling"
"1552","Murray River - Lock 10 to Lock 9","A4260509","OB1_P","NSW","Murray Lower Darling","NV4","Native Vegetation","Lower Darling"
"1553","Darling Anabranch","A4260509","OB1_P","NSW","Murray Lower Darling","NV4","Native Vegetation","Lower Darling"
"1554","Redbank and Tandou creeks","A4260509","OB1_P","NSW","Murray Lower Darling","NV4","Native Vegetation","Lower Darling"
"1555","Lake Wetherall","A4260509","OB1_P","NSW","Murray Lower Darling","NV4","Native Vegetation","Lower Darling"
"1556","Menindee Lakes","A4260509","OB1_P","NSW","Murray Lower Darling","NV4","Native Vegetation","Lower Darling"
"1557","Murray River - Lock 9 to Lock 7","A4260509","OB1_P","NSW","Murray Lower Darling","NV4","Native Vegetation","Lower Darling"
"1558","Murray River - Lock 7 to SA border","A4260509","OB1_P","NSW","Murray Lower Darling","NV4","Native Vegetation","Lower Darling"
"1559","Murray River - Lock 15 weir pool to Lock 10","A4260509","OB2","NSW","Murray Lower Darling","NV4","Native Vegetation","Lower Darling"
"1560","Lower Darling River - Weir 32 to downstream Burtundy","A4260509","OB2","NSW","Murray Lower Darling","NV4","Native Vegetation","Lower Darling"
"1561","Murray River - Lock 10 to Lock 9","A4260509","OB2","NSW","Murray Lower Darling","NV4","Native Vegetation","Lower Darling"
"1562","Darling Anabranch","A4260509","OB2","NSW","Murray Lower Darling","NV4","Native Vegetation","Lower Darling"
"1563","Redbank and Tandou creeks","A4260509","OB2","NSW","Murray Lower Darling","NV4","Native Vegetation","Lower Darling"
"1564","Lake Wetherall","A4260509","OB2","NSW","Murray Lower Darling","NV4","Native Vegetation","Lower Darling"
"1565","Menindee Lakes","A4260509","OB2","NSW","Murray Lower Darling","NV4","Native Vegetation","Lower Darling"
"1566","Murray River - Lock 9 to Lock 7","A4260509","OB2","NSW","Murray Lower Darling","NV4","Native Vegetation","Lower Darling"
"1567","Murray River - Lock 7 to SA border","A4260509","OB2","NSW","Murray Lower Darling","NV4","Native Vegetation","Lower Darling"
"1568","Murray River - Lock 15 weir pool to Lock 10","A4260509","OB3","NSW","Murray Lower Darling","NV4","Native Vegetation","Lower Darling"
"1569","Lower Darling River - Weir 32 to downstream Burtundy","A4260509","OB3","NSW","Murray Lower Darling","NV4","Native Vegetation","Lower Darling"
"1570","Murray River - Lock 10 to Lock 9","A4260509","OB3","NSW","Murray Lower Darling","NV4","Native Vegetation","Lower Darling"
"1571","Darling Anabranch","A4260509","OB3","NSW","Murray Lower Darling","NV4","Native Vegetation","Lower Darling"
"1572","Redbank and Tandou creeks","A4260509","OB3","NSW","Murray Lower Darling","NV4","Native Vegetation","Lower Darling"
"1573","Lake Wetherall","A4260509","OB3","NSW","Murray Lower Darling","NV4","Native Vegetation","Lower Darling"
"1574","Menindee Lakes","A4260509","OB3","NSW","Murray Lower Darling","NV4","Native Vegetation","Lower Darling"
"1575","Murray River - Lock 9 to Lock 7","A4260509","OB3","NSW","Murray Lower Darling","NV4","Native Vegetation","Lower Darling"
"1576","Murray River - Lock 7 to SA border","A4260509","OB3","NSW","Murray Lower Darling","NV4","Native Vegetation","Lower Darling"
"1577","Murray River - Lock 15 weir pool to Lock 10","A4260509","OB4","NSW","Murray Lower Darling","NV4","Native Vegetation","Lower Darling"
"1578","Lower Darling River - Weir 32 to downstream Burtundy","A4260509","OB4","NSW","Murray Lower Darling","NV4","Native Vegetation","Lower Darling"
"1579","Murray River - Lock 10 to Lock 9","A4260509","OB4","NSW","Murray Lower Darling","NV4","Native Vegetation","Lower Darling"
"1580","Darling Anabranch","A4260509","OB4","NSW","Murray Lower Darling","NV4","Native Vegetation","Lower Darling"
"1581","Redbank and Tandou creeks","A4260509","OB4","NSW","Murray Lower Darling","NV4","Native Vegetation","Lower Darling"
"1582","Lake Wetherall","A4260509","OB4","NSW","Murray Lower Darling","NV4","Native Vegetation","Lower Darling"
"1583","Menindee Lakes","A4260509","OB4","NSW","Murray Lower Darling","NV4","Native Vegetation","Lower Darling"
"1584","Murray River - Lock 9 to Lock 7","A4260509","OB4","NSW","Murray Lower Darling","NV4","Native Vegetation","Lower Darling"
"1585","Murray River - Lock 7 to SA border","A4260509","OB4","NSW","Murray Lower Darling","NV4","Native Vegetation","Lower Darling"
"1586","Border Rivers and Moonie Long-term watering plan","416201A","PP","QLD","Border Rivers and Moonie","Q-EF4","Ecosystem Function","Queensland Border Rivers"
"1587","Murrumbidgee (MR)","410752","LF1_P","ACT","ACT","F4","Native Fish","Australian Capital Territory (Surface Water)"
"1588","Cotter River (CR1): Below Corin Dam to Cotter Reservoir  ","410752","LF1_P","ACT","ACT","F4","Native Fish","Australian Capital Territory (Surface Water)"
"1589","Cotter River (CR1): Below Corin Dam to Cotter Reservoir  ","410752","LF1_P","ACT","ACT","O2","Other Species","Australian Capital Territory (Surface Water)"
"1590","Cotter River (CR2): Below Cotter Dam ","410752","LF1_P","ACT","ACT","O2","Other Species","Australian Capital Territory (Surface Water)"
"1591","Murrumbidgee (MR)","410752","LF1_P","ACT","ACT","O2","Other Species","Australian Capital Territory (Surface Water)"
"1592","Murrumbidgee (MR)","410752","LF1_S","ACT","ACT","F4","Native Fish","Australian Capital Territory (Surface Water)"
"1593","Cotter River (CR1): Below Corin Dam to Cotter Reservoir  ","410752","LF1_S","ACT","ACT","F4","Native Fish","Australian Capital Territory (Surface Water)"
"1594","Cotter River (CR1): Below Corin Dam to Cotter Reservoir  ","410752","LF1_S","ACT","ACT","O2","Other Species","Australian Capital Territory (Surface Water)"
"1595","Cotter River (CR2): Below Cotter Dam ","410752","LF1_S","ACT","ACT","O2","Other Species","Australian Capital Territory (Surface Water)"
"1596","Murrumbidgee (MR)","410752","LF1_S","ACT","ACT","O2","Other Species","Australian Capital Territory (Surface Water)"
"1597","Murrumbidgee (MR)","410752","LF2","ACT","ACT","F4","Native Fish","Australian Capital Territory (Surface Water)"
"1598","Cotter River (CR1): Below Corin Dam to Cotter Reservoir  ","410752","LF2","ACT","ACT","F4","Native Fish","Australian Capital Territory (Surface Water)"
"1599","Cotter River (CR1): Below Corin Dam to Cotter Reservoir  ","410752","LF2","ACT","ACT","O2","Other Species","Australian Capital Territory (Surface Water)"
"1600","Cotter River (CR2): Below Cotter Dam ","410752","LF2","ACT","ACT","O2","Other Species","Australian Capital Territory (Surface Water)"
"1601","Murrumbidgee (MR)","410752","LF2","ACT","ACT","O2","Other Species","Australian Capital Territory (Surface Water)"
"1602","Murrumbidgee (MR)","410752","SF1","ACT","ACT","F4","Native Fish","Australian Capital Territory (Surface Water)"
"1603","Cotter River (CR1): Below Corin Dam to Cotter Reservoir  ","410752","SF1","ACT","ACT","F4","Native Fish","Australian Capital Territory (Surface Water)"
"1604","Cotter River (CR1): Below Corin Dam to Cotter Reservoir  ","410752","SF1","ACT","ACT","O2","Other Species","Australian Capital Territory (Surface Water)"
"1605","Cotter River (CR2): Below Cotter Dam ","410752","SF1","ACT","ACT","O2","Other Species","Australian Capital Territory (Surface Water)"
"1606","Murrumbidgee (MR)","410752","SF1","ACT","ACT","O2","Other Species","Australian Capital Territory (Surface Water)"
"1607","Murrumbidgee (MR)","410752","SF2","ACT","ACT","F4","Native Fish","Australian Capital Territory (Surface Water)"
"1608","Cotter River (CR1): Below Corin Dam to Cotter Reservoir  ","410752","SF2","ACT","ACT","F4","Native Fish","Australian Capital Territory (Surface Water)"
"1609","Cotter River (CR1): Below Corin Dam to Cotter Reservoir  ","410752","SF2","ACT","ACT","O2","Other Species","Australian Capital Territory (Surface Water)"
"1610","Cotter River (CR2): Below Cotter Dam ","410752","SF2","ACT","ACT","O2","Other Species","Australian Capital Territory (Surface Water)"
"1611","Murrumbidgee (MR)","410752","SF2","ACT","ACT","O2","Other Species","Australian Capital Territory (Surface Water)"
"1612","Murrumbidgee (MR)","410752","BF1_1","ACT","ACT","F4","Native Fish","Australian Capital Territory (Surface Water)"
"1613","Cotter River (CR1): Below Corin Dam to Cotter Reservoir  ","410752","BF1_1","ACT","ACT","F4","Native Fish","Australian Capital Territory (Surface Water)"
"1614","Cotter River (CR1): Below Corin Dam to Cotter Reservoir  ","410752","BF1_1","ACT","ACT","O2","Other Species","Australian Capital Territory (Surface Water)"
"1615","Cotter River (CR2): Below Cotter Dam ","410752","BF1_1","ACT","ACT","O2","Other Species","Australian Capital Territory (Surface Water)"
"1616","Murrumbidgee (MR)","410752","BF1_1","ACT","ACT","O2","Other Species","Australian Capital Territory (Surface Water)"
"1617","Murrumbidgee (MR)","410752","BF1_2","ACT","ACT","F4","Native Fish","Australian Capital Territory (Surface Water)"
"1618","Cotter River (CR1): Below Corin Dam to Cotter Reservoir  ","410752","BF1_2","ACT","ACT","F4","Native Fish","Australian Capital Territory (Surface Water)"
"1619","Cotter River (CR1): Below Corin Dam to Cotter Reservoir  ","410752","BF1_2","ACT","ACT","O2","Other Species","Australian Capital Territory (Surface Water)"
"1620","Cotter River (CR2): Below Cotter Dam ","410752","BF1_2","ACT","ACT","O2","Other Species","Australian Capital Territory (Surface Water)"
"1621","Murrumbidgee (MR)","410752","BF1_2","ACT","ACT","O2","Other Species","Australian Capital Territory (Surface Water)"
"1622","Murrumbidgee (MR)","410752","BF1_3","ACT","ACT","F4","Native Fish","Australian Capital Territory (Surface Water)"
"1623","Cotter River (CR1): Below Corin Dam to Cotter Reservoir  ","410752","BF1_3","ACT","ACT","F4","Native Fish","Australian Capital Territory (Surface Water)"
"1624","Cotter River (CR1): Below Corin Dam to Cotter Reservoir  ","410752","BF1_3","ACT","ACT","O2","Other Species","Australian Capital Territory (Surface Water)"
"1625","Cotter River (CR2): Below Cotter Dam ","410752","BF1_3","ACT","ACT","O2","Other Species","Australian Capital Territory (Surface Water)"
"1626","Murrumbidgee (MR)","410752","BF1_3","ACT","ACT","O2","Other Species","Australian Capital Territory (Surface Water)"
"1627","Murrumbidgee (MR)","410752","BF1_4","ACT","ACT","F4","Native Fish","Australian Capital Territory (Surface Water)"
"1628","Cotter River (CR1): Below Corin Dam to Cotter Reservoir  ","410752","BF1_4","ACT","ACT","F4","Native Fish","Australian Capital Territory (Surface Water)"
"1629","Cotter River (CR1): Below Corin Dam to Cotter Reservoir  ","410752","BF1_4","ACT","ACT","O2","Other Species","Australian Capital Territory (Surface Water)"
"1630","Cotter River (CR2): Below Cotter Dam ","410752","BF1_4","ACT","ACT","O2","Other Species","Australian Capital Territory (Surface Water)"
"1631","Murrumbidgee (MR)","410752","BF1_4","ACT","ACT","O2","Other Species","Australian Capital Territory (Surface Water)"
"1632","Murrumbidgee (MR)","410752","BF1_5","ACT","ACT","F4","Native Fish","Australian Capital Territory (Surface Water)"
"1633","Cotter River (CR1): Below Corin Dam to Cotter Reservoir  ","410752","BF1_5","ACT","ACT","F4","Native Fish","Australian Capital Territory (Surface Water)"
"1634","Cotter River (CR1): Below Corin Dam to Cotter Reservoir  ","410752","BF1_5","ACT","ACT","O2","Other Species","Australian Capital Territory (Surface Water)"
"1635","Cotter River (CR2): Below Cotter Dam ","410752","BF1_5","ACT","ACT","O2","Other Species","Australian Capital Territory (Surface Water)"
"1636","Murrumbidgee (MR)","410752","BF1_5","ACT","ACT","O2","Other Species","Australian Capital Territory (Surface Water)"
"1637","Murrumbidgee (MR)","410752","BF1_6","ACT","ACT","F4","Native Fish","Australian Capital Territory (Surface Water)"
"1638","Cotter River (CR1): Below Corin Dam to Cotter Reservoir  ","410752","BF1_6","ACT","ACT","F4","Native Fish","Australian Capital Territory (Surface Water)"
"1639","Cotter River (CR1): Below Corin Dam to Cotter Reservoir  ","410752","BF1_6","ACT","ACT","O2","Other Species","Australian Capital Territory (Surface Water)"
"1640","Cotter River (CR2): Below Cotter Dam ","410752","BF1_6","ACT","ACT","O2","Other Species","Australian Capital Territory (Surface Water)"
"1641","Murrumbidgee (MR)","410752","BF1_6","ACT","ACT","O2","Other Species","Australian Capital Territory (Surface Water)"
"1642","Murrumbidgee (MR)","410752","BF1_7","ACT","ACT","F4","Native Fish","Australian Capital Territory (Surface Water)"
"1643","Cotter River (CR1): Below Corin Dam to Cotter Reservoir  ","410752","BF1_7","ACT","ACT","F4","Native Fish","Australian Capital Territory (Surface Water)"
"1644","Cotter River (CR1): Below Corin Dam to Cotter Reservoir  ","410752","BF1_7","ACT","ACT","O2","Other Species","Australian Capital Territory (Surface Water)"
"1645","Cotter River (CR2): Below Cotter Dam ","410752","BF1_7","ACT","ACT","O2","Other Species","Australian Capital Territory (Surface Water)"
"1646","Murrumbidgee (MR)","410752","BF1_7","ACT","ACT","O2","Other Species","Australian Capital Territory (Surface Water)"
"1647","Murrumbidgee (MR)","410752","BF1_8","ACT","ACT","F4","Native Fish","Australian Capital Territory (Surface Water)"
"1648","Cotter River (CR1): Below Corin Dam to Cotter Reservoir  ","410752","BF1_8","ACT","ACT","F4","Native Fish","Australian Capital Territory (Surface Water)"
"1649","Cotter River (CR1): Below Corin Dam to Cotter Reservoir  ","410752","BF1_8","ACT","ACT","O2","Other Species","Australian Capital Territory (Surface Water)"
"1650","Cotter River (CR2): Below Cotter Dam ","410752","BF1_8","ACT","ACT","O2","Other Species","Australian Capital Territory (Surface Water)"
"1651","Murrumbidgee (MR)","410752","BF1_8","ACT","ACT","O2","Other Species","Australian Capital Territory (Surface Water)"
"1652","Murrumbidgee (MR)","410752","BF1_9","ACT","ACT","F4","Native Fish","Australian Capital Territory (Surface Water)"
"1653","Cotter River (CR1): Below Corin Dam to Cotter Reservoir  ","410752","BF1_9","ACT","ACT","F4","Native Fish","Australian Capital Territory (Surface Water)"
"1654","Cotter River (CR1): Below Corin Dam to Cotter Reservoir  ","410752","BF1_9","ACT","ACT","O2","Other Species","Australian Capital Territory (Surface Water)"
"1655","Cotter River (CR2): Below Cotter Dam ","410752","BF1_9","ACT","ACT","O2","Other Species","Australian Capital Territory (Surface Water)"
"1656","Murrumbidgee (MR)","410752","BF1_9","ACT","ACT","O2","Other Species","Australian Capital Territory (Surface Water)"
"1657","Murrumbidgee (MR)","410752","BF1_10","ACT","ACT","F4","Native Fish","Australian Capital Territory (Surface Water)"
"1658","Cotter River (CR1): Below Corin Dam to Cotter Reservoir  ","410752","BF1_10","ACT","ACT","F4","Native Fish","Australian Capital Territory (Surface Water)"
"1659","Cotter River (CR1): Below Corin Dam to Cotter Reservoir  ","410752","BF1_10","ACT","ACT","O2","Other Species","Australian Capital Territory (Surface Water)"
"1660","Cotter River (CR2): Below Cotter Dam ","410752","BF1_10","ACT","ACT","O2","Other Species","Australian Capital Territory (Surface Water)"
"1661","Murrumbidgee (MR)","410752","BF1_10","ACT","ACT","O2","Other Species","Australian Capital Territory (Surface Water)"
"1662","Murrumbidgee (MR)","410752","BF1_11","ACT","ACT","F4","Native Fish","Australian Capital Territory (Surface Water)"
"1663","Cotter River (CR1): Below Corin Dam to Cotter Reservoir  ","410752","BF1_11","ACT","ACT","F4","Native Fish","Australian Capital Territory (Surface Water)"
"1664","Cotter River (CR1): Below Corin Dam to Cotter Reservoir  ","410752","BF1_11","ACT","ACT","O2","Other Species","Australian Capital Territory (Surface Water)"
"1665","Cotter River (CR2): Below Cotter Dam ","410752","BF1_11","ACT","ACT","O2","Other Species","Australian Capital Territory (Surface Water)"
"1666","Murrumbidgee (MR)","410752","BF1_11","ACT","ACT","O2","Other Species","Australian Capital Territory (Surface Water)"
"1667","Murrumbidgee (MR)","410752","BF1_12","ACT","ACT","F4","Native Fish","Australian Capital Territory (Surface Water)"
"1668","Cotter River (CR1): Below Corin Dam to Cotter Reservoir  ","410752","BF1_12","ACT","ACT","F4","Native Fish","Australian Capital Territory (Surface Water)"
"1669","Murrumbidgee (MR)","410747","LF1_P","ACT","ACT","F4","Native Fish","Australian Capital Territory (Surface Water)"
"1670","Cotter River (CR1): Below Corin Dam to Cotter Reservoir  ","410747","LF1_P","ACT","ACT","F4","Native Fish","Australian Capital Territory (Surface Water)"
"1671","Cotter River (CR1): Below Corin Dam to Cotter Reservoir  ","410747","LF1_P","ACT","ACT","O2","Other Species","Australian Capital Territory (Surface Water)"
"1672","Cotter River (CR2): Below Cotter Dam ","410747","LF1_P","ACT","ACT","O2","Other Species","Australian Capital Territory (Surface Water)"
"1673","Murrumbidgee (MR)","410747","LF1_P","ACT","ACT","O2","Other Species","Australian Capital Territory (Surface Water)"
"1674","Murrumbidgee (MR)","410747","LF1_S","ACT","ACT","F4","Native Fish","Australian Capital Territory (Surface Water)"
"1675","Cotter River (CR1): Below Corin Dam to Cotter Reservoir  ","410747","LF1_S","ACT","ACT","F4","Native Fish","Australian Capital Territory (Surface Water)"
"1676","Cotter River (CR1): Below Corin Dam to Cotter Reservoir  ","410747","LF1_S","ACT","ACT","O2","Other Species","Australian Capital Territory (Surface Water)"
"1677","Cotter River (CR2): Below Cotter Dam ","410747","LF1_S","ACT","ACT","O2","Other Species","Australian Capital Territory (Surface Water)"
"1678","Murrumbidgee (MR)","410747","LF1_S","ACT","ACT","O2","Other Species","Australian Capital Territory (Surface Water)"
"1679","Murrumbidgee (MR)","410747","LF2","ACT","ACT","F4","Native Fish","Australian Capital Territory (Surface Water)"
"1680","Cotter River (CR1): Below Corin Dam to Cotter Reservoir  ","410747","LF2","ACT","ACT","F4","Native Fish","Australian Capital Territory (Surface Water)"
"1681","Cotter River (CR1): Below Corin Dam to Cotter Reservoir  ","410747","LF2","ACT","ACT","O2","Other Species","Australian Capital Territory (Surface Water)"
"1682","Cotter River (CR2): Below Cotter Dam ","410747","LF2","ACT","ACT","O2","Other Species","Australian Capital Territory (Surface Water)"
"1683","Murrumbidgee (MR)","410747","LF2","ACT","ACT","O2","Other Species","Australian Capital Territory (Surface Water)"
"1684","Murrumbidgee (MR)","410747","SF1","ACT","ACT","F4","Native Fish","Australian Capital Territory (Surface Water)"
"1685","Cotter River (CR1): Below Corin Dam to Cotter Reservoir  ","410747","SF1","ACT","ACT","F4","Native Fish","Australian Capital Territory (Surface Water)"
"1686","Cotter River (CR1): Below Corin Dam to Cotter Reservoir  ","410747","SF1","ACT","ACT","O2","Other Species","Australian Capital Territory (Surface Water)"
"1687","Cotter River (CR2): Below Cotter Dam ","410747","SF1","ACT","ACT","O2","Other Species","Australian Capital Territory (Surface Water)"
"1688","Murrumbidgee (MR)","410747","SF1","ACT","ACT","O2","Other Species","Australian Capital Territory (Surface Water)"
"1689","Murrumbidgee (MR)","410747","SF2","ACT","ACT","F4","Native Fish","Australian Capital Territory (Surface Water)"
"1690","Cotter River (CR1): Below Corin Dam to Cotter Reservoir  ","410747","SF2","ACT","ACT","F4","Native Fish","Australian Capital Territory (Surface Water)"
"1691","Cotter River (CR1): Below Corin Dam to Cotter Reservoir  ","410747","SF2","ACT","ACT","O2","Other Species","Australian Capital Territory (Surface Water)"
"1692","Cotter River (CR2): Below Cotter Dam ","410747","SF2","ACT","ACT","O2","Other Species","Australian Capital Territory (Surface Water)"
"1693","Murrumbidgee (MR)","410747","SF2","ACT","ACT","O2","Other Species","Australian Capital Territory (Surface Water)"
"1694","Murrumbidgee (MR)","410747","BF1_1","ACT","ACT","F4","Native Fish","Australian Capital Territory (Surface Water)"
"1695","Cotter River (CR1): Below Corin Dam to Cotter Reservoir  ","410747","BF1_1","ACT","ACT","F4","Native Fish","Australian Capital Territory (Surface Water)"
"1696","Cotter River (CR1): Below Corin Dam to Cotter Reservoir  ","410747","BF1_1","ACT","ACT","O2","Other Species","Australian Capital Territory (Surface Water)"
"1697","Cotter River (CR2): Below Cotter Dam ","410747","BF1_1","ACT","ACT","O2","Other Species","Australian Capital Territory (Surface Water)"
"1698","Murrumbidgee (MR)","410747","BF1_1","ACT","ACT","O2","Other Species","Australian Capital Territory (Surface Water)"
"1699","Murrumbidgee (MR)","410747","BF1_2","ACT","ACT","F4","Native Fish","Australian Capital Territory (Surface Water)"
"1700","Cotter River (CR1): Below Corin Dam to Cotter Reservoir  ","410747","BF1_2","ACT","ACT","F4","Native Fish","Australian Capital Territory (Surface Water)"
"1701","Cotter River (CR1): Below Corin Dam to Cotter Reservoir  ","410747","BF1_2","ACT","ACT","O2","Other Species","Australian Capital Territory (Surface Water)"
"1702","Cotter River (CR2): Below Cotter Dam ","410747","BF1_2","ACT","ACT","O2","Other Species","Australian Capital Territory (Surface Water)"
"1703","Murrumbidgee (MR)","410747","BF1_2","ACT","ACT","O2","Other Species","Australian Capital Territory (Surface Water)"
"1704","Murrumbidgee (MR)","410747","BF1_3","ACT","ACT","F4","Native Fish","Australian Capital Territory (Surface Water)"
"1705","Cotter River (CR1): Below Corin Dam to Cotter Reservoir  ","410747","BF1_3","ACT","ACT","F4","Native Fish","Australian Capital Territory (Surface Water)"
"1706","Cotter River (CR1): Below Corin Dam to Cotter Reservoir  ","410747","BF1_3","ACT","ACT","O2","Other Species","Australian Capital Territory (Surface Water)"
"1707","Cotter River (CR2): Below Cotter Dam ","410747","BF1_3","ACT","ACT","O2","Other Species","Australian Capital Territory (Surface Water)"
"1708","Murrumbidgee (MR)","410747","BF1_3","ACT","ACT","O2","Other Species","Australian Capital Territory (Surface Water)"
"1709","Murrumbidgee (MR)","410747","BF1_4","ACT","ACT","F4","Native Fish","Australian Capital Territory (Surface Water)"
"1710","Cotter River (CR1): Below Corin Dam to Cotter Reservoir  ","410747","BF1_4","ACT","ACT","F4","Native Fish","Australian Capital Territory (Surface Water)"
"1711","Cotter River (CR1): Below Corin Dam to Cotter Reservoir  ","410747","BF1_4","ACT","ACT","O2","Other Species","Australian Capital Territory (Surface Water)"
"1712","Cotter River (CR2): Below Cotter Dam ","410747","BF1_4","ACT","ACT","O2","Other Species","Australian Capital Territory (Surface Water)"
"1713","Murrumbidgee (MR)","410747","BF1_4","ACT","ACT","O2","Other Species","Australian Capital Territory (Surface Water)"
"1714","Murrumbidgee (MR)","410747","BF1_5","ACT","ACT","F4","Native Fish","Australian Capital Territory (Surface Water)"
"1715","Cotter River (CR1): Below Corin Dam to Cotter Reservoir  ","410747","BF1_5","ACT","ACT","F4","Native Fish","Australian Capital Territory (Surface Water)"
"1716","Cotter River (CR1): Below Corin Dam to Cotter Reservoir  ","410747","BF1_5","ACT","ACT","O2","Other Species","Australian Capital Territory (Surface Water)"
"1717","Cotter River (CR2): Below Cotter Dam ","410747","BF1_5","ACT","ACT","O2","Other Species","Australian Capital Territory (Surface Water)"
"1718","Murrumbidgee (MR)","410747","BF1_5","ACT","ACT","O2","Other Species","Australian Capital Territory (Surface Water)"
"1719","Murrumbidgee (MR)","410747","BF1_6","ACT","ACT","F4","Native Fish","Australian Capital Territory (Surface Water)"
"1720","Cotter River (CR1): Below Corin Dam to Cotter Reservoir  ","410747","BF1_6","ACT","ACT","F4","Native Fish","Australian Capital Territory (Surface Water)"
"1721","Cotter River (CR1): Below Corin Dam to Cotter Reservoir  ","410747","BF1_6","ACT","ACT","O2","Other Species","Australian Capital Territory (Surface Water)"
"1722","Cotter River (CR2): Below Cotter Dam ","410747","BF1_6","ACT","ACT","O2","Other Species","Australian Capital Territory (Surface Water)"
"1723","Murrumbidgee (MR)","410747","BF1_6","ACT","ACT","O2","Other Species","Australian Capital Territory (Surface Water)"
"1724","Murrumbidgee (MR)","410747","BF1_7","ACT","ACT","F4","Native Fish","Australian Capital Territory (Surface Water)"
"1725","Cotter River (CR1): Below Corin Dam to Cotter Reservoir  ","410747","BF1_7","ACT","ACT","F4","Native Fish","Australian Capital Territory (Surface Water)"
"1726","Cotter River (CR1): Below Corin Dam to Cotter Reservoir  ","410747","BF1_7","ACT","ACT","O2","Other Species","Australian Capital Territory (Surface Water)"
"1727","Cotter River (CR2): Below Cotter Dam ","410747","BF1_7","ACT","ACT","O2","Other Species","Australian Capital Territory (Surface Water)"
"1728","Murrumbidgee (MR)","410747","BF1_7","ACT","ACT","O2","Other Species","Australian Capital Territory (Surface Water)"
"1729","Murrumbidgee (MR)","410747","BF1_8","ACT","ACT","F4","Native Fish","Australian Capital Territory (Surface Water)"
"1730","Cotter River (CR1): Below Corin Dam to Cotter Reservoir  ","410747","BF1_8","ACT","ACT","F4","Native Fish","Australian Capital Territory (Surface Water)"
"1731","Cotter River (CR1): Below Corin Dam to Cotter Reservoir  ","410747","BF1_8","ACT","ACT","O2","Other Species","Australian Capital Territory (Surface Water)"
"1732","Cotter River (CR2): Below Cotter Dam ","410747","BF1_8","ACT","ACT","O2","Other Species","Australian Capital Territory (Surface Water)"
"1733","Murrumbidgee (MR)","410747","BF1_8","ACT","ACT","O2","Other Species","Australian Capital Territory (Surface Water)"
"1734","Murrumbidgee (MR)","410747","BF1_9","ACT","ACT","F4","Native Fish","Australian Capital Territory (Surface Water)"
"1735","Cotter River (CR1): Below Corin Dam to Cotter Reservoir  ","410747","BF1_9","ACT","ACT","F4","Native Fish","Australian Capital Territory (Surface Water)"
"1736","Cotter River (CR1): Below Corin Dam to Cotter Reservoir  ","410747","BF1_9","ACT","ACT","O2","Other Species","Australian Capital Territory (Surface Water)"
"1737","Cotter River (CR2): Below Cotter Dam ","410747","BF1_9","ACT","ACT","O2","Other Species","Australian Capital Territory (Surface Water)"
"1738","Murrumbidgee (MR)","410747","BF1_9","ACT","ACT","O2","Other Species","Australian Capital Territory (Surface Water)"
"1739","Murrumbidgee (MR)","410747","BF1_10","ACT","ACT","F4","Native Fish","Australian Capital Territory (Surface Water)"
"1740","Cotter River (CR1): Below Corin Dam to Cotter Reservoir  ","410747","BF1_10","ACT","ACT","F4","Native Fish","Australian Capital Territory (Surface Water)"
"1741","Cotter River (CR1): Below Corin Dam to Cotter Reservoir  ","410747","BF1_10","ACT","ACT","O2","Other Species","Australian Capital Territory (Surface Water)"
"1742","Cotter River (CR2): Below Cotter Dam ","410747","BF1_10","ACT","ACT","O2","Other Species","Australian Capital Territory (Surface Water)"
"1743","Murrumbidgee (MR)","410747","BF1_10","ACT","ACT","O2","Other Species","Australian Capital Territory (Surface Water)"
"1744","Murrumbidgee (MR)","410747","BF1_11","ACT","ACT","F4","Native Fish","Australian Capital Territory (Surface Water)"
"1745","Cotter River (CR1): Below Corin Dam to Cotter Reservoir  ","410747","BF1_11","ACT","ACT","F4","Native Fish","Australian Capital Territory (Surface Water)"
"1746","Cotter River (CR1): Below Corin Dam to Cotter Reservoir  ","410747","BF1_11","ACT","ACT","O2","Other Species","Australian Capital Territory (Surface Water)"
"1747","Cotter River (CR2): Below Cotter Dam ","410747","BF1_11","ACT","ACT","O2","Other Species","Australian Capital Territory (Surface Water)"
"1748","Murrumbidgee (MR)","410747","BF1_11","ACT","ACT","O2","Other Species","Australian Capital Territory (Surface Water)"
"1749","Murrumbidgee (MR)","410747","BF1_12","ACT","ACT","F4","Native Fish","Australian Capital Territory (Surface Water)"
"1750","Cotter River (CR1): Below Corin Dam to Cotter Reservoir  ","410747","BF1_12","ACT","ACT","F4","Native Fish","Australian Capital Territory (Surface Water)"
"1751","Murrumbidgee (MR)","410700","LF1_P","ACT","ACT","O5","Other Species","Australian Capital Territory (Surface Water)"
"1752","Cotter River (CR2): Below Cotter Dam ","410700","LF1_P","ACT","ACT","O5","Other Species","Australian Capital Territory (Surface Water)"
"1753","Cotter River (CR1): Below Corin Dam to Cotter Reservoir  ","410700","LF1_P","ACT","ACT","O2","Other Species","Australian Capital Territory (Surface Water)"
"1754","Cotter River (CR2): Below Cotter Dam ","410700","LF1_P","ACT","ACT","O2","Other Species","Australian Capital Territory (Surface Water)"
"1755","Murrumbidgee (MR)","410700","LF1_P","ACT","ACT","O2","Other Species","Australian Capital Territory (Surface Water)"
"1756","Murrumbidgee (MR)","410700","LF1_S","ACT","ACT","O5","Other Species","Australian Capital Territory (Surface Water)"
"1757","Cotter River (CR2): Below Cotter Dam ","410700","LF1_S","ACT","ACT","O5","Other Species","Australian Capital Territory (Surface Water)"
"1758","Cotter River (CR1): Below Corin Dam to Cotter Reservoir  ","410700","LF1_S","ACT","ACT","O2","Other Species","Australian Capital Territory (Surface Water)"
"1759","Cotter River (CR2): Below Cotter Dam ","410700","LF1_S","ACT","ACT","O2","Other Species","Australian Capital Territory (Surface Water)"
"1760","Murrumbidgee (MR)","410700","LF1_S","ACT","ACT","O2","Other Species","Australian Capital Territory (Surface Water)"
"1761","Murrumbidgee (MR)","410700","SF1_P","ACT","ACT","O5","Other Species","Australian Capital Territory (Surface Water)"
"1762","Cotter River (CR2): Below Cotter Dam ","410700","SF1_P","ACT","ACT","O5","Other Species","Australian Capital Territory (Surface Water)"
"1763","Cotter River (CR1): Below Corin Dam to Cotter Reservoir  ","410700","SF1_P","ACT","ACT","O2","Other Species","Australian Capital Territory (Surface Water)"
"1764","Cotter River (CR2): Below Cotter Dam ","410700","SF1_P","ACT","ACT","O2","Other Species","Australian Capital Territory (Surface Water)"
"1765","Murrumbidgee (MR)","410700","SF1_P","ACT","ACT","O2","Other Species","Australian Capital Territory (Surface Water)"
"1766","Murrumbidgee (MR)","410700","SF1_S","ACT","ACT","O5","Other Species","Australian Capital Territory (Surface Water)"
"1767","Cotter River (CR2): Below Cotter Dam ","410700","SF1_S","ACT","ACT","O5","Other Species","Australian Capital Territory (Surface Water)"
"1768","Cotter River (CR1): Below Corin Dam to Cotter Reservoir  ","410700","SF1_S","ACT","ACT","O2","Other Species","Australian Capital Territory (Surface Water)"
"1769","Cotter River (CR2): Below Cotter Dam ","410700","SF1_S","ACT","ACT","O2","Other Species","Australian Capital Territory (Surface Water)"
"1770","Murrumbidgee (MR)","410700","SF1_S","ACT","ACT","O2","Other Species","Australian Capital Territory (Surface Water)"
"1771","Murrumbidgee (MR)","410700","SF2_P","ACT","ACT","O5","Other Species","Australian Capital Territory (Surface Water)"
"1772","Cotter River (CR2): Below Cotter Dam ","410700","SF2_P","ACT","ACT","O5","Other Species","Australian Capital Territory (Surface Water)"
"1773","Cotter River (CR1): Below Corin Dam to Cotter Reservoir  ","410700","SF2_P","ACT","ACT","O2","Other Species","Australian Capital Territory (Surface Water)"
"1774","Cotter River (CR2): Below Cotter Dam ","410700","SF2_P","ACT","ACT","O2","Other Species","Australian Capital Territory (Surface Water)"
"1775","Murrumbidgee (MR)","410700","SF2_P","ACT","ACT","O2","Other Species","Australian Capital Territory (Surface Water)"
"1776","Murrumbidgee (MR)","410700","SF2_S","ACT","ACT","O5","Other Species","Australian Capital Territory (Surface Water)"
"1777","Cotter River (CR2): Below Cotter Dam ","410700","SF2_S","ACT","ACT","O5","Other Species","Australian Capital Territory (Surface Water)"
"1778","Cotter River (CR1): Below Corin Dam to Cotter Reservoir  ","410700","SF2_S","ACT","ACT","O2","Other Species","Australian Capital Territory (Surface Water)"
"1779","Cotter River (CR2): Below Cotter Dam ","410700","SF2_S","ACT","ACT","O2","Other Species","Australian Capital Territory (Surface Water)"
"1780","Murrumbidgee (MR)","410700","SF2_S","ACT","ACT","O2","Other Species","Australian Capital Territory (Surface Water)"
"1781","Cotter River (CR1): Below Corin Dam to Cotter Reservoir  ","410700","BF1_1","ACT","ACT","O2","Other Species","Australian Capital Territory (Surface Water)"
"1782","Cotter River (CR2): Below Cotter Dam ","410700","BF1_1","ACT","ACT","O2","Other Species","Australian Capital Territory (Surface Water)"
"1783","Murrumbidgee (MR)","410700","BF1_1","ACT","ACT","O2","Other Species","Australian Capital Territory (Surface Water)"
"1784","Murrumbidgee (MR)","410700","BF1_1","ACT","ACT","O5","Other Species","Australian Capital Territory (Surface Water)"
"1785","Cotter River (CR2): Below Cotter Dam ","410700","BF1_1","ACT","ACT","O5","Other Species","Australian Capital Territory (Surface Water)"
"1786","Cotter River (CR1): Below Corin Dam to Cotter Reservoir  ","410700","BF1_2","ACT","ACT","O2","Other Species","Australian Capital Territory (Surface Water)"
"1787","Cotter River (CR2): Below Cotter Dam ","410700","BF1_2","ACT","ACT","O2","Other Species","Australian Capital Territory (Surface Water)"
"1788","Murrumbidgee (MR)","410700","BF1_2","ACT","ACT","O2","Other Species","Australian Capital Territory (Surface Water)"
"1789","Murrumbidgee (MR)","410700","BF1_2","ACT","ACT","O5","Other Species","Australian Capital Territory (Surface Water)"
"1790","Cotter River (CR2): Below Cotter Dam ","410700","BF1_2","ACT","ACT","O5","Other Species","Australian Capital Territory (Surface Water)"
"1791","Cotter River (CR1): Below Corin Dam to Cotter Reservoir  ","410700","BF1_3","ACT","ACT","O2","Other Species","Australian Capital Territory (Surface Water)"
"1792","Cotter River (CR2): Below Cotter Dam ","410700","BF1_3","ACT","ACT","O2","Other Species","Australian Capital Territory (Surface Water)"
"1793","Murrumbidgee (MR)","410700","BF1_3","ACT","ACT","O2","Other Species","Australian Capital Territory (Surface Water)"
"1794","Murrumbidgee (MR)","410700","BF1_3","ACT","ACT","O5","Other Species","Australian Capital Territory (Surface Water)"
"1795","Cotter River (CR2): Below Cotter Dam ","410700","BF1_3","ACT","ACT","O5","Other Species","Australian Capital Territory (Surface Water)"
"1796","Cotter River (CR1): Below Corin Dam to Cotter Reservoir  ","410700","BF1_4","ACT","ACT","O2","Other Species","Australian Capital Territory (Surface Water)"
"1797","Cotter River (CR2): Below Cotter Dam ","410700","BF1_4","ACT","ACT","O2","Other Species","Australian Capital Territory (Surface Water)"
"1798","Murrumbidgee (MR)","410700","BF1_4","ACT","ACT","O2","Other Species","Australian Capital Territory (Surface Water)"
"1799","Murrumbidgee (MR)","410700","BF1_4","ACT","ACT","O5","Other Species","Australian Capital Territory (Surface Water)"
"1800","Cotter River (CR2): Below Cotter Dam ","410700","BF1_4","ACT","ACT","O5","Other Species","Australian Capital Territory (Surface Water)"
"1801","Cotter River (CR1): Below Corin Dam to Cotter Reservoir  ","410700","BF1_5","ACT","ACT","O2","Other Species","Australian Capital Territory (Surface Water)"
"1802","Cotter River (CR2): Below Cotter Dam ","410700","BF1_5","ACT","ACT","O2","Other Species","Australian Capital Territory (Surface Water)"
"1803","Murrumbidgee (MR)","410700","BF1_5","ACT","ACT","O2","Other Species","Australian Capital Territory (Surface Water)"
"1804","Murrumbidgee (MR)","410700","BF1_5","ACT","ACT","O5","Other Species","Australian Capital Territory (Surface Water)"
"1805","Cotter River (CR2): Below Cotter Dam ","410700","BF1_5","ACT","ACT","O5","Other Species","Australian Capital Territory (Surface Water)"
"1806","Cotter River (CR1): Below Corin Dam to Cotter Reservoir  ","410700","BF1_6","ACT","ACT","O2","Other Species","Australian Capital Territory (Surface Water)"
"1807","Cotter River (CR2): Below Cotter Dam ","410700","BF1_6","ACT","ACT","O2","Other Species","Australian Capital Territory (Surface Water)"
"1808","Murrumbidgee (MR)","410700","BF1_6","ACT","ACT","O2","Other Species","Australian Capital Territory (Surface Water)"
"1809","Murrumbidgee (MR)","410700","BF1_6","ACT","ACT","O5","Other Species","Australian Capital Territory (Surface Water)"
"1810","Cotter River (CR2): Below Cotter Dam ","410700","BF1_6","ACT","ACT","O5","Other Species","Australian Capital Territory (Surface Water)"
"1811","Cotter River (CR1): Below Corin Dam to Cotter Reservoir  ","410700","BF1_7","ACT","ACT","O2","Other Species","Australian Capital Territory (Surface Water)"
"1812","Cotter River (CR2): Below Cotter Dam ","410700","BF1_7","ACT","ACT","O2","Other Species","Australian Capital Territory (Surface Water)"
"1813","Murrumbidgee (MR)","410700","BF1_7","ACT","ACT","O2","Other Species","Australian Capital Territory (Surface Water)"
"1814","Murrumbidgee (MR)","410700","BF1_7","ACT","ACT","O5","Other Species","Australian Capital Territory (Surface Water)"
"1815","Cotter River (CR2): Below Cotter Dam ","410700","BF1_7","ACT","ACT","O5","Other Species","Australian Capital Territory (Surface Water)"
"1816","Cotter River (CR1): Below Corin Dam to Cotter Reservoir  ","410700","BF1_8","ACT","ACT","O2","Other Species","Australian Capital Territory (Surface Water)"
"1817","Cotter River (CR2): Below Cotter Dam ","410700","BF1_8","ACT","ACT","O2","Other Species","Australian Capital Territory (Surface Water)"
"1818","Murrumbidgee (MR)","410700","BF1_8","ACT","ACT","O2","Other Species","Australian Capital Territory (Surface Water)"
"1819","Murrumbidgee (MR)","410700","BF1_8","ACT","ACT","O5","Other Species","Australian Capital Territory (Surface Water)"
"1820","Cotter River (CR2): Below Cotter Dam ","410700","BF1_8","ACT","ACT","O5","Other Species","Australian Capital Territory (Surface Water)"
"1821","Cotter River (CR1): Below Corin Dam to Cotter Reservoir  ","410700","BF1_9","ACT","ACT","O2","Other Species","Australian Capital Territory (Surface Water)"
"1822","Cotter River (CR2): Below Cotter Dam ","410700","BF1_9","ACT","ACT","O2","Other Species","Australian Capital Territory (Surface Water)"
"1823","Murrumbidgee (MR)","410700","BF1_9","ACT","ACT","O2","Other Species","Australian Capital Territory (Surface Water)"
"1824","Murrumbidgee (MR)","410700","BF1_9","ACT","ACT","O5","Other Species","Australian Capital Territory (Surface Water)"
"1825","Cotter River (CR2): Below Cotter Dam ","410700","BF1_9","ACT","ACT","O5","Other Species","Australian Capital Territory (Surface Water)"
"1826","Cotter River (CR1): Below Corin Dam to Cotter Reservoir  ","410700","BF1_10","ACT","ACT","O2","Other Species","Australian Capital Territory (Surface Water)"
"1827","Cotter River (CR2): Below Cotter Dam ","410700","BF1_10","ACT","ACT","O2","Other Species","Australian Capital Territory (Surface Water)"
"1828","Murrumbidgee (MR)","410700","BF1_10","ACT","ACT","O2","Other Species","Australian Capital Territory (Surface Water)"
"1829","Murrumbidgee (MR)","410700","BF1_10","ACT","ACT","O5","Other Species","Australian Capital Territory (Surface Water)"
"1830","Cotter River (CR2): Below Cotter Dam ","410700","BF1_10","ACT","ACT","O5","Other Species","Australian Capital Territory (Surface Water)"
"1831","Cotter River (CR1): Below Corin Dam to Cotter Reservoir  ","410700","BF1_11","ACT","ACT","O2","Other Species","Australian Capital Territory (Surface Water)"
"1832","Cotter River (CR2): Below Cotter Dam ","410700","BF1_11","ACT","ACT","O2","Other Species","Australian Capital Territory (Surface Water)"
"1833","Murrumbidgee (MR)","410700","BF1_11","ACT","ACT","O2","Other Species","Australian Capital Territory (Surface Water)"
"1834","Murrumbidgee (MR)","410700","BF1_11","ACT","ACT","O5","Other Species","Australian Capital Territory (Surface Water)"
"1835","Cotter River (CR2): Below Cotter Dam ","410700","BF1_11","ACT","ACT","O5","Other Species","Australian Capital Territory (Surface Water)"
"1836","Cotter River (CR1): Below Corin Dam to Cotter Reservoir  ","410700","BF1_12","ACT","ACT","O2","Other Species","Australian Capital Territory (Surface Water)"
"1837","Cotter River (CR2): Below Cotter Dam ","410700","BF1_12","ACT","ACT","O2","Other Species","Australian Capital Territory (Surface Water)"
"1838","Murrumbidgee (MR)","410700","BF1_12","ACT","ACT","O2","Other Species","Australian Capital Territory (Surface Water)"
"1839","Murrumbidgee (MR)","410700","BF1_12","ACT","ACT","O5","Other Species","Australian Capital Territory (Surface Water)"
"1840","Cotter River (CR2): Below Cotter Dam ","410700","BF1_12","ACT","ACT","O5","Other Species","Australian Capital Territory (Surface Water)"
"1841","Murrumbidgee (MR)","410761","LF1_P","ACT","ACT","O3","Other Species","Australian Capital Territory (Surface Water)"
"1842","Murrumbidgee (MR)","410761","LF1_P","ACT","ACT","C1","Ecosystem Function","Australian Capital Territory (Surface Water)"
"1843","Murrumbidgee (MR)","410761","LF1_P","ACT","ACT","O1","Other Species","Australian Capital Territory (Surface Water)"
"1844","Murrumbidgee (MR)","410761","LF1_P","ACT","ACT","F3","Native Fish","Australian Capital Territory (Surface Water)"
"1845","Murrumbidgee (MR)","410761","LF1_P","ACT","ACT","F5","Native Fish","Australian Capital Territory (Surface Water)"
"1846","Murrumbidgee (MR)","410761","LF1_P","ACT","ACT","O5","Other Species","Australian Capital Territory (Surface Water)"
"1847","Cotter River (CR2): Below Cotter Dam ","410761","LF1_P","ACT","ACT","O5","Other Species","Australian Capital Territory (Surface Water)"
"1848","Murrumbidgee (MR)","410761","LF1_P","ACT","ACT","F4","Native Fish","Australian Capital Territory (Surface Water)"
"1849","Cotter River (CR1): Below Corin Dam to Cotter Reservoir  ","410761","LF1_P","ACT","ACT","F4","Native Fish","Australian Capital Territory (Surface Water)"
"1850","Murrumbidgee (MR)","410761","LF1_P","ACT","ACT","F6","Native Fish","Australian Capital Territory (Surface Water)"
"1851","Cotter River (CR1): Below Corin Dam to Cotter Reservoir  ","410761","LF1_P","ACT","ACT","O2","Other Species","Australian Capital Territory (Surface Water)"
"1852","Cotter River (CR2): Below Cotter Dam ","410761","LF1_P","ACT","ACT","O2","Other Species","Australian Capital Territory (Surface Water)"
"1853","Murrumbidgee (MR)","410761","LF1_P","ACT","ACT","O2","Other Species","Australian Capital Territory (Surface Water)"
"1854","Murrumbidgee (MR)","410761","LF1_P","ACT","ACT","O4","Other Species","Australian Capital Territory (Surface Water)"
"1855","Murrumbidgee (MR)","410761","LF1_S","ACT","ACT","O3","Other Species","Australian Capital Territory (Surface Water)"
"1856","Murrumbidgee (MR)","410761","LF1_S","ACT","ACT","C1","Ecosystem Function","Australian Capital Territory (Surface Water)"
"1857","Murrumbidgee (MR)","410761","LF1_S","ACT","ACT","O1","Other Species","Australian Capital Territory (Surface Water)"
"1858","Murrumbidgee (MR)","410761","LF1_S","ACT","ACT","F3","Native Fish","Australian Capital Territory (Surface Water)"
"1859","Murrumbidgee (MR)","410761","LF1_S","ACT","ACT","F5","Native Fish","Australian Capital Territory (Surface Water)"
"1860","Murrumbidgee (MR)","410761","LF1_S","ACT","ACT","O5","Other Species","Australian Capital Territory (Surface Water)"
"1861","Cotter River (CR2): Below Cotter Dam ","410761","LF1_S","ACT","ACT","O5","Other Species","Australian Capital Territory (Surface Water)"
"1862","Murrumbidgee (MR)","410761","LF1_S","ACT","ACT","F4","Native Fish","Australian Capital Territory (Surface Water)"
"1863","Cotter River (CR1): Below Corin Dam to Cotter Reservoir  ","410761","LF1_S","ACT","ACT","F4","Native Fish","Australian Capital Territory (Surface Water)"
"1864","Murrumbidgee (MR)","410761","LF1_S","ACT","ACT","F6","Native Fish","Australian Capital Territory (Surface Water)"
"1865","Cotter River (CR1): Below Corin Dam to Cotter Reservoir  ","410761","LF1_S","ACT","ACT","O2","Other Species","Australian Capital Territory (Surface Water)"
"1866","Cotter River (CR2): Below Cotter Dam ","410761","LF1_S","ACT","ACT","O2","Other Species","Australian Capital Territory (Surface Water)"
"1867","Murrumbidgee (MR)","410761","LF1_S","ACT","ACT","O2","Other Species","Australian Capital Territory (Surface Water)"
"1868","Murrumbidgee (MR)","410761","LF1_S","ACT","ACT","O4","Other Species","Australian Capital Territory (Surface Water)"
"1869","Murrumbidgee (MR)","410761","LF2_P","ACT","ACT","O3","Other Species","Australian Capital Territory (Surface Water)"
"1870","Murrumbidgee (MR)","410761","LF2_P","ACT","ACT","C1","Ecosystem Function","Australian Capital Territory (Surface Water)"
"1871","Murrumbidgee (MR)","410761","LF2_P","ACT","ACT","O1","Other Species","Australian Capital Territory (Surface Water)"
"1872","Murrumbidgee (MR)","410761","LF2_P","ACT","ACT","F3","Native Fish","Australian Capital Territory (Surface Water)"
"1873","Murrumbidgee (MR)","410761","LF2_P","ACT","ACT","F5","Native Fish","Australian Capital Territory (Surface Water)"
"1874","Murrumbidgee (MR)","410761","LF2_P","ACT","ACT","O5","Other Species","Australian Capital Territory (Surface Water)"
"1875","Cotter River (CR2): Below Cotter Dam ","410761","LF2_P","ACT","ACT","O5","Other Species","Australian Capital Territory (Surface Water)"
"1876","Murrumbidgee (MR)","410761","LF2_P","ACT","ACT","F4","Native Fish","Australian Capital Territory (Surface Water)"
"1877","Cotter River (CR1): Below Corin Dam to Cotter Reservoir  ","410761","LF2_P","ACT","ACT","F4","Native Fish","Australian Capital Territory (Surface Water)"
"1878","Murrumbidgee (MR)","410761","LF2_P","ACT","ACT","F6","Native Fish","Australian Capital Territory (Surface Water)"
"1879","Cotter River (CR1): Below Corin Dam to Cotter Reservoir  ","410761","LF2_P","ACT","ACT","O2","Other Species","Australian Capital Territory (Surface Water)"
"1880","Cotter River (CR2): Below Cotter Dam ","410761","LF2_P","ACT","ACT","O2","Other Species","Australian Capital Territory (Surface Water)"
"1881","Murrumbidgee (MR)","410761","LF2_P","ACT","ACT","O2","Other Species","Australian Capital Territory (Surface Water)"
"1882","Murrumbidgee (MR)","410761","LF2_P","ACT","ACT","O4","Other Species","Australian Capital Territory (Surface Water)"
"1883","Murrumbidgee (MR)","410761","LF2_S","ACT","ACT","O3","Other Species","Australian Capital Territory (Surface Water)"
"1884","Murrumbidgee (MR)","410761","LF2_S","ACT","ACT","C1","Ecosystem Function","Australian Capital Territory (Surface Water)"
"1885","Murrumbidgee (MR)","410761","LF2_S","ACT","ACT","O1","Other Species","Australian Capital Territory (Surface Water)"
"1886","Murrumbidgee (MR)","410761","LF2_S","ACT","ACT","F3","Native Fish","Australian Capital Territory (Surface Water)"
"1887","Murrumbidgee (MR)","410761","LF2_S","ACT","ACT","F5","Native Fish","Australian Capital Territory (Surface Water)"
"1888","Murrumbidgee (MR)","410761","LF2_S","ACT","ACT","O5","Other Species","Australian Capital Territory (Surface Water)"
"1889","Cotter River (CR2): Below Cotter Dam ","410761","LF2_S","ACT","ACT","O5","Other Species","Australian Capital Territory (Surface Water)"
"1890","Murrumbidgee (MR)","410761","LF2_S","ACT","ACT","F4","Native Fish","Australian Capital Territory (Surface Water)"
"1891","Cotter River (CR1): Below Corin Dam to Cotter Reservoir  ","410761","LF2_S","ACT","ACT","F4","Native Fish","Australian Capital Territory (Surface Water)"
"1892","Murrumbidgee (MR)","410761","LF2_S","ACT","ACT","F6","Native Fish","Australian Capital Territory (Surface Water)"
"1893","Cotter River (CR1): Below Corin Dam to Cotter Reservoir  ","410761","LF2_S","ACT","ACT","O2","Other Species","Australian Capital Territory (Surface Water)"
"1894","Cotter River (CR2): Below Cotter Dam ","410761","LF2_S","ACT","ACT","O2","Other Species","Australian Capital Territory (Surface Water)"
"1895","Murrumbidgee (MR)","410761","LF2_S","ACT","ACT","O2","Other Species","Australian Capital Territory (Surface Water)"
"1896","Murrumbidgee (MR)","410761","LF2_S","ACT","ACT","O4","Other Species","Australian Capital Territory (Surface Water)"
"1897","Murrumbidgee (MR)","410761","SF1_P","ACT","ACT","O3","Other Species","Australian Capital Territory (Surface Water)"
"1898","Murrumbidgee (MR)","410761","SF1_P","ACT","ACT","C1","Ecosystem Function","Australian Capital Territory (Surface Water)"
"1899","Murrumbidgee (MR)","410761","SF1_P","ACT","ACT","O1","Other Species","Australian Capital Territory (Surface Water)"
"1900","Murrumbidgee (MR)","410761","SF1_P","ACT","ACT","F3","Native Fish","Australian Capital Territory (Surface Water)"
"1901","Murrumbidgee (MR)","410761","SF1_P","ACT","ACT","F5","Native Fish","Australian Capital Territory (Surface Water)"
"1902","Murrumbidgee (MR)","410761","SF1_P","ACT","ACT","O5","Other Species","Australian Capital Territory (Surface Water)"
"1903","Cotter River (CR2): Below Cotter Dam ","410761","SF1_P","ACT","ACT","O5","Other Species","Australian Capital Territory (Surface Water)"
"1904","Murrumbidgee (MR)","410761","SF1_P","ACT","ACT","F4","Native Fish","Australian Capital Territory (Surface Water)"
"1905","Cotter River (CR1): Below Corin Dam to Cotter Reservoir  ","410761","SF1_P","ACT","ACT","F4","Native Fish","Australian Capital Territory (Surface Water)"
"1906","Murrumbidgee (MR)","410761","SF1_P","ACT","ACT","F6","Native Fish","Australian Capital Territory (Surface Water)"
"1907","Cotter River (CR1): Below Corin Dam to Cotter Reservoir  ","410761","SF1_P","ACT","ACT","O2","Other Species","Australian Capital Territory (Surface Water)"
"1908","Cotter River (CR2): Below Cotter Dam ","410761","SF1_P","ACT","ACT","O2","Other Species","Australian Capital Territory (Surface Water)"
"1909","Murrumbidgee (MR)","410761","SF1_P","ACT","ACT","O2","Other Species","Australian Capital Territory (Surface Water)"
"1910","Murrumbidgee (MR)","410761","SF1_P","ACT","ACT","O4","Other Species","Australian Capital Territory (Surface Water)"
"1911","Murrumbidgee (MR)","410761","SF1_S","ACT","ACT","O3","Other Species","Australian Capital Territory (Surface Water)"
"1912","Murrumbidgee (MR)","410761","SF1_S","ACT","ACT","C1","Ecosystem Function","Australian Capital Territory (Surface Water)"
"1913","Murrumbidgee (MR)","410761","SF1_S","ACT","ACT","O1","Other Species","Australian Capital Territory (Surface Water)"
"1914","Murrumbidgee (MR)","410761","SF1_S","ACT","ACT","F3","Native Fish","Australian Capital Territory (Surface Water)"
"1915","Murrumbidgee (MR)","410761","SF1_S","ACT","ACT","F5","Native Fish","Australian Capital Territory (Surface Water)"
"1916","Murrumbidgee (MR)","410761","SF1_S","ACT","ACT","O5","Other Species","Australian Capital Territory (Surface Water)"
"1917","Cotter River (CR2): Below Cotter Dam ","410761","SF1_S","ACT","ACT","O5","Other Species","Australian Capital Territory (Surface Water)"
"1918","Murrumbidgee (MR)","410761","SF1_S","ACT","ACT","F4","Native Fish","Australian Capital Territory (Surface Water)"
"1919","Cotter River (CR1): Below Corin Dam to Cotter Reservoir  ","410761","SF1_S","ACT","ACT","F4","Native Fish","Australian Capital Territory (Surface Water)"
"1920","Murrumbidgee (MR)","410761","SF1_S","ACT","ACT","F6","Native Fish","Australian Capital Territory (Surface Water)"
"1921","Cotter River (CR1): Below Corin Dam to Cotter Reservoir  ","410761","SF1_S","ACT","ACT","O2","Other Species","Australian Capital Territory (Surface Water)"
"1922","Cotter River (CR2): Below Cotter Dam ","410761","SF1_S","ACT","ACT","O2","Other Species","Australian Capital Territory (Surface Water)"
"1923","Murrumbidgee (MR)","410761","SF1_S","ACT","ACT","O2","Other Species","Australian Capital Territory (Surface Water)"
"1924","Murrumbidgee (MR)","410761","SF1_S","ACT","ACT","O4","Other Species","Australian Capital Territory (Surface Water)"
"1925","Murrumbidgee (MR)","410761","SF2_P","ACT","ACT","O3","Other Species","Australian Capital Territory (Surface Water)"
"1926","Murrumbidgee (MR)","410761","SF2_P","ACT","ACT","C1","Ecosystem Function","Australian Capital Territory (Surface Water)"
"1927","Murrumbidgee (MR)","410761","SF2_P","ACT","ACT","O1","Other Species","Australian Capital Territory (Surface Water)"
"1928","Murrumbidgee (MR)","410761","SF2_P","ACT","ACT","F3","Native Fish","Australian Capital Territory (Surface Water)"
"1929","Murrumbidgee (MR)","410761","SF2_P","ACT","ACT","F5","Native Fish","Australian Capital Territory (Surface Water)"
"1930","Murrumbidgee (MR)","410761","SF2_P","ACT","ACT","O5","Other Species","Australian Capital Territory (Surface Water)"
"1931","Cotter River (CR2): Below Cotter Dam ","410761","SF2_P","ACT","ACT","O5","Other Species","Australian Capital Territory (Surface Water)"
"1932","Murrumbidgee (MR)","410761","SF2_P","ACT","ACT","F4","Native Fish","Australian Capital Territory (Surface Water)"
"1933","Cotter River (CR1): Below Corin Dam to Cotter Reservoir  ","410761","SF2_P","ACT","ACT","F4","Native Fish","Australian Capital Territory (Surface Water)"
"1934","Murrumbidgee (MR)","410761","SF2_P","ACT","ACT","F6","Native Fish","Australian Capital Territory (Surface Water)"
"1935","Cotter River (CR1): Below Corin Dam to Cotter Reservoir  ","410761","SF2_P","ACT","ACT","O2","Other Species","Australian Capital Territory (Surface Water)"
"1936","Cotter River (CR2): Below Cotter Dam ","410761","SF2_P","ACT","ACT","O2","Other Species","Australian Capital Territory (Surface Water)"
"1937","Murrumbidgee (MR)","410761","SF2_P","ACT","ACT","O2","Other Species","Australian Capital Territory (Surface Water)"
"1938","Murrumbidgee (MR)","410761","SF2_P","ACT","ACT","O4","Other Species","Australian Capital Territory (Surface Water)"
"1939","Murrumbidgee (MR)","410761","SF2_S","ACT","ACT","O3","Other Species","Australian Capital Territory (Surface Water)"
"1940","Murrumbidgee (MR)","410761","SF2_S","ACT","ACT","C1","Ecosystem Function","Australian Capital Territory (Surface Water)"
"1941","Murrumbidgee (MR)","410761","SF2_S","ACT","ACT","O1","Other Species","Australian Capital Territory (Surface Water)"
"1942","Murrumbidgee (MR)","410761","SF2_S","ACT","ACT","F3","Native Fish","Australian Capital Territory (Surface Water)"
"1943","Murrumbidgee (MR)","410761","SF2_S","ACT","ACT","F5","Native Fish","Australian Capital Territory (Surface Water)"
"1944","Murrumbidgee (MR)","410761","SF2_S","ACT","ACT","O5","Other Species","Australian Capital Territory (Surface Water)"
"1945","Cotter River (CR2): Below Cotter Dam ","410761","SF2_S","ACT","ACT","O5","Other Species","Australian Capital Territory (Surface Water)"
"1946","Murrumbidgee (MR)","410761","SF2_S","ACT","ACT","F4","Native Fish","Australian Capital Territory (Surface Water)"
"1947","Cotter River (CR1): Below Corin Dam to Cotter Reservoir  ","410761","SF2_S","ACT","ACT","F4","Native Fish","Australian Capital Territory (Surface Water)"
"1948","Murrumbidgee (MR)","410761","SF2_S","ACT","ACT","F6","Native Fish","Australian Capital Territory (Surface Water)"
"1949","Cotter River (CR1): Below Corin Dam to Cotter Reservoir  ","410761","SF2_S","ACT","ACT","O2","Other Species","Australian Capital Territory (Surface Water)"
"1950","Cotter River (CR2): Below Cotter Dam ","410761","SF2_S","ACT","ACT","O2","Other Species","Australian Capital Territory (Surface Water)"
"1951","Murrumbidgee (MR)","410761","SF2_S","ACT","ACT","O2","Other Species","Australian Capital Territory (Surface Water)"
"1952","Murrumbidgee (MR)","410761","SF2_S","ACT","ACT","O4","Other Species","Australian Capital Territory (Surface Water)"
"1953","Murrumbidgee (MR)","410761","BF1_1","ACT","ACT","O3","Other Species","Australian Capital Territory (Surface Water)"
"1954","Murrumbidgee (MR)","410761","BF1_1","ACT","ACT","C1","Ecosystem Function","Australian Capital Territory (Surface Water)"
"1955","Murrumbidgee (MR)","410761","BF1_1","ACT","ACT","O1","Other Species","Australian Capital Territory (Surface Water)"
"1956","Murrumbidgee (MR)","410761","BF1_1","ACT","ACT","F5","Native Fish","Australian Capital Territory (Surface Water)"
"1957","Murrumbidgee (MR)","410761","BF1_1","ACT","ACT","F3","Native Fish","Australian Capital Territory (Surface Water)"
"1958","Murrumbidgee (MR)","410761","BF1_1","ACT","ACT","O5","Other Species","Australian Capital Territory (Surface Water)"
"1959","Cotter River (CR2): Below Cotter Dam ","410761","BF1_1","ACT","ACT","O5","Other Species","Australian Capital Territory (Surface Water)"
"1960","Murrumbidgee (MR)","410761","BF1_1","ACT","ACT","F4","Native Fish","Australian Capital Territory (Surface Water)"
"1961","Cotter River (CR1): Below Corin Dam to Cotter Reservoir  ","410761","BF1_1","ACT","ACT","F4","Native Fish","Australian Capital Territory (Surface Water)"
"1962","Murrumbidgee (MR)","410761","BF1_1","ACT","ACT","F6","Native Fish","Australian Capital Territory (Surface Water)"
"1963","Cotter River (CR1): Below Corin Dam to Cotter Reservoir  ","410761","BF1_1","ACT","ACT","O2","Other Species","Australian Capital Territory (Surface Water)"
"1964","Cotter River (CR2): Below Cotter Dam ","410761","BF1_1","ACT","ACT","O2","Other Species","Australian Capital Territory (Surface Water)"
"1965","Murrumbidgee (MR)","410761","BF1_1","ACT","ACT","O2","Other Species","Australian Capital Territory (Surface Water)"
"1966","Murrumbidgee (MR)","410761","BF1_1","ACT","ACT","O4","Other Species","Australian Capital Territory (Surface Water)"
"1967","Murrumbidgee (MR)","410761","BF1_2","ACT","ACT","O3","Other Species","Australian Capital Territory (Surface Water)"
"1968","Murrumbidgee (MR)","410761","BF1_2","ACT","ACT","C1","Ecosystem Function","Australian Capital Territory (Surface Water)"
"1969","Murrumbidgee (MR)","410761","BF1_2","ACT","ACT","O1","Other Species","Australian Capital Territory (Surface Water)"
"1970","Murrumbidgee (MR)","410761","BF1_2","ACT","ACT","F5","Native Fish","Australian Capital Territory (Surface Water)"
"1971","Murrumbidgee (MR)","410761","BF1_2","ACT","ACT","F3","Native Fish","Australian Capital Territory (Surface Water)"
"1972","Murrumbidgee (MR)","410761","BF1_2","ACT","ACT","O5","Other Species","Australian Capital Territory (Surface Water)"
"1973","Cotter River (CR2): Below Cotter Dam ","410761","BF1_2","ACT","ACT","O5","Other Species","Australian Capital Territory (Surface Water)"
"1974","Murrumbidgee (MR)","410761","BF1_2","ACT","ACT","F4","Native Fish","Australian Capital Territory (Surface Water)"
"1975","Cotter River (CR1): Below Corin Dam to Cotter Reservoir  ","410761","BF1_2","ACT","ACT","F4","Native Fish","Australian Capital Territory (Surface Water)"
"1976","Murrumbidgee (MR)","410761","BF1_2","ACT","ACT","F6","Native Fish","Australian Capital Territory (Surface Water)"
"1977","Cotter River (CR1): Below Corin Dam to Cotter Reservoir  ","410761","BF1_2","ACT","ACT","O2","Other Species","Australian Capital Territory (Surface Water)"
"1978","Cotter River (CR2): Below Cotter Dam ","410761","BF1_2","ACT","ACT","O2","Other Species","Australian Capital Territory (Surface Water)"
"1979","Murrumbidgee (MR)","410761","BF1_2","ACT","ACT","O2","Other Species","Australian Capital Territory (Surface Water)"
"1980","Murrumbidgee (MR)","410761","BF1_2","ACT","ACT","O4","Other Species","Australian Capital Territory (Surface Water)"
"1981","Murrumbidgee (MR)","410761","BF1_3","ACT","ACT","O3","Other Species","Australian Capital Territory (Surface Water)"
"1982","Murrumbidgee (MR)","410761","BF1_3","ACT","ACT","C1","Ecosystem Function","Australian Capital Territory (Surface Water)"
"1983","Murrumbidgee (MR)","410761","BF1_3","ACT","ACT","O1","Other Species","Australian Capital Territory (Surface Water)"
"1984","Murrumbidgee (MR)","410761","BF1_3","ACT","ACT","F5","Native Fish","Australian Capital Territory (Surface Water)"
"1985","Murrumbidgee (MR)","410761","BF1_3","ACT","ACT","F3","Native Fish","Australian Capital Territory (Surface Water)"
"1986","Murrumbidgee (MR)","410761","BF1_3","ACT","ACT","O5","Other Species","Australian Capital Territory (Surface Water)"
"1987","Cotter River (CR2): Below Cotter Dam ","410761","BF1_3","ACT","ACT","O5","Other Species","Australian Capital Territory (Surface Water)"
"1988","Murrumbidgee (MR)","410761","BF1_3","ACT","ACT","F4","Native Fish","Australian Capital Territory (Surface Water)"
"1989","Cotter River (CR1): Below Corin Dam to Cotter Reservoir  ","410761","BF1_3","ACT","ACT","F4","Native Fish","Australian Capital Territory (Surface Water)"
"1990","Murrumbidgee (MR)","410761","BF1_3","ACT","ACT","F6","Native Fish","Australian Capital Territory (Surface Water)"
"1991","Cotter River (CR1): Below Corin Dam to Cotter Reservoir  ","410761","BF1_3","ACT","ACT","O2","Other Species","Australian Capital Territory (Surface Water)"
"1992","Cotter River (CR2): Below Cotter Dam ","410761","BF1_3","ACT","ACT","O2","Other Species","Australian Capital Territory (Surface Water)"
"1993","Murrumbidgee (MR)","410761","BF1_3","ACT","ACT","O2","Other Species","Australian Capital Territory (Surface Water)"
"1994","Murrumbidgee (MR)","410761","BF1_3","ACT","ACT","O4","Other Species","Australian Capital Territory (Surface Water)"
"1995","Murrumbidgee (MR)","410761","BF1_4","ACT","ACT","O3","Other Species","Australian Capital Territory (Surface Water)"
"1996","Murrumbidgee (MR)","410761","BF1_4","ACT","ACT","C1","Ecosystem Function","Australian Capital Territory (Surface Water)"
"1997","Murrumbidgee (MR)","410761","BF1_4","ACT","ACT","O1","Other Species","Australian Capital Territory (Surface Water)"
"1998","Murrumbidgee (MR)","410761","BF1_4","ACT","ACT","F5","Native Fish","Australian Capital Territory (Surface Water)"
"1999","Murrumbidgee (MR)","410761","BF1_4","ACT","ACT","F3","Native Fish","Australian Capital Territory (Surface Water)"
"2000","Murrumbidgee (MR)","410761","BF1_4","ACT","ACT","O5","Other Species","Australian Capital Territory (Surface Water)"
"2001","Cotter River (CR2): Below Cotter Dam ","410761","BF1_4","ACT","ACT","O5","Other Species","Australian Capital Territory (Surface Water)"
"2002","Murrumbidgee (MR)","410761","BF1_4","ACT","ACT","F4","Native Fish","Australian Capital Territory (Surface Water)"
"2003","Cotter River (CR1): Below Corin Dam to Cotter Reservoir  ","410761","BF1_4","ACT","ACT","F4","Native Fish","Australian Capital Territory (Surface Water)"
"2004","Murrumbidgee (MR)","410761","BF1_4","ACT","ACT","F6","Native Fish","Australian Capital Territory (Surface Water)"
"2005","Cotter River (CR1): Below Corin Dam to Cotter Reservoir  ","410761","BF1_4","ACT","ACT","O2","Other Species","Australian Capital Territory (Surface Water)"
"2006","Cotter River (CR2): Below Cotter Dam ","410761","BF1_4","ACT","ACT","O2","Other Species","Australian Capital Territory (Surface Water)"
"2007","Murrumbidgee (MR)","410761","BF1_4","ACT","ACT","O2","Other Species","Australian Capital Territory (Surface Water)"
"2008","Murrumbidgee (MR)","410761","BF1_4","ACT","ACT","O4","Other Species","Australian Capital Territory (Surface Water)"
"2009","Murrumbidgee (MR)","410761","BF1_5","ACT","ACT","O3","Other Species","Australian Capital Territory (Surface Water)"
"2010","Murrumbidgee (MR)","410761","BF1_5","ACT","ACT","C1","Ecosystem Function","Australian Capital Territory (Surface Water)"
"2011","Murrumbidgee (MR)","410761","BF1_5","ACT","ACT","O1","Other Species","Australian Capital Territory (Surface Water)"
"2012","Murrumbidgee (MR)","410761","BF1_5","ACT","ACT","F5","Native Fish","Australian Capital Territory (Surface Water)"
"2013","Murrumbidgee (MR)","410761","BF1_5","ACT","ACT","F3","Native Fish","Australian Capital Territory (Surface Water)"
"2014","Murrumbidgee (MR)","410761","BF1_5","ACT","ACT","O5","Other Species","Australian Capital Territory (Surface Water)"
"2015","Cotter River (CR2): Below Cotter Dam ","410761","BF1_5","ACT","ACT","O5","Other Species","Australian Capital Territory (Surface Water)"
"2016","Murrumbidgee (MR)","410761","BF1_5","ACT","ACT","F4","Native Fish","Australian Capital Territory (Surface Water)"
"2017","Cotter River (CR1): Below Corin Dam to Cotter Reservoir  ","410761","BF1_5","ACT","ACT","F4","Native Fish","Australian Capital Territory (Surface Water)"
"2018","Murrumbidgee (MR)","410761","BF1_5","ACT","ACT","F6","Native Fish","Australian Capital Territory (Surface Water)"
"2019","Cotter River (CR1): Below Corin Dam to Cotter Reservoir  ","410761","BF1_5","ACT","ACT","O2","Other Species","Australian Capital Territory (Surface Water)"
"2020","Cotter River (CR2): Below Cotter Dam ","410761","BF1_5","ACT","ACT","O2","Other Species","Australian Capital Territory (Surface Water)"
"2021","Murrumbidgee (MR)","410761","BF1_5","ACT","ACT","O2","Other Species","Australian Capital Territory (Surface Water)"
"2022","Murrumbidgee (MR)","410761","BF1_5","ACT","ACT","O4","Other Species","Australian Capital Territory (Surface Water)"
"2023","Murrumbidgee (MR)","410761","BF1_6","ACT","ACT","O3","Other Species","Australian Capital Territory (Surface Water)"
"2024","Murrumbidgee (MR)","410761","BF1_6","ACT","ACT","C1","Ecosystem Function","Australian Capital Territory (Surface Water)"
"2025","Murrumbidgee (MR)","410761","BF1_6","ACT","ACT","O1","Other Species","Australian Capital Territory (Surface Water)"
"2026","Murrumbidgee (MR)","410761","BF1_6","ACT","ACT","F5","Native Fish","Australian Capital Territory (Surface Water)"
"2027","Murrumbidgee (MR)","410761","BF1_6","ACT","ACT","F3","Native Fish","Australian Capital Territory (Surface Water)"
"2028","Murrumbidgee (MR)","410761","BF1_6","ACT","ACT","O5","Other Species","Australian Capital Territory (Surface Water)"
"2029","Cotter River (CR2): Below Cotter Dam ","410761","BF1_6","ACT","ACT","O5","Other Species","Australian Capital Territory (Surface Water)"
"2030","Murrumbidgee (MR)","410761","BF1_6","ACT","ACT","F4","Native Fish","Australian Capital Territory (Surface Water)"
"2031","Cotter River (CR1): Below Corin Dam to Cotter Reservoir  ","410761","BF1_6","ACT","ACT","F4","Native Fish","Australian Capital Territory (Surface Water)"
"2032","Murrumbidgee (MR)","410761","BF1_6","ACT","ACT","F6","Native Fish","Australian Capital Territory (Surface Water)"
"2033","Cotter River (CR1): Below Corin Dam to Cotter Reservoir  ","410761","BF1_6","ACT","ACT","O2","Other Species","Australian Capital Territory (Surface Water)"
"2034","Cotter River (CR2): Below Cotter Dam ","410761","BF1_6","ACT","ACT","O2","Other Species","Australian Capital Territory (Surface Water)"
"2035","Murrumbidgee (MR)","410761","BF1_6","ACT","ACT","O2","Other Species","Australian Capital Territory (Surface Water)"
"2036","Murrumbidgee (MR)","410761","BF1_6","ACT","ACT","O4","Other Species","Australian Capital Territory (Surface Water)"
"2037","Murrumbidgee (MR)","410761","BF1_7","ACT","ACT","O3","Other Species","Australian Capital Territory (Surface Water)"
"2038","Murrumbidgee (MR)","410761","BF1_7","ACT","ACT","C1","Ecosystem Function","Australian Capital Territory (Surface Water)"
"2039","Murrumbidgee (MR)","410761","BF1_7","ACT","ACT","O1","Other Species","Australian Capital Territory (Surface Water)"
"2040","Murrumbidgee (MR)","410761","BF1_7","ACT","ACT","F5","Native Fish","Australian Capital Territory (Surface Water)"
"2041","Murrumbidgee (MR)","410761","BF1_7","ACT","ACT","F3","Native Fish","Australian Capital Territory (Surface Water)"
"2042","Murrumbidgee (MR)","410761","BF1_7","ACT","ACT","O5","Other Species","Australian Capital Territory (Surface Water)"
"2043","Cotter River (CR2): Below Cotter Dam ","410761","BF1_7","ACT","ACT","O5","Other Species","Australian Capital Territory (Surface Water)"
"2044","Murrumbidgee (MR)","410761","BF1_7","ACT","ACT","F4","Native Fish","Australian Capital Territory (Surface Water)"
"2045","Cotter River (CR1): Below Corin Dam to Cotter Reservoir  ","410761","BF1_7","ACT","ACT","F4","Native Fish","Australian Capital Territory (Surface Water)"
"2046","Murrumbidgee (MR)","410761","BF1_7","ACT","ACT","F6","Native Fish","Australian Capital Territory (Surface Water)"
"2047","Cotter River (CR1): Below Corin Dam to Cotter Reservoir  ","410761","BF1_7","ACT","ACT","O2","Other Species","Australian Capital Territory (Surface Water)"
"2048","Cotter River (CR2): Below Cotter Dam ","410761","BF1_7","ACT","ACT","O2","Other Species","Australian Capital Territory (Surface Water)"
"2049","Murrumbidgee (MR)","410761","BF1_7","ACT","ACT","O2","Other Species","Australian Capital Territory (Surface Water)"
"2050","Murrumbidgee (MR)","410761","BF1_7","ACT","ACT","O4","Other Species","Australian Capital Territory (Surface Water)"
"2051","Murrumbidgee (MR)","410761","BF1_8","ACT","ACT","O3","Other Species","Australian Capital Territory (Surface Water)"
"2052","Murrumbidgee (MR)","410761","BF1_8","ACT","ACT","C1","Ecosystem Function","Australian Capital Territory (Surface Water)"
"2053","Murrumbidgee (MR)","410761","BF1_8","ACT","ACT","O1","Other Species","Australian Capital Territory (Surface Water)"
"2054","Murrumbidgee (MR)","410761","BF1_8","ACT","ACT","F5","Native Fish","Australian Capital Territory (Surface Water)"
"2055","Murrumbidgee (MR)","410761","BF1_8","ACT","ACT","F3","Native Fish","Australian Capital Territory (Surface Water)"
"2056","Murrumbidgee (MR)","410761","BF1_8","ACT","ACT","O5","Other Species","Australian Capital Territory (Surface Water)"
"2057","Cotter River (CR2): Below Cotter Dam ","410761","BF1_8","ACT","ACT","O5","Other Species","Australian Capital Territory (Surface Water)"
"2058","Murrumbidgee (MR)","410761","BF1_8","ACT","ACT","F4","Native Fish","Australian Capital Territory (Surface Water)"
"2059","Cotter River (CR1): Below Corin Dam to Cotter Reservoir  ","410761","BF1_8","ACT","ACT","F4","Native Fish","Australian Capital Territory (Surface Water)"
"2060","Murrumbidgee (MR)","410761","BF1_8","ACT","ACT","F6","Native Fish","Australian Capital Territory (Surface Water)"
"2061","Cotter River (CR1): Below Corin Dam to Cotter Reservoir  ","410761","BF1_8","ACT","ACT","O2","Other Species","Australian Capital Territory (Surface Water)"
"2062","Cotter River (CR2): Below Cotter Dam ","410761","BF1_8","ACT","ACT","O2","Other Species","Australian Capital Territory (Surface Water)"
"2063","Murrumbidgee (MR)","410761","BF1_8","ACT","ACT","O2","Other Species","Australian Capital Territory (Surface Water)"
"2064","Murrumbidgee (MR)","410761","BF1_8","ACT","ACT","O4","Other Species","Australian Capital Territory (Surface Water)"
"2065","Murrumbidgee (MR)","410761","BF1_9","ACT","ACT","O3","Other Species","Australian Capital Territory (Surface Water)"
"2066","Murrumbidgee (MR)","410761","BF1_9","ACT","ACT","C1","Ecosystem Function","Australian Capital Territory (Surface Water)"
"2067","Murrumbidgee (MR)","410761","BF1_9","ACT","ACT","O1","Other Species","Australian Capital Territory (Surface Water)"
"2068","Murrumbidgee (MR)","410761","BF1_9","ACT","ACT","F5","Native Fish","Australian Capital Territory (Surface Water)"
"2069","Murrumbidgee (MR)","410761","BF1_9","ACT","ACT","F3","Native Fish","Australian Capital Territory (Surface Water)"
"2070","Murrumbidgee (MR)","410761","BF1_9","ACT","ACT","O5","Other Species","Australian Capital Territory (Surface Water)"
"2071","Cotter River (CR2): Below Cotter Dam ","410761","BF1_9","ACT","ACT","O5","Other Species","Australian Capital Territory (Surface Water)"
"2072","Murrumbidgee (MR)","410761","BF1_9","ACT","ACT","F4","Native Fish","Australian Capital Territory (Surface Water)"
"2073","Cotter River (CR1): Below Corin Dam to Cotter Reservoir  ","410761","BF1_9","ACT","ACT","F4","Native Fish","Australian Capital Territory (Surface Water)"
"2074","Murrumbidgee (MR)","410761","BF1_9","ACT","ACT","F6","Native Fish","Australian Capital Territory (Surface Water)"
"2075","Cotter River (CR1): Below Corin Dam to Cotter Reservoir  ","410761","BF1_9","ACT","ACT","O2","Other Species","Australian Capital Territory (Surface Water)"
"2076","Cotter River (CR2): Below Cotter Dam ","410761","BF1_9","ACT","ACT","O2","Other Species","Australian Capital Territory (Surface Water)"
"2077","Murrumbidgee (MR)","410761","BF1_9","ACT","ACT","O2","Other Species","Australian Capital Territory (Surface Water)"
"2078","Murrumbidgee (MR)","410761","BF1_9","ACT","ACT","O4","Other Species","Australian Capital Territory (Surface Water)"
"2079","Murrumbidgee (MR)","410761","BF1_10","ACT","ACT","O3","Other Species","Australian Capital Territory (Surface Water)"
"2080","Murrumbidgee (MR)","410761","BF1_10","ACT","ACT","C1","Ecosystem Function","Australian Capital Territory (Surface Water)"
"2081","Murrumbidgee (MR)","410761","BF1_10","ACT","ACT","O1","Other Species","Australian Capital Territory (Surface Water)"
"2082","Murrumbidgee (MR)","410761","BF1_10","ACT","ACT","F5","Native Fish","Australian Capital Territory (Surface Water)"
"2083","Murrumbidgee (MR)","410761","BF1_10","ACT","ACT","F3","Native Fish","Australian Capital Territory (Surface Water)"
"2084","Murrumbidgee (MR)","410761","BF1_10","ACT","ACT","O5","Other Species","Australian Capital Territory (Surface Water)"
"2085","Cotter River (CR2): Below Cotter Dam ","410761","BF1_10","ACT","ACT","O5","Other Species","Australian Capital Territory (Surface Water)"
"2086","Murrumbidgee (MR)","410761","BF1_10","ACT","ACT","F4","Native Fish","Australian Capital Territory (Surface Water)"
"2087","Cotter River (CR1): Below Corin Dam to Cotter Reservoir  ","410761","BF1_10","ACT","ACT","F4","Native Fish","Australian Capital Territory (Surface Water)"
"2088","Murrumbidgee (MR)","410761","BF1_10","ACT","ACT","F6","Native Fish","Australian Capital Territory (Surface Water)"
"2089","Cotter River (CR1): Below Corin Dam to Cotter Reservoir  ","410761","BF1_10","ACT","ACT","O2","Other Species","Australian Capital Territory (Surface Water)"
"2090","Cotter River (CR2): Below Cotter Dam ","410761","BF1_10","ACT","ACT","O2","Other Species","Australian Capital Territory (Surface Water)"
"2091","Murrumbidgee (MR)","410761","BF1_10","ACT","ACT","O2","Other Species","Australian Capital Territory (Surface Water)"
"2092","Murrumbidgee (MR)","410761","BF1_10","ACT","ACT","O4","Other Species","Australian Capital Territory (Surface Water)"
"2093","Murrumbidgee (MR)","410761","BF1_11","ACT","ACT","O3","Other Species","Australian Capital Territory (Surface Water)"
"2094","Murrumbidgee (MR)","410761","BF1_11","ACT","ACT","C1","Ecosystem Function","Australian Capital Territory (Surface Water)"
"2095","Murrumbidgee (MR)","410761","BF1_11","ACT","ACT","O1","Other Species","Australian Capital Territory (Surface Water)"
"2096","Murrumbidgee (MR)","410761","BF1_11","ACT","ACT","F5","Native Fish","Australian Capital Territory (Surface Water)"
"2097","Murrumbidgee (MR)","410761","BF1_11","ACT","ACT","F3","Native Fish","Australian Capital Territory (Surface Water)"
"2098","Murrumbidgee (MR)","410761","BF1_11","ACT","ACT","O5","Other Species","Australian Capital Territory (Surface Water)"
"2099","Cotter River (CR2): Below Cotter Dam ","410761","BF1_11","ACT","ACT","O5","Other Species","Australian Capital Territory (Surface Water)"
"2100","Murrumbidgee (MR)","410761","BF1_11","ACT","ACT","F4","Native Fish","Australian Capital Territory (Surface Water)"
"2101","Cotter River (CR1): Below Corin Dam to Cotter Reservoir  ","410761","BF1_11","ACT","ACT","F4","Native Fish","Australian Capital Territory (Surface Water)"
"2102","Murrumbidgee (MR)","410761","BF1_11","ACT","ACT","F6","Native Fish","Australian Capital Territory (Surface Water)"
"2103","Cotter River (CR1): Below Corin Dam to Cotter Reservoir  ","410761","BF1_11","ACT","ACT","O2","Other Species","Australian Capital Territory (Surface Water)"
"2104","Cotter River (CR2): Below Cotter Dam ","410761","BF1_11","ACT","ACT","O2","Other Species","Australian Capital Territory (Surface Water)"
"2105","Murrumbidgee (MR)","410761","BF1_11","ACT","ACT","O2","Other Species","Australian Capital Territory (Surface Water)"
"2106","Murrumbidgee (MR)","410761","BF1_11","ACT","ACT","O4","Other Species","Australian Capital Territory (Surface Water)"
"2107","Murrumbidgee (MR)","410761","BF1_12","ACT","ACT","O3","Other Species","Australian Capital Territory (Surface Water)"
"2108","Murrumbidgee (MR)","410761","BF1_12","ACT","ACT","C1","Ecosystem Function","Australian Capital Territory (Surface Water)"
"2109","Murrumbidgee (MR)","410761","BF1_12","ACT","ACT","O1","Other Species","Australian Capital Territory (Surface Water)"
"2110","Murrumbidgee (MR)","410761","BF1_12","ACT","ACT","F5","Native Fish","Australian Capital Territory (Surface Water)"
"2111","Murrumbidgee (MR)","410761","BF1_12","ACT","ACT","F3","Native Fish","Australian Capital Territory (Surface Water)"
"2112","Murrumbidgee (MR)","410761","BF1_12","ACT","ACT","O5","Other Species","Australian Capital Territory (Surface Water)"
"2113","Cotter River (CR2): Below Cotter Dam ","410761","BF1_12","ACT","ACT","O5","Other Species","Australian Capital Territory (Surface Water)"
"2114","Murrumbidgee (MR)","410761","BF1_12","ACT","ACT","F4","Native Fish","Australian Capital Territory (Surface Water)"
"2115","Cotter River (CR1): Below Corin Dam to Cotter Reservoir  ","410761","BF1_12","ACT","ACT","F4","Native Fish","Australian Capital Territory (Surface Water)"
"2116","Murrumbidgee (MR)","410761","BF1_12","ACT","ACT","F6","Native Fish","Australian Capital Territory (Surface Water)"
"2117","Cotter River (CR1): Below Corin Dam to Cotter Reservoir  ","410761","BF1_12","ACT","ACT","O2","Other Species","Australian Capital Territory (Surface Water)"
"2118","Cotter River (CR2): Below Cotter Dam ","410761","BF1_12","ACT","ACT","O2","Other Species","Australian Capital Territory (Surface Water)"
"2119","Murrumbidgee (MR)","410761","BF1_12","ACT","ACT","O2","Other Species","Australian Capital Territory (Surface Water)"
"2120","Murrumbidgee (MR)","410761","BF1_12","ACT","ACT","O4","Other Species","Australian Capital Territory (Surface Water)"
"2121","Murrumbidgee (MR)","410738","LF1_P","ACT","ACT","O3","Other Species","Australian Capital Territory (Surface Water)"
"2122","Murrumbidgee (MR)","410738","LF1_P","ACT","ACT","C1","Ecosystem Function","Australian Capital Territory (Surface Water)"
"2123","Murrumbidgee (MR)","410738","LF1_P","ACT","ACT","O1","Other Species","Australian Capital Territory (Surface Water)"
"2124","Murrumbidgee (MR)","410738","LF1_P","ACT","ACT","F3","Native Fish","Australian Capital Territory (Surface Water)"
"2125","Murrumbidgee (MR)","410738","LF1_P","ACT","ACT","F5","Native Fish","Australian Capital Territory (Surface Water)"
"2126","Murrumbidgee (MR)","410738","LF1_P","ACT","ACT","O5","Other Species","Australian Capital Territory (Surface Water)"
"2127","Cotter River (CR2): Below Cotter Dam ","410738","LF1_P","ACT","ACT","O5","Other Species","Australian Capital Territory (Surface Water)"
"2128","Murrumbidgee (MR)","410738","LF1_P","ACT","ACT","F4","Native Fish","Australian Capital Territory (Surface Water)"
"2129","Cotter River (CR1): Below Corin Dam to Cotter Reservoir  ","410738","LF1_P","ACT","ACT","F4","Native Fish","Australian Capital Territory (Surface Water)"
"2130","Murrumbidgee (MR)","410738","LF1_P","ACT","ACT","F6","Native Fish","Australian Capital Territory (Surface Water)"
"2131","Cotter River (CR1): Below Corin Dam to Cotter Reservoir  ","410738","LF1_P","ACT","ACT","O2","Other Species","Australian Capital Territory (Surface Water)"
"2132","Cotter River (CR2): Below Cotter Dam ","410738","LF1_P","ACT","ACT","O2","Other Species","Australian Capital Territory (Surface Water)"
"2133","Murrumbidgee (MR)","410738","LF1_P","ACT","ACT","O2","Other Species","Australian Capital Territory (Surface Water)"
"2134","Murrumbidgee (MR)","410738","LF1_P","ACT","ACT","O4","Other Species","Australian Capital Territory (Surface Water)"
"2135","Murrumbidgee (MR)","410738","LF1_S","ACT","ACT","O3","Other Species","Australian Capital Territory (Surface Water)"
"2136","Murrumbidgee (MR)","410738","LF1_S","ACT","ACT","C1","Ecosystem Function","Australian Capital Territory (Surface Water)"
"2137","Murrumbidgee (MR)","410738","LF1_S","ACT","ACT","O1","Other Species","Australian Capital Territory (Surface Water)"
"2138","Murrumbidgee (MR)","410738","LF1_S","ACT","ACT","F3","Native Fish","Australian Capital Territory (Surface Water)"
"2139","Murrumbidgee (MR)","410738","LF1_S","ACT","ACT","F5","Native Fish","Australian Capital Territory (Surface Water)"
"2140","Murrumbidgee (MR)","410738","LF1_S","ACT","ACT","O5","Other Species","Australian Capital Territory (Surface Water)"
"2141","Cotter River (CR2): Below Cotter Dam ","410738","LF1_S","ACT","ACT","O5","Other Species","Australian Capital Territory (Surface Water)"
"2142","Murrumbidgee (MR)","410738","LF1_S","ACT","ACT","F4","Native Fish","Australian Capital Territory (Surface Water)"
"2143","Cotter River (CR1): Below Corin Dam to Cotter Reservoir  ","410738","LF1_S","ACT","ACT","F4","Native Fish","Australian Capital Territory (Surface Water)"
"2144","Murrumbidgee (MR)","410738","LF1_S","ACT","ACT","F6","Native Fish","Australian Capital Territory (Surface Water)"
"2145","Cotter River (CR1): Below Corin Dam to Cotter Reservoir  ","410738","LF1_S","ACT","ACT","O2","Other Species","Australian Capital Territory (Surface Water)"
"2146","Cotter River (CR2): Below Cotter Dam ","410738","LF1_S","ACT","ACT","O2","Other Species","Australian Capital Territory (Surface Water)"
"2147","Murrumbidgee (MR)","410738","LF1_S","ACT","ACT","O2","Other Species","Australian Capital Territory (Surface Water)"
"2148","Murrumbidgee (MR)","410738","LF1_S","ACT","ACT","O4","Other Species","Australian Capital Territory (Surface Water)"
"2149","Murrumbidgee (MR)","410738","LF2_P","ACT","ACT","O3","Other Species","Australian Capital Territory (Surface Water)"
"2150","Murrumbidgee (MR)","410738","LF2_P","ACT","ACT","C1","Ecosystem Function","Australian Capital Territory (Surface Water)"
"2151","Murrumbidgee (MR)","410738","LF2_P","ACT","ACT","O1","Other Species","Australian Capital Territory (Surface Water)"
"2152","Murrumbidgee (MR)","410738","LF2_P","ACT","ACT","F3","Native Fish","Australian Capital Territory (Surface Water)"
"2153","Murrumbidgee (MR)","410738","LF2_P","ACT","ACT","F5","Native Fish","Australian Capital Territory (Surface Water)"
"2154","Murrumbidgee (MR)","410738","LF2_P","ACT","ACT","O5","Other Species","Australian Capital Territory (Surface Water)"
"2155","Cotter River (CR2): Below Cotter Dam ","410738","LF2_P","ACT","ACT","O5","Other Species","Australian Capital Territory (Surface Water)"
"2156","Murrumbidgee (MR)","410738","LF2_P","ACT","ACT","F4","Native Fish","Australian Capital Territory (Surface Water)"
"2157","Cotter River (CR1): Below Corin Dam to Cotter Reservoir  ","410738","LF2_P","ACT","ACT","F4","Native Fish","Australian Capital Territory (Surface Water)"
"2158","Murrumbidgee (MR)","410738","LF2_P","ACT","ACT","F6","Native Fish","Australian Capital Territory (Surface Water)"
"2159","Cotter River (CR1): Below Corin Dam to Cotter Reservoir  ","410738","LF2_P","ACT","ACT","O2","Other Species","Australian Capital Territory (Surface Water)"
"2160","Cotter River (CR2): Below Cotter Dam ","410738","LF2_P","ACT","ACT","O2","Other Species","Australian Capital Territory (Surface Water)"
"2161","Murrumbidgee (MR)","410738","LF2_P","ACT","ACT","O2","Other Species","Australian Capital Territory (Surface Water)"
"2162","Murrumbidgee (MR)","410738","LF2_P","ACT","ACT","O4","Other Species","Australian Capital Territory (Surface Water)"
"2163","Murrumbidgee (MR)","410738","LF2_S","ACT","ACT","O3","Other Species","Australian Capital Territory (Surface Water)"
"2164","Murrumbidgee (MR)","410738","LF2_S","ACT","ACT","C1","Ecosystem Function","Australian Capital Territory (Surface Water)"
"2165","Murrumbidgee (MR)","410738","LF2_S","ACT","ACT","O1","Other Species","Australian Capital Territory (Surface Water)"
"2166","Murrumbidgee (MR)","410738","LF2_S","ACT","ACT","F3","Native Fish","Australian Capital Territory (Surface Water)"
"2167","Murrumbidgee (MR)","410738","LF2_S","ACT","ACT","F5","Native Fish","Australian Capital Territory (Surface Water)"
"2168","Murrumbidgee (MR)","410738","LF2_S","ACT","ACT","O5","Other Species","Australian Capital Territory (Surface Water)"
"2169","Cotter River (CR2): Below Cotter Dam ","410738","LF2_S","ACT","ACT","O5","Other Species","Australian Capital Territory (Surface Water)"
"2170","Murrumbidgee (MR)","410738","LF2_S","ACT","ACT","F4","Native Fish","Australian Capital Territory (Surface Water)"
"2171","Cotter River (CR1): Below Corin Dam to Cotter Reservoir  ","410738","LF2_S","ACT","ACT","F4","Native Fish","Australian Capital Territory (Surface Water)"
"2172","Murrumbidgee (MR)","410738","LF2_S","ACT","ACT","F6","Native Fish","Australian Capital Territory (Surface Water)"
"2173","Cotter River (CR1): Below Corin Dam to Cotter Reservoir  ","410738","LF2_S","ACT","ACT","O2","Other Species","Australian Capital Territory (Surface Water)"
"2174","Cotter River (CR2): Below Cotter Dam ","410738","LF2_S","ACT","ACT","O2","Other Species","Australian Capital Territory (Surface Water)"
"2175","Murrumbidgee (MR)","410738","LF2_S","ACT","ACT","O2","Other Species","Australian Capital Territory (Surface Water)"
"2176","Murrumbidgee (MR)","410738","LF2_S","ACT","ACT","O4","Other Species","Australian Capital Territory (Surface Water)"
"2177","Murrumbidgee (MR)","410738","SF1_P","ACT","ACT","O3","Other Species","Australian Capital Territory (Surface Water)"
"2178","Murrumbidgee (MR)","410738","SF1_P","ACT","ACT","C1","Ecosystem Function","Australian Capital Territory (Surface Water)"
"2179","Murrumbidgee (MR)","410738","SF1_P","ACT","ACT","O1","Other Species","Australian Capital Territory (Surface Water)"
"2180","Murrumbidgee (MR)","410738","SF1_P","ACT","ACT","F3","Native Fish","Australian Capital Territory (Surface Water)"
"2181","Murrumbidgee (MR)","410738","SF1_P","ACT","ACT","F5","Native Fish","Australian Capital Territory (Surface Water)"
"2182","Murrumbidgee (MR)","410738","SF1_P","ACT","ACT","O5","Other Species","Australian Capital Territory (Surface Water)"
"2183","Cotter River (CR2): Below Cotter Dam ","410738","SF1_P","ACT","ACT","O5","Other Species","Australian Capital Territory (Surface Water)"
"2184","Murrumbidgee (MR)","410738","SF1_P","ACT","ACT","F4","Native Fish","Australian Capital Territory (Surface Water)"
"2185","Cotter River (CR1): Below Corin Dam to Cotter Reservoir  ","410738","SF1_P","ACT","ACT","F4","Native Fish","Australian Capital Territory (Surface Water)"
"2186","Murrumbidgee (MR)","410738","SF1_P","ACT","ACT","F6","Native Fish","Australian Capital Territory (Surface Water)"
"2187","Cotter River (CR1): Below Corin Dam to Cotter Reservoir  ","410738","SF1_P","ACT","ACT","O2","Other Species","Australian Capital Territory (Surface Water)"
"2188","Cotter River (CR2): Below Cotter Dam ","410738","SF1_P","ACT","ACT","O2","Other Species","Australian Capital Territory (Surface Water)"
"2189","Murrumbidgee (MR)","410738","SF1_P","ACT","ACT","O2","Other Species","Australian Capital Territory (Surface Water)"
"2190","Murrumbidgee (MR)","410738","SF1_P","ACT","ACT","O4","Other Species","Australian Capital Territory (Surface Water)"
"2191","Murrumbidgee (MR)","410738","SF1_S","ACT","ACT","O3","Other Species","Australian Capital Territory (Surface Water)"
"2192","Murrumbidgee (MR)","410738","SF1_S","ACT","ACT","C1","Ecosystem Function","Australian Capital Territory (Surface Water)"
"2193","Murrumbidgee (MR)","410738","SF1_S","ACT","ACT","O1","Other Species","Australian Capital Territory (Surface Water)"
"2194","Murrumbidgee (MR)","410738","SF1_S","ACT","ACT","F3","Native Fish","Australian Capital Territory (Surface Water)"
"2195","Murrumbidgee (MR)","410738","SF1_S","ACT","ACT","F5","Native Fish","Australian Capital Territory (Surface Water)"
"2196","Murrumbidgee (MR)","410738","SF1_S","ACT","ACT","O5","Other Species","Australian Capital Territory (Surface Water)"
"2197","Cotter River (CR2): Below Cotter Dam ","410738","SF1_S","ACT","ACT","O5","Other Species","Australian Capital Territory (Surface Water)"
"2198","Murrumbidgee (MR)","410738","SF1_S","ACT","ACT","F4","Native Fish","Australian Capital Territory (Surface Water)"
"2199","Cotter River (CR1): Below Corin Dam to Cotter Reservoir  ","410738","SF1_S","ACT","ACT","F4","Native Fish","Australian Capital Territory (Surface Water)"
"2200","Murrumbidgee (MR)","410738","SF1_S","ACT","ACT","F6","Native Fish","Australian Capital Territory (Surface Water)"
"2201","Cotter River (CR1): Below Corin Dam to Cotter Reservoir  ","410738","SF1_S","ACT","ACT","O2","Other Species","Australian Capital Territory (Surface Water)"
"2202","Cotter River (CR2): Below Cotter Dam ","410738","SF1_S","ACT","ACT","O2","Other Species","Australian Capital Territory (Surface Water)"
"2203","Murrumbidgee (MR)","410738","SF1_S","ACT","ACT","O2","Other Species","Australian Capital Territory (Surface Water)"
"2204","Murrumbidgee (MR)","410738","SF1_S","ACT","ACT","O4","Other Species","Australian Capital Territory (Surface Water)"
"2205","Murrumbidgee (MR)","410738","SF2_P","ACT","ACT","O3","Other Species","Australian Capital Territory (Surface Water)"
"2206","Murrumbidgee (MR)","410738","SF2_P","ACT","ACT","C1","Ecosystem Function","Australian Capital Territory (Surface Water)"
"2207","Murrumbidgee (MR)","410738","SF2_P","ACT","ACT","O1","Other Species","Australian Capital Territory (Surface Water)"
"2208","Murrumbidgee (MR)","410738","SF2_P","ACT","ACT","F3","Native Fish","Australian Capital Territory (Surface Water)"
"2209","Murrumbidgee (MR)","410738","SF2_P","ACT","ACT","F5","Native Fish","Australian Capital Territory (Surface Water)"
"2210","Murrumbidgee (MR)","410738","SF2_P","ACT","ACT","O5","Other Species","Australian Capital Territory (Surface Water)"
"2211","Cotter River (CR2): Below Cotter Dam ","410738","SF2_P","ACT","ACT","O5","Other Species","Australian Capital Territory (Surface Water)"
"2212","Murrumbidgee (MR)","410738","SF2_P","ACT","ACT","F4","Native Fish","Australian Capital Territory (Surface Water)"
"2213","Cotter River (CR1): Below Corin Dam to Cotter Reservoir  ","410738","SF2_P","ACT","ACT","F4","Native Fish","Australian Capital Territory (Surface Water)"
"2214","Murrumbidgee (MR)","410738","SF2_P","ACT","ACT","F6","Native Fish","Australian Capital Territory (Surface Water)"
"2215","Cotter River (CR1): Below Corin Dam to Cotter Reservoir  ","410738","SF2_P","ACT","ACT","O2","Other Species","Australian Capital Territory (Surface Water)"
"2216","Cotter River (CR2): Below Cotter Dam ","410738","SF2_P","ACT","ACT","O2","Other Species","Australian Capital Territory (Surface Water)"
"2217","Murrumbidgee (MR)","410738","SF2_P","ACT","ACT","O2","Other Species","Australian Capital Territory (Surface Water)"
"2218","Murrumbidgee (MR)","410738","SF2_P","ACT","ACT","O4","Other Species","Australian Capital Territory (Surface Water)"
"2219","Murrumbidgee (MR)","410738","SF2_S","ACT","ACT","O3","Other Species","Australian Capital Territory (Surface Water)"
"2220","Murrumbidgee (MR)","410738","SF2_S","ACT","ACT","C1","Ecosystem Function","Australian Capital Territory (Surface Water)"
"2221","Murrumbidgee (MR)","410738","SF2_S","ACT","ACT","O1","Other Species","Australian Capital Territory (Surface Water)"
"2222","Murrumbidgee (MR)","410738","SF2_S","ACT","ACT","F3","Native Fish","Australian Capital Territory (Surface Water)"
"2223","Murrumbidgee (MR)","410738","SF2_S","ACT","ACT","F5","Native Fish","Australian Capital Territory (Surface Water)"
"2224","Murrumbidgee (MR)","410738","SF2_S","ACT","ACT","O5","Other Species","Australian Capital Territory (Surface Water)"
"2225","Cotter River (CR2): Below Cotter Dam ","410738","SF2_S","ACT","ACT","O5","Other Species","Australian Capital Territory (Surface Water)"
"2226","Murrumbidgee (MR)","410738","SF2_S","ACT","ACT","F4","Native Fish","Australian Capital Territory (Surface Water)"
"2227","Cotter River (CR1): Below Corin Dam to Cotter Reservoir  ","410738","SF2_S","ACT","ACT","F4","Native Fish","Australian Capital Territory (Surface Water)"
"2228","Murrumbidgee (MR)","410738","SF2_S","ACT","ACT","F6","Native Fish","Australian Capital Territory (Surface Water)"
"2229","Cotter River (CR1): Below Corin Dam to Cotter Reservoir  ","410738","SF2_S","ACT","ACT","O2","Other Species","Australian Capital Territory (Surface Water)"
"2230","Cotter River (CR2): Below Cotter Dam ","410738","SF2_S","ACT","ACT","O2","Other Species","Australian Capital Territory (Surface Water)"
"2231","Murrumbidgee (MR)","410738","SF2_S","ACT","ACT","O2","Other Species","Australian Capital Territory (Surface Water)"
"2232","Murrumbidgee (MR)","410738","SF2_S","ACT","ACT","O4","Other Species","Australian Capital Territory (Surface Water)"
"2233","Murrumbidgee (MR)","410738","BF1_1","ACT","ACT","O3","Other Species","Australian Capital Territory (Surface Water)"
"2234","Murrumbidgee (MR)","410738","BF1_1","ACT","ACT","C1","Ecosystem Function","Australian Capital Territory (Surface Water)"
"2235","Murrumbidgee (MR)","410738","BF1_1","ACT","ACT","O1","Other Species","Australian Capital Territory (Surface Water)"
"2236","Murrumbidgee (MR)","410738","BF1_1","ACT","ACT","F5","Native Fish","Australian Capital Territory (Surface Water)"
"2237","Murrumbidgee (MR)","410738","BF1_1","ACT","ACT","F3","Native Fish","Australian Capital Territory (Surface Water)"
"2238","Murrumbidgee (MR)","410738","BF1_1","ACT","ACT","O5","Other Species","Australian Capital Territory (Surface Water)"
"2239","Cotter River (CR2): Below Cotter Dam ","410738","BF1_1","ACT","ACT","O5","Other Species","Australian Capital Territory (Surface Water)"
"2240","Murrumbidgee (MR)","410738","BF1_1","ACT","ACT","F4","Native Fish","Australian Capital Territory (Surface Water)"
"2241","Cotter River (CR1): Below Corin Dam to Cotter Reservoir  ","410738","BF1_1","ACT","ACT","F4","Native Fish","Australian Capital Territory (Surface Water)"
"2242","Murrumbidgee (MR)","410738","BF1_1","ACT","ACT","F6","Native Fish","Australian Capital Territory (Surface Water)"
"2243","Cotter River (CR1): Below Corin Dam to Cotter Reservoir  ","410738","BF1_1","ACT","ACT","O2","Other Species","Australian Capital Territory (Surface Water)"
"2244","Cotter River (CR2): Below Cotter Dam ","410738","BF1_1","ACT","ACT","O2","Other Species","Australian Capital Territory (Surface Water)"
"2245","Murrumbidgee (MR)","410738","BF1_1","ACT","ACT","O2","Other Species","Australian Capital Territory (Surface Water)"
"2246","Murrumbidgee (MR)","410738","BF1_1","ACT","ACT","O4","Other Species","Australian Capital Territory (Surface Water)"
"2247","Murrumbidgee (MR)","410738","BF1_2","ACT","ACT","O3","Other Species","Australian Capital Territory (Surface Water)"
"2248","Murrumbidgee (MR)","410738","BF1_2","ACT","ACT","C1","Ecosystem Function","Australian Capital Territory (Surface Water)"
"2249","Murrumbidgee (MR)","410738","BF1_2","ACT","ACT","O1","Other Species","Australian Capital Territory (Surface Water)"
"2250","Murrumbidgee (MR)","410738","BF1_2","ACT","ACT","F5","Native Fish","Australian Capital Territory (Surface Water)"
"2251","Murrumbidgee (MR)","410738","BF1_2","ACT","ACT","F3","Native Fish","Australian Capital Territory (Surface Water)"
"2252","Murrumbidgee (MR)","410738","BF1_2","ACT","ACT","O5","Other Species","Australian Capital Territory (Surface Water)"
"2253","Cotter River (CR2): Below Cotter Dam ","410738","BF1_2","ACT","ACT","O5","Other Species","Australian Capital Territory (Surface Water)"
"2254","Murrumbidgee (MR)","410738","BF1_2","ACT","ACT","F4","Native Fish","Australian Capital Territory (Surface Water)"
"2255","Cotter River (CR1): Below Corin Dam to Cotter Reservoir  ","410738","BF1_2","ACT","ACT","F4","Native Fish","Australian Capital Territory (Surface Water)"
"2256","Murrumbidgee (MR)","410738","BF1_2","ACT","ACT","F6","Native Fish","Australian Capital Territory (Surface Water)"
"2257","Cotter River (CR1): Below Corin Dam to Cotter Reservoir  ","410738","BF1_2","ACT","ACT","O2","Other Species","Australian Capital Territory (Surface Water)"
"2258","Cotter River (CR2): Below Cotter Dam ","410738","BF1_2","ACT","ACT","O2","Other Species","Australian Capital Territory (Surface Water)"
"2259","Murrumbidgee (MR)","410738","BF1_2","ACT","ACT","O2","Other Species","Australian Capital Territory (Surface Water)"
"2260","Murrumbidgee (MR)","410738","BF1_2","ACT","ACT","O4","Other Species","Australian Capital Territory (Surface Water)"
"2261","Murrumbidgee (MR)","410738","BF1_3","ACT","ACT","O3","Other Species","Australian Capital Territory (Surface Water)"
"2262","Murrumbidgee (MR)","410738","BF1_3","ACT","ACT","C1","Ecosystem Function","Australian Capital Territory (Surface Water)"
"2263","Murrumbidgee (MR)","410738","BF1_3","ACT","ACT","O1","Other Species","Australian Capital Territory (Surface Water)"
"2264","Murrumbidgee (MR)","410738","BF1_3","ACT","ACT","F5","Native Fish","Australian Capital Territory (Surface Water)"
"2265","Murrumbidgee (MR)","410738","BF1_3","ACT","ACT","F3","Native Fish","Australian Capital Territory (Surface Water)"
"2266","Murrumbidgee (MR)","410738","BF1_3","ACT","ACT","O5","Other Species","Australian Capital Territory (Surface Water)"
"2267","Cotter River (CR2): Below Cotter Dam ","410738","BF1_3","ACT","ACT","O5","Other Species","Australian Capital Territory (Surface Water)"
"2268","Murrumbidgee (MR)","410738","BF1_3","ACT","ACT","F4","Native Fish","Australian Capital Territory (Surface Water)"
"2269","Cotter River (CR1): Below Corin Dam to Cotter Reservoir  ","410738","BF1_3","ACT","ACT","F4","Native Fish","Australian Capital Territory (Surface Water)"
"2270","Murrumbidgee (MR)","410738","BF1_3","ACT","ACT","F6","Native Fish","Australian Capital Territory (Surface Water)"
"2271","Cotter River (CR1): Below Corin Dam to Cotter Reservoir  ","410738","BF1_3","ACT","ACT","O2","Other Species","Australian Capital Territory (Surface Water)"
"2272","Cotter River (CR2): Below Cotter Dam ","410738","BF1_3","ACT","ACT","O2","Other Species","Australian Capital Territory (Surface Water)"
"2273","Murrumbidgee (MR)","410738","BF1_3","ACT","ACT","O2","Other Species","Australian Capital Territory (Surface Water)"
"2274","Murrumbidgee (MR)","410738","BF1_3","ACT","ACT","O4","Other Species","Australian Capital Territory (Surface Water)"
"2275","Murrumbidgee (MR)","410738","BF1_4","ACT","ACT","O3","Other Species","Australian Capital Territory (Surface Water)"
"2276","Murrumbidgee (MR)","410738","BF1_4","ACT","ACT","C1","Ecosystem Function","Australian Capital Territory (Surface Water)"
"2277","Murrumbidgee (MR)","410738","BF1_4","ACT","ACT","O1","Other Species","Australian Capital Territory (Surface Water)"
"2278","Murrumbidgee (MR)","410738","BF1_4","ACT","ACT","F5","Native Fish","Australian Capital Territory (Surface Water)"
"2279","Murrumbidgee (MR)","410738","BF1_4","ACT","ACT","F3","Native Fish","Australian Capital Territory (Surface Water)"
"2280","Murrumbidgee (MR)","410738","BF1_4","ACT","ACT","O5","Other Species","Australian Capital Territory (Surface Water)"
"2281","Cotter River (CR2): Below Cotter Dam ","410738","BF1_4","ACT","ACT","O5","Other Species","Australian Capital Territory (Surface Water)"
"2282","Murrumbidgee (MR)","410738","BF1_4","ACT","ACT","F4","Native Fish","Australian Capital Territory (Surface Water)"
"2283","Cotter River (CR1): Below Corin Dam to Cotter Reservoir  ","410738","BF1_4","ACT","ACT","F4","Native Fish","Australian Capital Territory (Surface Water)"
"2284","Murrumbidgee (MR)","410738","BF1_4","ACT","ACT","F6","Native Fish","Australian Capital Territory (Surface Water)"
"2285","Cotter River (CR1): Below Corin Dam to Cotter Reservoir  ","410738","BF1_4","ACT","ACT","O2","Other Species","Australian Capital Territory (Surface Water)"
"2286","Cotter River (CR2): Below Cotter Dam ","410738","BF1_4","ACT","ACT","O2","Other Species","Australian Capital Territory (Surface Water)"
"2287","Murrumbidgee (MR)","410738","BF1_4","ACT","ACT","O2","Other Species","Australian Capital Territory (Surface Water)"
"2288","Murrumbidgee (MR)","410738","BF1_4","ACT","ACT","O4","Other Species","Australian Capital Territory (Surface Water)"
"2289","Murrumbidgee (MR)","410738","BF1_5","ACT","ACT","O3","Other Species","Australian Capital Territory (Surface Water)"
"2290","Murrumbidgee (MR)","410738","BF1_5","ACT","ACT","C1","Ecosystem Function","Australian Capital Territory (Surface Water)"
"2291","Murrumbidgee (MR)","410738","BF1_5","ACT","ACT","O1","Other Species","Australian Capital Territory (Surface Water)"
"2292","Murrumbidgee (MR)","410738","BF1_5","ACT","ACT","F5","Native Fish","Australian Capital Territory (Surface Water)"
"2293","Murrumbidgee (MR)","410738","BF1_5","ACT","ACT","F3","Native Fish","Australian Capital Territory (Surface Water)"
"2294","Murrumbidgee (MR)","410738","BF1_5","ACT","ACT","O5","Other Species","Australian Capital Territory (Surface Water)"
"2295","Cotter River (CR2): Below Cotter Dam ","410738","BF1_5","ACT","ACT","O5","Other Species","Australian Capital Territory (Surface Water)"
"2296","Murrumbidgee (MR)","410738","BF1_5","ACT","ACT","F4","Native Fish","Australian Capital Territory (Surface Water)"
"2297","Cotter River (CR1): Below Corin Dam to Cotter Reservoir  ","410738","BF1_5","ACT","ACT","F4","Native Fish","Australian Capital Territory (Surface Water)"
"2298","Murrumbidgee (MR)","410738","BF1_5","ACT","ACT","F6","Native Fish","Australian Capital Territory (Surface Water)"
"2299","Cotter River (CR1): Below Corin Dam to Cotter Reservoir  ","410738","BF1_5","ACT","ACT","O2","Other Species","Australian Capital Territory (Surface Water)"
"2300","Cotter River (CR2): Below Cotter Dam ","410738","BF1_5","ACT","ACT","O2","Other Species","Australian Capital Territory (Surface Water)"
"2301","Murrumbidgee (MR)","410738","BF1_5","ACT","ACT","O2","Other Species","Australian Capital Territory (Surface Water)"
"2302","Murrumbidgee (MR)","410738","BF1_5","ACT","ACT","O4","Other Species","Australian Capital Territory (Surface Water)"
"2303","Murrumbidgee (MR)","410738","BF1_6","ACT","ACT","O3","Other Species","Australian Capital Territory (Surface Water)"
"2304","Murrumbidgee (MR)","410738","BF1_6","ACT","ACT","C1","Ecosystem Function","Australian Capital Territory (Surface Water)"
"2305","Murrumbidgee (MR)","410738","BF1_6","ACT","ACT","O1","Other Species","Australian Capital Territory (Surface Water)"
"2306","Murrumbidgee (MR)","410738","BF1_6","ACT","ACT","F5","Native Fish","Australian Capital Territory (Surface Water)"
"2307","Murrumbidgee (MR)","410738","BF1_6","ACT","ACT","F3","Native Fish","Australian Capital Territory (Surface Water)"
"2308","Murrumbidgee (MR)","410738","BF1_6","ACT","ACT","O5","Other Species","Australian Capital Territory (Surface Water)"
"2309","Cotter River (CR2): Below Cotter Dam ","410738","BF1_6","ACT","ACT","O5","Other Species","Australian Capital Territory (Surface Water)"
"2310","Murrumbidgee (MR)","410738","BF1_6","ACT","ACT","F4","Native Fish","Australian Capital Territory (Surface Water)"
"2311","Cotter River (CR1): Below Corin Dam to Cotter Reservoir  ","410738","BF1_6","ACT","ACT","F4","Native Fish","Australian Capital Territory (Surface Water)"
"2312","Murrumbidgee (MR)","410738","BF1_6","ACT","ACT","F6","Native Fish","Australian Capital Territory (Surface Water)"
"2313","Cotter River (CR1): Below Corin Dam to Cotter Reservoir  ","410738","BF1_6","ACT","ACT","O2","Other Species","Australian Capital Territory (Surface Water)"
"2314","Cotter River (CR2): Below Cotter Dam ","410738","BF1_6","ACT","ACT","O2","Other Species","Australian Capital Territory (Surface Water)"
"2315","Murrumbidgee (MR)","410738","BF1_6","ACT","ACT","O2","Other Species","Australian Capital Territory (Surface Water)"
"2316","Murrumbidgee (MR)","410738","BF1_6","ACT","ACT","O4","Other Species","Australian Capital Territory (Surface Water)"
"2317","Murrumbidgee (MR)","410738","BF1_7","ACT","ACT","O3","Other Species","Australian Capital Territory (Surface Water)"
"2318","Murrumbidgee (MR)","410738","BF1_7","ACT","ACT","C1","Ecosystem Function","Australian Capital Territory (Surface Water)"
"2319","Murrumbidgee (MR)","410738","BF1_7","ACT","ACT","O1","Other Species","Australian Capital Territory (Surface Water)"
"2320","Murrumbidgee (MR)","410738","BF1_7","ACT","ACT","F5","Native Fish","Australian Capital Territory (Surface Water)"
"2321","Murrumbidgee (MR)","410738","BF1_7","ACT","ACT","F3","Native Fish","Australian Capital Territory (Surface Water)"
"2322","Murrumbidgee (MR)","410738","BF1_7","ACT","ACT","O5","Other Species","Australian Capital Territory (Surface Water)"
"2323","Cotter River (CR2): Below Cotter Dam ","410738","BF1_7","ACT","ACT","O5","Other Species","Australian Capital Territory (Surface Water)"
"2324","Murrumbidgee (MR)","410738","BF1_7","ACT","ACT","F4","Native Fish","Australian Capital Territory (Surface Water)"
"2325","Cotter River (CR1): Below Corin Dam to Cotter Reservoir  ","410738","BF1_7","ACT","ACT","F4","Native Fish","Australian Capital Territory (Surface Water)"
"2326","Murrumbidgee (MR)","410738","BF1_7","ACT","ACT","F6","Native Fish","Australian Capital Territory (Surface Water)"
"2327","Cotter River (CR1): Below Corin Dam to Cotter Reservoir  ","410738","BF1_7","ACT","ACT","O2","Other Species","Australian Capital Territory (Surface Water)"
"2328","Cotter River (CR2): Below Cotter Dam ","410738","BF1_7","ACT","ACT","O2","Other Species","Australian Capital Territory (Surface Water)"
"2329","Murrumbidgee (MR)","410738","BF1_7","ACT","ACT","O2","Other Species","Australian Capital Territory (Surface Water)"
"2330","Murrumbidgee (MR)","410738","BF1_7","ACT","ACT","O4","Other Species","Australian Capital Territory (Surface Water)"
"2331","Murrumbidgee (MR)","410738","BF1_8","ACT","ACT","O3","Other Species","Australian Capital Territory (Surface Water)"
"2332","Murrumbidgee (MR)","410738","BF1_8","ACT","ACT","C1","Ecosystem Function","Australian Capital Territory (Surface Water)"
"2333","Murrumbidgee (MR)","410738","BF1_8","ACT","ACT","O1","Other Species","Australian Capital Territory (Surface Water)"
"2334","Murrumbidgee (MR)","410738","BF1_8","ACT","ACT","F5","Native Fish","Australian Capital Territory (Surface Water)"
"2335","Murrumbidgee (MR)","410738","BF1_8","ACT","ACT","F3","Native Fish","Australian Capital Territory (Surface Water)"
"2336","Murrumbidgee (MR)","410738","BF1_8","ACT","ACT","O5","Other Species","Australian Capital Territory (Surface Water)"
"2337","Cotter River (CR2): Below Cotter Dam ","410738","BF1_8","ACT","ACT","O5","Other Species","Australian Capital Territory (Surface Water)"
"2338","Murrumbidgee (MR)","410738","BF1_8","ACT","ACT","F4","Native Fish","Australian Capital Territory (Surface Water)"
"2339","Cotter River (CR1): Below Corin Dam to Cotter Reservoir  ","410738","BF1_8","ACT","ACT","F4","Native Fish","Australian Capital Territory (Surface Water)"
"2340","Murrumbidgee (MR)","410738","BF1_8","ACT","ACT","F6","Native Fish","Australian Capital Territory (Surface Water)"
"2341","Cotter River (CR1): Below Corin Dam to Cotter Reservoir  ","410738","BF1_8","ACT","ACT","O2","Other Species","Australian Capital Territory (Surface Water)"
"2342","Cotter River (CR2): Below Cotter Dam ","410738","BF1_8","ACT","ACT","O2","Other Species","Australian Capital Territory (Surface Water)"
"2343","Murrumbidgee (MR)","410738","BF1_8","ACT","ACT","O2","Other Species","Australian Capital Territory (Surface Water)"
"2344","Murrumbidgee (MR)","410738","BF1_8","ACT","ACT","O4","Other Species","Australian Capital Territory (Surface Water)"
"2345","Murrumbidgee (MR)","410738","BF1_9","ACT","ACT","O3","Other Species","Australian Capital Territory (Surface Water)"
"2346","Murrumbidgee (MR)","410738","BF1_9","ACT","ACT","C1","Ecosystem Function","Australian Capital Territory (Surface Water)"
"2347","Murrumbidgee (MR)","410738","BF1_9","ACT","ACT","O1","Other Species","Australian Capital Territory (Surface Water)"
"2348","Murrumbidgee (MR)","410738","BF1_9","ACT","ACT","F5","Native Fish","Australian Capital Territory (Surface Water)"
"2349","Murrumbidgee (MR)","410738","BF1_9","ACT","ACT","F3","Native Fish","Australian Capital Territory (Surface Water)"
"2350","Murrumbidgee (MR)","410738","BF1_9","ACT","ACT","O5","Other Species","Australian Capital Territory (Surface Water)"
"2351","Cotter River (CR2): Below Cotter Dam ","410738","BF1_9","ACT","ACT","O5","Other Species","Australian Capital Territory (Surface Water)"
"2352","Murrumbidgee (MR)","410738","BF1_9","ACT","ACT","F4","Native Fish","Australian Capital Territory (Surface Water)"
"2353","Cotter River (CR1): Below Corin Dam to Cotter Reservoir  ","410738","BF1_9","ACT","ACT","F4","Native Fish","Australian Capital Territory (Surface Water)"
"2354","Murrumbidgee (MR)","410738","BF1_9","ACT","ACT","F6","Native Fish","Australian Capital Territory (Surface Water)"
"2355","Cotter River (CR1): Below Corin Dam to Cotter Reservoir  ","410738","BF1_9","ACT","ACT","O2","Other Species","Australian Capital Territory (Surface Water)"
"2356","Cotter River (CR2): Below Cotter Dam ","410738","BF1_9","ACT","ACT","O2","Other Species","Australian Capital Territory (Surface Water)"
"2357","Murrumbidgee (MR)","410738","BF1_9","ACT","ACT","O2","Other Species","Australian Capital Territory (Surface Water)"
"2358","Murrumbidgee (MR)","410738","BF1_9","ACT","ACT","O4","Other Species","Australian Capital Territory (Surface Water)"
"2359","Murrumbidgee (MR)","410738","BF1_10","ACT","ACT","O3","Other Species","Australian Capital Territory (Surface Water)"
"2360","Murrumbidgee (MR)","410738","BF1_10","ACT","ACT","C1","Ecosystem Function","Australian Capital Territory (Surface Water)"
"2361","Murrumbidgee (MR)","410738","BF1_10","ACT","ACT","O1","Other Species","Australian Capital Territory (Surface Water)"
"2362","Murrumbidgee (MR)","410738","BF1_10","ACT","ACT","F5","Native Fish","Australian Capital Territory (Surface Water)"
"2363","Murrumbidgee (MR)","410738","BF1_10","ACT","ACT","F3","Native Fish","Australian Capital Territory (Surface Water)"
"2364","Murrumbidgee (MR)","410738","BF1_10","ACT","ACT","O5","Other Species","Australian Capital Territory (Surface Water)"
"2365","Cotter River (CR2): Below Cotter Dam ","410738","BF1_10","ACT","ACT","O5","Other Species","Australian Capital Territory (Surface Water)"
"2366","Murrumbidgee (MR)","410738","BF1_10","ACT","ACT","F4","Native Fish","Australian Capital Territory (Surface Water)"
"2367","Cotter River (CR1): Below Corin Dam to Cotter Reservoir  ","410738","BF1_10","ACT","ACT","F4","Native Fish","Australian Capital Territory (Surface Water)"
"2368","Murrumbidgee (MR)","410738","BF1_10","ACT","ACT","F6","Native Fish","Australian Capital Territory (Surface Water)"
"2369","Cotter River (CR1): Below Corin Dam to Cotter Reservoir  ","410738","BF1_10","ACT","ACT","O2","Other Species","Australian Capital Territory (Surface Water)"
"2370","Cotter River (CR2): Below Cotter Dam ","410738","BF1_10","ACT","ACT","O2","Other Species","Australian Capital Territory (Surface Water)"
"2371","Murrumbidgee (MR)","410738","BF1_10","ACT","ACT","O2","Other Species","Australian Capital Territory (Surface Water)"
"2372","Murrumbidgee (MR)","410738","BF1_10","ACT","ACT","O4","Other Species","Australian Capital Territory (Surface Water)"
"2373","Murrumbidgee (MR)","410738","BF1_11","ACT","ACT","O3","Other Species","Australian Capital Territory (Surface Water)"
"2374","Murrumbidgee (MR)","410738","BF1_11","ACT","ACT","C1","Ecosystem Function","Australian Capital Territory (Surface Water)"
"2375","Murrumbidgee (MR)","410738","BF1_11","ACT","ACT","O1","Other Species","Australian Capital Territory (Surface Water)"
"2376","Murrumbidgee (MR)","410738","BF1_11","ACT","ACT","F5","Native Fish","Australian Capital Territory (Surface Water)"
"2377","Murrumbidgee (MR)","410738","BF1_11","ACT","ACT","F3","Native Fish","Australian Capital Territory (Surface Water)"
"2378","Murrumbidgee (MR)","410738","BF1_11","ACT","ACT","O5","Other Species","Australian Capital Territory (Surface Water)"
"2379","Cotter River (CR2): Below Cotter Dam ","410738","BF1_11","ACT","ACT","O5","Other Species","Australian Capital Territory (Surface Water)"
"2380","Murrumbidgee (MR)","410738","BF1_11","ACT","ACT","F4","Native Fish","Australian Capital Territory (Surface Water)"
"2381","Cotter River (CR1): Below Corin Dam to Cotter Reservoir  ","410738","BF1_11","ACT","ACT","F4","Native Fish","Australian Capital Territory (Surface Water)"
"2382","Murrumbidgee (MR)","410738","BF1_11","ACT","ACT","F6","Native Fish","Australian Capital Territory (Surface Water)"
"2383","Cotter River (CR1): Below Corin Dam to Cotter Reservoir  ","410738","BF1_11","ACT","ACT","O2","Other Species","Australian Capital Territory (Surface Water)"
"2384","Cotter River (CR2): Below Cotter Dam ","410738","BF1_11","ACT","ACT","O2","Other Species","Australian Capital Territory (Surface Water)"
"2385","Murrumbidgee (MR)","410738","BF1_11","ACT","ACT","O2","Other Species","Australian Capital Territory (Surface Water)"
"2386","Murrumbidgee (MR)","410738","BF1_11","ACT","ACT","O4","Other Species","Australian Capital Territory (Surface Water)"
"2387","Murrumbidgee (MR)","410738","BF1_12","ACT","ACT","O3","Other Species","Australian Capital Territory (Surface Water)"
"2388","Murrumbidgee (MR)","410738","BF1_12","ACT","ACT","C1","Ecosystem Function","Australian Capital Territory (Surface Water)"
"2389","Murrumbidgee (MR)","410738","BF1_12","ACT","ACT","O1","Other Species","Australian Capital Territory (Surface Water)"
"2390","Murrumbidgee (MR)","410738","BF1_12","ACT","ACT","F5","Native Fish","Australian Capital Territory (Surface Water)"
"2391","Murrumbidgee (MR)","410738","BF1_12","ACT","ACT","F3","Native Fish","Australian Capital Territory (Surface Water)"
"2392","Murrumbidgee (MR)","410738","BF1_12","ACT","ACT","O5","Other Species","Australian Capital Territory (Surface Water)"
"2393","Cotter River (CR2): Below Cotter Dam ","410738","BF1_12","ACT","ACT","O5","Other Species","Australian Capital Territory (Surface Water)"
"2394","Murrumbidgee (MR)","410738","BF1_12","ACT","ACT","F4","Native Fish","Australian Capital Territory (Surface Water)"
"2395","Cotter River (CR1): Below Corin Dam to Cotter Reservoir  ","410738","BF1_12","ACT","ACT","F4","Native Fish","Australian Capital Territory (Surface Water)"
"2396","Murrumbidgee (MR)","410738","BF1_12","ACT","ACT","F6","Native Fish","Australian Capital Territory (Surface Water)"
"2397","Cotter River (CR1): Below Corin Dam to Cotter Reservoir  ","410738","BF1_12","ACT","ACT","O2","Other Species","Australian Capital Territory (Surface Water)"
"2398","Cotter River (CR2): Below Cotter Dam ","410738","BF1_12","ACT","ACT","O2","Other Species","Australian Capital Territory (Surface Water)"
"2399","Murrumbidgee (MR)","410738","BF1_12","ACT","ACT","O2","Other Species","Australian Capital Territory (Surface Water)"
"2400","Murrumbidgee (MR)","410738","BF1_12","ACT","ACT","O4","Other Species","Australian Capital Territory (Surface Water)"
