"Time","414209","414209","414209"
"and",100.00,201.00,2000.00
"Date","Water Level (m)","Volume (GL)","Rainfall (mm)"
"","Mean","Mean","Total"
09:00:00 16/03/2005,,,
09:00:00 17/03/2005,,,
09:00:00 18/03/2005,,,
09:00:00 19/03/2005,,,
09:00:00 20/03/2005,,,
09:00:00 21/03/2005,,,
09:00:00 22/03/2005,,,
09:00:00 23/03/2005,,,
09:00:00 24/03/2005,,,
09:00:00 25/03/2005,,,
09:00:00 26/03/2005,,,
09:00:00 27/03/2005,,,
09:00:00 28/03/2005,,,
09:00:00 29/03/2005,,,
09:00:00 30/03/2005,,,
09:00:00 31/03/2005,,,
09:00:00 01/04/2005,,,
09:00:00 02/04/2005,,,
09:00:00 03/04/2005,,,
09:00:00 04/04/2005,,,
09:00:00 05/04/2005,,,
09:00:00 06/04/2005,,,
09:00:00 07/04/2005,,,
09:00:00 08/04/2005,,,
09:00:00 09/04/2005,,,
09:00:00 10/04/2005,,,
09:00:00 11/04/2005,,,
09:00:00 12/04/2005,,,
09:00:00 13/04/2005,,,
09:00:00 14/04/2005,,,
09:00:00 15/04/2005,,,
09:00:00 16/04/2005,,,
09:00:00 17/04/2005,,,
09:00:00 18/04/2005,,,
09:00:00 19/04/2005,,,
09:00:00 20/04/2005,,,
09:00:00 21/04/2005,,,
09:00:00 22/04/2005,,,
09:00:00 23/04/2005,,,
09:00:00 24/04/2005,,,
09:00:00 25/04/2005,,,
09:00:00 26/04/2005,,,
09:00:00 27/04/2005,,,
09:00:00 28/04/2005,,,
09:00:00 29/04/2005,,,
09:00:00 30/04/2005,,,
09:00:00 01/05/2005,,,
09:00:00 02/05/2005,,,
09:00:00 03/05/2005,,,
09:00:00 04/05/2005,,,
09:00:00 05/05/2005,,,
09:00:00 06/05/2005,,,
09:00:00 07/05/2005,,,
09:00:00 08/05/2005,,,
09:00:00 09/05/2005,,,
09:00:00 10/05/2005,,,
09:00:00 11/05/2005,,,
09:00:00 12/05/2005,,,
09:00:00 13/05/2005,,,
09:00:00 14/05/2005,,,
09:00:00 15/05/2005,,,
09:00:00 16/05/2005,,,
09:00:00 17/05/2005,,,
09:00:00 18/05/2005,,,
09:00:00 19/05/2005,,,
09:00:00 20/05/2005,,,
09:00:00 21/05/2005,,,
09:00:00 22/05/2005,,,
09:00:00 23/05/2005,,,
09:00:00 24/05/2005,,,
09:00:00 25/05/2005,,,
09:00:00 26/05/2005,,,
09:00:00 27/05/2005,,,
09:00:00 28/05/2005,,,
09:00:00 29/05/2005,,,
09:00:00 30/05/2005,,,
09:00:00 31/05/2005,,,
09:00:00 01/06/2005,,,
09:00:00 02/06/2005,,,
09:00:00 03/06/2005,,,
09:00:00 04/06/2005,,,
09:00:00 05/06/2005,,,
09:00:00 06/06/2005,,,
09:00:00 07/06/2005,,,
09:00:00 08/06/2005,,,
09:00:00 09/06/2005,,,
09:00:00 10/06/2005,,,
09:00:00 11/06/2005,,,
09:00:00 12/06/2005,,,
09:00:00 13/06/2005,,,
09:00:00 14/06/2005,,,
09:00:00 15/06/2005,,,
09:00:00 16/06/2005,,,
09:00:00 17/06/2005,,,
09:00:00 18/06/2005,,,
09:00:00 19/06/2005,,,
09:00:00 20/06/2005,,,
09:00:00 21/06/2005,,,
09:00:00 22/06/2005,,,
09:00:00 23/06/2005,,,
09:00:00 24/06/2005,,,
09:00:00 25/06/2005,,,
09:00:00 26/06/2005,,,
09:00:00 27/06/2005,,,
09:00:00 28/06/2005,,,
09:00:00 29/06/2005,,,
09:00:00 30/06/2005,,,
09:00:00 01/07/2005,,,
09:00:00 02/07/2005,,,
09:00:00 03/07/2005,,,
09:00:00 04/07/2005,,,
09:00:00 05/07/2005,,,
09:00:00 06/07/2005,,,
09:00:00 07/07/2005,,,
09:00:00 08/07/2005,,,
09:00:00 09/07/2005,,,
09:00:00 10/07/2005,,,
09:00:00 11/07/2005,,,
09:00:00 12/07/2005,,,
09:00:00 13/07/2005,,,
09:00:00 14/07/2005,,,
09:00:00 15/07/2005,,,
09:00:00 16/07/2005,,,
09:00:00 17/07/2005,,,
09:00:00 18/07/2005,,,
09:00:00 19/07/2005,,,
09:00:00 20/07/2005,,,
09:00:00 21/07/2005,,,
09:00:00 22/07/2005,,,
09:00:00 23/07/2005,,,
09:00:00 24/07/2005,,,
09:00:00 25/07/2005,,,
09:00:00 26/07/2005,,,
09:00:00 27/07/2005,,,
09:00:00 28/07/2005,,,
09:00:00 29/07/2005,,,
09:00:00 30/07/2005,,,
09:00:00 31/07/2005,,,
09:00:00 01/08/2005,,,
09:00:00 02/08/2005,,,
09:00:00 03/08/2005,,,
09:00:00 04/08/2005,,,
09:00:00 05/08/2005,,,
09:00:00 06/08/2005,,,
09:00:00 07/08/2005,,,
09:00:00 08/08/2005,,,
09:00:00 09/08/2005,,,
09:00:00 10/08/2005,,,
09:00:00 11/08/2005,,,
09:00:00 12/08/2005,,,
09:00:00 13/08/2005,,,
09:00:00 14/08/2005,,,
09:00:00 15/08/2005,,,
09:00:00 16/08/2005,,,
09:00:00 17/08/2005,,,
09:00:00 18/08/2005,,,
09:00:00 19/08/2005,,,
09:00:00 20/08/2005,,,
09:00:00 21/08/2005,,,
09:00:00 22/08/2005,,,
09:00:00 23/08/2005,,,
09:00:00 24/08/2005,,,
09:00:00 25/08/2005,,,
09:00:00 26/08/2005,,,
09:00:00 27/08/2005,,,
09:00:00 28/08/2005,,,
09:00:00 29/08/2005,,,
09:00:00 30/08/2005,,,
09:00:00 31/08/2005,,,
09:00:00 01/09/2005,,,
09:00:00 02/09/2005,,,
09:00:00 03/09/2005,,,
09:00:00 04/09/2005,,,
09:00:00 05/09/2005,,,
09:00:00 06/09/2005,,,
09:00:00 07/09/2005,,,
09:00:00 08/09/2005,,,
09:00:00 09/09/2005,,,
09:00:00 10/09/2005,,,
09:00:00 11/09/2005,,,
09:00:00 12/09/2005,,,
09:00:00 13/09/2005,,,
09:00:00 14/09/2005,,,
09:00:00 15/09/2005,,,
09:00:00 16/09/2005,,,
09:00:00 17/09/2005,,,
09:00:00 18/09/2005,,,
09:00:00 19/09/2005,,,
09:00:00 20/09/2005,,,
09:00:00 21/09/2005,,,
09:00:00 22/09/2005,,,
09:00:00 23/09/2005,,,
09:00:00 24/09/2005,,,
09:00:00 25/09/2005,,,
09:00:00 26/09/2005,,,
09:00:00 27/09/2005,,,
09:00:00 28/09/2005,,,
09:00:00 29/09/2005,,,
09:00:00 30/09/2005,,,
09:00:00 01/10/2005,,,
09:00:00 02/10/2005,,,
09:00:00 03/10/2005,,,
09:00:00 04/10/2005,,,
09:00:00 05/10/2005,,,
09:00:00 06/10/2005,,,
09:00:00 07/10/2005,,,
09:00:00 08/10/2005,,,
09:00:00 09/10/2005,,,
09:00:00 10/10/2005,,,
09:00:00 11/10/2005,,,
09:00:00 12/10/2005,,,
09:00:00 13/10/2005,,,
09:00:00 14/10/2005,,,
09:00:00 15/10/2005,,,
09:00:00 16/10/2005,,,
09:00:00 17/10/2005,,,
09:00:00 18/10/2005,,,
09:00:00 19/10/2005,,,
09:00:00 20/10/2005,,,
09:00:00 21/10/2005,,,
09:00:00 22/10/2005,,,
09:00:00 23/10/2005,,,
09:00:00 24/10/2005,,,
09:00:00 25/10/2005,,,
09:00:00 26/10/2005,,,
09:00:00 27/10/2005,,,
09:00:00 28/10/2005,,,
09:00:00 29/10/2005,,,
09:00:00 30/10/2005,,,
09:00:00 31/10/2005,,,
09:00:00 01/11/2005,,,
09:00:00 02/11/2005,,,
09:00:00 03/11/2005,,,
09:00:00 04/11/2005,,,
09:00:00 05/11/2005,,,
09:00:00 06/11/2005,,,
09:00:00 07/11/2005,,,
09:00:00 08/11/2005,,,
09:00:00 09/11/2005,,,
09:00:00 10/11/2005,,,
09:00:00 11/11/2005,,,
09:00:00 12/11/2005,,,
09:00:00 13/11/2005,,,
09:00:00 14/11/2005,,,
09:00:00 15/11/2005,,,
09:00:00 16/11/2005,,,
09:00:00 17/11/2005,,,
09:00:00 18/11/2005,,,
09:00:00 19/11/2005,,,
09:00:00 20/11/2005,,,
09:00:00 21/11/2005,,,
09:00:00 22/11/2005,,,
09:00:00 23/11/2005,,,
09:00:00 24/11/2005,,,
09:00:00 25/11/2005,,,
09:00:00 26/11/2005,,,
09:00:00 27/11/2005,,,
09:00:00 28/11/2005,,,
09:00:00 29/11/2005,,,
09:00:00 30/11/2005,,,
09:00:00 01/12/2005,,,
09:00:00 02/12/2005,,,
09:00:00 03/12/2005,,,
09:00:00 04/12/2005,,,
09:00:00 05/12/2005,,,
09:00:00 06/12/2005,,,
09:00:00 07/12/2005,,,
09:00:00 08/12/2005,,,
09:00:00 09/12/2005,,,
09:00:00 10/12/2005,,,
09:00:00 11/12/2005,,,
09:00:00 12/12/2005,,,
09:00:00 13/12/2005,,,
09:00:00 14/12/2005,,,
09:00:00 15/12/2005,,,
09:00:00 16/12/2005,,,
09:00:00 17/12/2005,,,
09:00:00 18/12/2005,,,
09:00:00 19/12/2005,,,
09:00:00 20/12/2005,,,
09:00:00 21/12/2005,,,
09:00:00 22/12/2005,,,
09:00:00 23/12/2005,,,
09:00:00 24/12/2005,,,
09:00:00 25/12/2005,,,
09:00:00 26/12/2005,,,
09:00:00 27/12/2005,,,
09:00:00 28/12/2005,,,
09:00:00 29/12/2005,,,
09:00:00 30/12/2005,,,
09:00:00 31/12/2005,,,
09:00:00 01/01/2006,,,
09:00:00 02/01/2006,,,
09:00:00 03/01/2006,,,
09:00:00 04/01/2006,,,
09:00:00 05/01/2006,,,
09:00:00 06/01/2006,,,
09:00:00 07/01/2006,,,
09:00:00 08/01/2006,,,
09:00:00 09/01/2006,,,
09:00:00 10/01/2006,,,
09:00:00 11/01/2006,,,
09:00:00 12/01/2006,,,
09:00:00 13/01/2006,,,
09:00:00 14/01/2006,,,
09:00:00 15/01/2006,,,
09:00:00 16/01/2006,,,
09:00:00 17/01/2006,,,
09:00:00 18/01/2006,,,
09:00:00 19/01/2006,,,
09:00:00 20/01/2006,,,
09:00:00 21/01/2006,,,
09:00:00 22/01/2006,,,
09:00:00 23/01/2006,,,
09:00:00 24/01/2006,,,
09:00:00 25/01/2006,,,
09:00:00 26/01/2006,,,
09:00:00 27/01/2006,,,
09:00:00 28/01/2006,,,
09:00:00 29/01/2006,,,
09:00:00 30/01/2006,,,
09:00:00 31/01/2006,,,
09:00:00 01/02/2006,,,
09:00:00 02/02/2006,,,
09:00:00 03/02/2006,,,
09:00:00 04/02/2006,,,
09:00:00 05/02/2006,,,
09:00:00 06/02/2006,,,
09:00:00 07/02/2006,,,
09:00:00 08/02/2006,,,
09:00:00 09/02/2006,,,
09:00:00 10/02/2006,,,
09:00:00 11/02/2006,,,
09:00:00 12/02/2006,,,
09:00:00 13/02/2006,,,
09:00:00 14/02/2006,,,
09:00:00 15/02/2006,,,
09:00:00 16/02/2006,,,
09:00:00 17/02/2006,,,
09:00:00 18/02/2006,,,
09:00:00 19/02/2006,,,
09:00:00 20/02/2006,,,
09:00:00 21/02/2006,,,
09:00:00 22/02/2006,,,
09:00:00 23/02/2006,,,
09:00:00 24/02/2006,,,
09:00:00 25/02/2006,,,
09:00:00 26/02/2006,,,
09:00:00 27/02/2006,,,
09:00:00 28/02/2006,,,
09:00:00 01/03/2006,,,
09:00:00 02/03/2006,,,
09:00:00 03/03/2006,,,
09:00:00 04/03/2006,,,
09:00:00 05/03/2006,,,
09:00:00 06/03/2006,,,
09:00:00 07/03/2006,,,
09:00:00 08/03/2006,,,
09:00:00 09/03/2006,,,
09:00:00 10/03/2006,,,
09:00:00 11/03/2006,,,
09:00:00 12/03/2006,,,
09:00:00 13/03/2006,,,
09:00:00 14/03/2006,,,
09:00:00 15/03/2006,,,
09:00:00 16/03/2006,,,
09:00:00 17/03/2006,,,
09:00:00 18/03/2006,,,
09:00:00 19/03/2006,,,
09:00:00 20/03/2006,,,
09:00:00 21/03/2006,,,
09:00:00 22/03/2006,,,
09:00:00 23/03/2006,,,
09:00:00 24/03/2006,,,
09:00:00 25/03/2006,,,
09:00:00 26/03/2006,,,
09:00:00 27/03/2006,,,
09:00:00 28/03/2006,,,
09:00:00 29/03/2006,,,
09:00:00 30/03/2006,,,
09:00:00 31/03/2006,,,
09:00:00 01/04/2006,,,
09:00:00 02/04/2006,,,
09:00:00 03/04/2006,,,
09:00:00 04/04/2006,,,
09:00:00 05/04/2006,,,
09:00:00 06/04/2006,,,
09:00:00 07/04/2006,,,
09:00:00 08/04/2006,,,
09:00:00 09/04/2006,,,
09:00:00 10/04/2006,,,
09:00:00 11/04/2006,,,
09:00:00 12/04/2006,,,
09:00:00 13/04/2006,,,
09:00:00 14/04/2006,,,
09:00:00 15/04/2006,,,
09:00:00 16/04/2006,,,
09:00:00 17/04/2006,,,
09:00:00 18/04/2006,,,
09:00:00 19/04/2006,,,
09:00:00 20/04/2006,,,
09:00:00 21/04/2006,,,
09:00:00 22/04/2006,,,
09:00:00 23/04/2006,,,
09:00:00 24/04/2006,,,
09:00:00 25/04/2006,,,
09:00:00 26/04/2006,,,
09:00:00 27/04/2006,,,
09:00:00 28/04/2006,,,
09:00:00 29/04/2006,,,
09:00:00 30/04/2006,,,
09:00:00 01/05/2006,,,
09:00:00 02/05/2006,,,
09:00:00 03/05/2006,,,
09:00:00 04/05/2006,,,
09:00:00 05/05/2006,,,
09:00:00 06/05/2006,,,
09:00:00 07/05/2006,,,
09:00:00 08/05/2006,,,
09:00:00 09/05/2006,,,
09:00:00 10/05/2006,,,
09:00:00 11/05/2006,,,
09:00:00 12/05/2006,,,
09:00:00 13/05/2006,,,
09:00:00 14/05/2006,,,
09:00:00 15/05/2006,,,
09:00:00 16/05/2006,,,
09:00:00 17/05/2006,,,
09:00:00 18/05/2006,,,
09:00:00 19/05/2006,,,
09:00:00 20/05/2006,,,
09:00:00 21/05/2006,,,
09:00:00 22/05/2006,,,
09:00:00 23/05/2006,,,
09:00:00 24/05/2006,,,
09:00:00 25/05/2006,,,
09:00:00 26/05/2006,,,
09:00:00 27/05/2006,,,
09:00:00 28/05/2006,,,
09:00:00 29/05/2006,,,
09:00:00 30/05/2006,,,
09:00:00 31/05/2006,,,
09:00:00 01/06/2006,,,
09:00:00 02/06/2006,,,
09:00:00 03/06/2006,,,
09:00:00 04/06/2006,,,
09:00:00 05/06/2006,,,
09:00:00 06/06/2006,,,
09:00:00 07/06/2006,,,
09:00:00 08/06/2006,,,
09:00:00 09/06/2006,,,
09:00:00 10/06/2006,,,
09:00:00 11/06/2006,,,
09:00:00 12/06/2006,,,
09:00:00 13/06/2006,,,
09:00:00 14/06/2006,,,
09:00:00 15/06/2006,,,
09:00:00 16/06/2006,,,
09:00:00 17/06/2006,,,
09:00:00 18/06/2006,,,
09:00:00 19/06/2006,,,
09:00:00 20/06/2006,,,
09:00:00 21/06/2006,,,
09:00:00 22/06/2006,,,
09:00:00 23/06/2006,,,
09:00:00 24/06/2006,,,
09:00:00 25/06/2006,,,
09:00:00 26/06/2006,,,
09:00:00 27/06/2006,,,
09:00:00 28/06/2006,,,
09:00:00 29/06/2006,,,
09:00:00 30/06/2006,,,
09:00:00 01/07/2006,,,
09:00:00 02/07/2006,,,
09:00:00 03/07/2006,,,
09:00:00 04/07/2006,,,
09:00:00 05/07/2006,,,
09:00:00 06/07/2006,,,
09:00:00 07/07/2006,,,
09:00:00 08/07/2006,,,
09:00:00 09/07/2006,,,
09:00:00 10/07/2006,,,
09:00:00 11/07/2006,,,
09:00:00 12/07/2006,,,
09:00:00 13/07/2006,,,
09:00:00 14/07/2006,,,
09:00:00 15/07/2006,,,
09:00:00 16/07/2006,,,
09:00:00 17/07/2006,,,
09:00:00 18/07/2006,,,
09:00:00 19/07/2006,,,
09:00:00 20/07/2006,,,
09:00:00 21/07/2006,,,
09:00:00 22/07/2006,,,
09:00:00 23/07/2006,,,
09:00:00 24/07/2006,,,
09:00:00 25/07/2006,,,
09:00:00 26/07/2006,,,
09:00:00 27/07/2006,,,
09:00:00 28/07/2006,,,
09:00:00 29/07/2006,,,
09:00:00 30/07/2006,,,
09:00:00 31/07/2006,,,
09:00:00 01/08/2006,,,
09:00:00 02/08/2006,,,
09:00:00 03/08/2006,,,
09:00:00 04/08/2006,,,
09:00:00 05/08/2006,,,
09:00:00 06/08/2006,,,
09:00:00 07/08/2006,,,
09:00:00 08/08/2006,,,
09:00:00 09/08/2006,,,
09:00:00 10/08/2006,,,
09:00:00 11/08/2006,,,
09:00:00 12/08/2006,,,
09:00:00 13/08/2006,,,
09:00:00 14/08/2006,,,
09:00:00 15/08/2006,,,
09:00:00 16/08/2006,,,
09:00:00 17/08/2006,,,
09:00:00 18/08/2006,,,
09:00:00 19/08/2006,,,
09:00:00 20/08/2006,,,
09:00:00 21/08/2006,,,
09:00:00 22/08/2006,,,
09:00:00 23/08/2006,,,
09:00:00 24/08/2006,,,
09:00:00 25/08/2006,,,
09:00:00 26/08/2006,,,
09:00:00 27/08/2006,,,
09:00:00 28/08/2006,,,
09:00:00 29/08/2006,,,
09:00:00 30/08/2006,,,
09:00:00 31/08/2006,,,
09:00:00 01/09/2006,,,
09:00:00 02/09/2006,,,
09:00:00 03/09/2006,,,
09:00:00 04/09/2006,,,
09:00:00 05/09/2006,,,
09:00:00 06/09/2006,,,
09:00:00 07/09/2006,,,
09:00:00 08/09/2006,,,
09:00:00 09/09/2006,,,
09:00:00 10/09/2006,,,
09:00:00 11/09/2006,,,
09:00:00 12/09/2006,,,
09:00:00 13/09/2006,,,
09:00:00 14/09/2006,,,
09:00:00 15/09/2006,,,
09:00:00 16/09/2006,,,
09:00:00 17/09/2006,,,
09:00:00 18/09/2006,,,
09:00:00 19/09/2006,,,
09:00:00 20/09/2006,,,
09:00:00 21/09/2006,,,
09:00:00 22/09/2006,,,
09:00:00 23/09/2006,,,
09:00:00 24/09/2006,,,
09:00:00 25/09/2006,,,
09:00:00 26/09/2006,,,
09:00:00 27/09/2006,,,
09:00:00 28/09/2006,,,
09:00:00 29/09/2006,,,
09:00:00 30/09/2006,,,
09:00:00 01/10/2006,,,
09:00:00 02/10/2006,,,
09:00:00 03/10/2006,,,
09:00:00 04/10/2006,,,
09:00:00 05/10/2006,,,
09:00:00 06/10/2006,,,
09:00:00 07/10/2006,,,
09:00:00 08/10/2006,,,
09:00:00 09/10/2006,,,
09:00:00 10/10/2006,,,
09:00:00 11/10/2006,,,
09:00:00 12/10/2006,,,
09:00:00 13/10/2006,,,
09:00:00 14/10/2006,,,
09:00:00 15/10/2006,,,
09:00:00 16/10/2006,,,
09:00:00 17/10/2006,,,
09:00:00 18/10/2006,,,
09:00:00 19/10/2006,,,
09:00:00 20/10/2006,,,
09:00:00 21/10/2006,,,
09:00:00 22/10/2006,,,
09:00:00 23/10/2006,,,
09:00:00 24/10/2006,,,
09:00:00 25/10/2006,,,
09:00:00 26/10/2006,,,
09:00:00 27/10/2006,,,
09:00:00 28/10/2006,,,
09:00:00 29/10/2006,,,
09:00:00 30/10/2006,,,
09:00:00 31/10/2006,,,
09:00:00 01/11/2006,,,
09:00:00 02/11/2006,,,
09:00:00 03/11/2006,,,
09:00:00 04/11/2006,,,
09:00:00 05/11/2006,,,
09:00:00 06/11/2006,,,
09:00:00 07/11/2006,,,
09:00:00 08/11/2006,,,
09:00:00 09/11/2006,,,
09:00:00 10/11/2006,,,
09:00:00 11/11/2006,,,
09:00:00 12/11/2006,,,
09:00:00 13/11/2006,,,
09:00:00 14/11/2006,,,
09:00:00 15/11/2006,,,
09:00:00 16/11/2006,,,
09:00:00 17/11/2006,,,
09:00:00 18/11/2006,,,
09:00:00 19/11/2006,,,
09:00:00 20/11/2006,,,
09:00:00 21/11/2006,,,
09:00:00 22/11/2006,,,
09:00:00 23/11/2006,,,
09:00:00 24/11/2006,,,
09:00:00 25/11/2006,,,
09:00:00 26/11/2006,,,
09:00:00 27/11/2006,,,
09:00:00 28/11/2006,,,
09:00:00 29/11/2006,,,
09:00:00 30/11/2006,,,
09:00:00 01/12/2006,,,
09:00:00 02/12/2006,,,
09:00:00 03/12/2006,,,
09:00:00 04/12/2006,,,
09:00:00 05/12/2006,,,
09:00:00 06/12/2006,,,
09:00:00 07/12/2006,,,
09:00:00 08/12/2006,,,
09:00:00 09/12/2006,,,
09:00:00 10/12/2006,,,
09:00:00 11/12/2006,,,
09:00:00 12/12/2006,,,
09:00:00 13/12/2006,,,
09:00:00 14/12/2006,,,
09:00:00 15/12/2006,,,
09:00:00 16/12/2006,,,
09:00:00 17/12/2006,,,
09:00:00 18/12/2006,,,
09:00:00 19/12/2006,,,
09:00:00 20/12/2006,,,
09:00:00 21/12/2006,,,
09:00:00 22/12/2006,,,
09:00:00 23/12/2006,,,
09:00:00 24/12/2006,,,
09:00:00 25/12/2006,,,
09:00:00 26/12/2006,,,
09:00:00 27/12/2006,,,
09:00:00 28/12/2006,,,
09:00:00 29/12/2006,,,
09:00:00 30/12/2006,,,
09:00:00 31/12/2006,,,
09:00:00 01/01/2007,,,
09:00:00 02/01/2007,,,
09:00:00 03/01/2007,,,
09:00:00 04/01/2007,,,
09:00:00 05/01/2007,,,
09:00:00 06/01/2007,,,
09:00:00 07/01/2007,,,
09:00:00 08/01/2007,,,
09:00:00 09/01/2007,,,
09:00:00 10/01/2007,,,
09:00:00 11/01/2007,,,
09:00:00 12/01/2007,,,
09:00:00 13/01/2007,,,
09:00:00 14/01/2007,,,
09:00:00 15/01/2007,,,
09:00:00 16/01/2007,,,
09:00:00 17/01/2007,,,
09:00:00 18/01/2007,,,
09:00:00 19/01/2007,,,
09:00:00 20/01/2007,,,
09:00:00 21/01/2007,,,
09:00:00 22/01/2007,,,
09:00:00 23/01/2007,,,
09:00:00 24/01/2007,,,
09:00:00 25/01/2007,,,
09:00:00 26/01/2007,,,
09:00:00 27/01/2007,,,
09:00:00 28/01/2007,,,
09:00:00 29/01/2007,,,
09:00:00 30/01/2007,,,
09:00:00 31/01/2007,,,
09:00:00 01/02/2007,,,
09:00:00 02/02/2007,,,
09:00:00 03/02/2007,,,
09:00:00 04/02/2007,,,
09:00:00 05/02/2007,,,
09:00:00 06/02/2007,,,
09:00:00 07/02/2007,,,
09:00:00 08/02/2007,,,
09:00:00 09/02/2007,,,
09:00:00 10/02/2007,,,
09:00:00 11/02/2007,,,
09:00:00 12/02/2007,,,
09:00:00 13/02/2007,,,
09:00:00 14/02/2007,,,
09:00:00 15/02/2007,,,
09:00:00 16/02/2007,,,
09:00:00 17/02/2007,,,
09:00:00 18/02/2007,,,
09:00:00 19/02/2007,,,
09:00:00 20/02/2007,,,
09:00:00 21/02/2007,,,
09:00:00 22/02/2007,,,
09:00:00 23/02/2007,,,
09:00:00 24/02/2007,,,
09:00:00 25/02/2007,,,
09:00:00 26/02/2007,,,
09:00:00 27/02/2007,,,
09:00:00 28/02/2007,,,
09:00:00 01/03/2007,,,
09:00:00 02/03/2007,,,
09:00:00 03/03/2007,,,
09:00:00 04/03/2007,,,
09:00:00 05/03/2007,,,
09:00:00 06/03/2007,,,
09:00:00 07/03/2007,,,
09:00:00 08/03/2007,,,
09:00:00 09/03/2007,,,
09:00:00 10/03/2007,,,
09:00:00 11/03/2007,,,
09:00:00 12/03/2007,,,
09:00:00 13/03/2007,,,
09:00:00 14/03/2007,,,
09:00:00 15/03/2007,,,
09:00:00 16/03/2007,,,
09:00:00 17/03/2007,,,
09:00:00 18/03/2007,,,
09:00:00 19/03/2007,,,
09:00:00 20/03/2007,,,
09:00:00 21/03/2007,,,
09:00:00 22/03/2007,,,
09:00:00 23/03/2007,,,
09:00:00 24/03/2007,,,
09:00:00 25/03/2007,,,
09:00:00 26/03/2007,,,
09:00:00 27/03/2007,,,
09:00:00 28/03/2007,,,
09:00:00 29/03/2007,,,
09:00:00 30/03/2007,,,
09:00:00 31/03/2007,,,
09:00:00 01/04/2007,,,
09:00:00 02/04/2007,,,
09:00:00 03/04/2007,,,
09:00:00 04/04/2007,,,
09:00:00 05/04/2007,,,
09:00:00 06/04/2007,,,
09:00:00 07/04/2007,,,
09:00:00 08/04/2007,,,
09:00:00 09/04/2007,,,
09:00:00 10/04/2007,,,
09:00:00 11/04/2007,,,
09:00:00 12/04/2007,,,
09:00:00 13/04/2007,,,
09:00:00 14/04/2007,,,
09:00:00 15/04/2007,,,
09:00:00 16/04/2007,,,
09:00:00 17/04/2007,,,
09:00:00 18/04/2007,,,
09:00:00 19/04/2007,,,
09:00:00 20/04/2007,,,
09:00:00 21/04/2007,,,
09:00:00 22/04/2007,,,
09:00:00 23/04/2007,,,
09:00:00 24/04/2007,,,
09:00:00 25/04/2007,,,
09:00:00 26/04/2007,,,
09:00:00 27/04/2007,,,
09:00:00 28/04/2007,,,
09:00:00 29/04/2007,,,
09:00:00 30/04/2007,,,
09:00:00 01/05/2007,,,
09:00:00 02/05/2007,,,
09:00:00 03/05/2007,,,
09:00:00 04/05/2007,,,
09:00:00 05/05/2007,,,
09:00:00 06/05/2007,,,
09:00:00 07/05/2007,,,
09:00:00 08/05/2007,,,
09:00:00 09/05/2007,,,
09:00:00 10/05/2007,,,
09:00:00 11/05/2007,,,
09:00:00 12/05/2007,,,
09:00:00 13/05/2007,,,
09:00:00 14/05/2007,,,
09:00:00 15/05/2007,,,
09:00:00 16/05/2007,,,
09:00:00 17/05/2007,,,
09:00:00 18/05/2007,,,
09:00:00 19/05/2007,,,
09:00:00 20/05/2007,,,
09:00:00 21/05/2007,,,
09:00:00 22/05/2007,,,
09:00:00 23/05/2007,,,
09:00:00 24/05/2007,,,
09:00:00 25/05/2007,,,
09:00:00 26/05/2007,,,
09:00:00 27/05/2007,,,
09:00:00 28/05/2007,,,
09:00:00 29/05/2007,,,
09:00:00 30/05/2007,,,
09:00:00 31/05/2007,,,
09:00:00 01/06/2007,,,
09:00:00 02/06/2007,,,
09:00:00 03/06/2007,,,
09:00:00 04/06/2007,,,
09:00:00 05/06/2007,,,
09:00:00 06/06/2007,,,
09:00:00 07/06/2007,,,
09:00:00 08/06/2007,,,
09:00:00 09/06/2007,,,
09:00:00 10/06/2007,,,
09:00:00 11/06/2007,,,
09:00:00 12/06/2007,,,
09:00:00 13/06/2007,,,
09:00:00 14/06/2007,,,
09:00:00 15/06/2007,,,
09:00:00 16/06/2007,,,
09:00:00 17/06/2007,,,
09:00:00 18/06/2007,,,
09:00:00 19/06/2007,,,
09:00:00 20/06/2007,,,
09:00:00 21/06/2007,,,
09:00:00 22/06/2007,,,
09:00:00 23/06/2007,,,
09:00:00 24/06/2007,,,
09:00:00 25/06/2007,,,
09:00:00 26/06/2007,,,
09:00:00 27/06/2007,,,
09:00:00 28/06/2007,,,
09:00:00 29/06/2007,,,
09:00:00 30/06/2007,,,
09:00:00 01/07/2007,,,
09:00:00 02/07/2007,,,
09:00:00 03/07/2007,,,
09:00:00 04/07/2007,,,
09:00:00 05/07/2007,,,
09:00:00 06/07/2007,,,
09:00:00 07/07/2007,,,
09:00:00 08/07/2007,,,
09:00:00 09/07/2007,,,
09:00:00 10/07/2007,,,
09:00:00 11/07/2007,,,
09:00:00 12/07/2007,,,
09:00:00 13/07/2007,,,
09:00:00 14/07/2007,,,
09:00:00 15/07/2007,,,
09:00:00 16/07/2007,,,
09:00:00 17/07/2007,,,
09:00:00 18/07/2007,,,
09:00:00 19/07/2007,,,
09:00:00 20/07/2007,,,
09:00:00 21/07/2007,,,
09:00:00 22/07/2007,,,
09:00:00 23/07/2007,,,
09:00:00 24/07/2007,,,
09:00:00 25/07/2007,,,
09:00:00 26/07/2007,,,
09:00:00 27/07/2007,,,
09:00:00 28/07/2007,,,
09:00:00 29/07/2007,,,
09:00:00 30/07/2007,,,
09:00:00 31/07/2007,,,
09:00:00 01/08/2007,,,
09:00:00 02/08/2007,,,
09:00:00 03/08/2007,,,
09:00:00 04/08/2007,,,
09:00:00 05/08/2007,,,
09:00:00 06/08/2007,,,
09:00:00 07/08/2007,,,
09:00:00 08/08/2007,,,
09:00:00 09/08/2007,,,
09:00:00 10/08/2007,,,
09:00:00 11/08/2007,,,
09:00:00 12/08/2007,,,
09:00:00 13/08/2007,,,
09:00:00 14/08/2007,,,
09:00:00 15/08/2007,47.475,,
09:00:00 16/08/2007,47.46,,
09:00:00 17/08/2007,47.445,,
09:00:00 18/08/2007,47.44,,
09:00:00 19/08/2007,47.44,,
09:00:00 20/08/2007,47.44,,
09:00:00 21/08/2007,47.435,,
09:00:00 22/08/2007,47.42,,
09:00:00 23/08/2007,47.39,,
09:00:00 24/08/2007,47.365,,
09:00:00 25/08/2007,47.355,,
09:00:00 26/08/2007,47.345,,
09:00:00 27/08/2007,47.335,,
09:00:00 28/08/2007,47.32,,
09:00:00 29/08/2007,47.32,,
09:00:00 30/08/2007,47.34,,
09:00:00 31/08/2007,47.345,,
09:00:00 01/09/2007,47.345,,
09:00:00 02/09/2007,47.365,,
09:00:00 03/09/2007,47.38,,
09:00:00 04/09/2007,47.37,,
09:00:00 05/09/2007,47.355,,
09:00:00 06/09/2007,47.35,,
09:00:00 07/09/2007,47.365,,
09:00:00 08/09/2007,47.385,,
09:00:00 09/09/2007,47.39,,
09:00:00 10/09/2007,47.385,,
09:00:00 11/09/2007,47.375,,
09:00:00 12/09/2007,47.37,,
09:00:00 13/09/2007,47.37,,
09:00:00 14/09/2007,47.365,,
09:00:00 15/09/2007,47.355,,
09:00:00 16/09/2007,47.35,,
09:00:00 17/09/2007,47.345,,
09:00:00 18/09/2007,47.34,,
09:00:00 19/09/2007,47.34,,
09:00:00 20/09/2007,47.34,,
09:00:00 21/09/2007,47.35,,
09:00:00 22/09/2007,47.36,,
09:00:00 23/09/2007,47.355,,
09:00:00 24/09/2007,47.355,,
09:00:00 25/09/2007,47.36,,
09:00:00 26/09/2007,47.365,,
09:00:00 27/09/2007,47.37,,
09:00:00 28/09/2007,47.36,,
09:00:00 29/09/2007,47.355,,
09:00:00 30/09/2007,47.36,,
09:00:00 01/10/2007,47.355,,
09:00:00 02/10/2007,47.35,,
09:00:00 03/10/2007,47.35,,
09:00:00 04/10/2007,47.345,,
09:00:00 05/10/2007,47.33,,
09:00:00 06/10/2007,47.315,,
09:00:00 07/10/2007,47.295,,
09:00:00 08/10/2007,47.28,,
09:00:00 09/10/2007,47.28,,
09:00:00 10/10/2007,47.28,,
09:00:00 11/10/2007,47.28,,
09:00:00 12/10/2007,47.275,,
09:00:00 13/10/2007,47.27,,
09:00:00 14/10/2007,47.27,,
09:00:00 15/10/2007,47.275,,
09:00:00 16/10/2007,47.275,,
09:00:00 17/10/2007,47.265,,
09:00:00 18/10/2007,47.255,,
09:00:00 19/10/2007,47.23,,
09:00:00 20/10/2007,47.205,,
09:00:00 21/10/2007,47.195,,
09:00:00 22/10/2007,47.18,,
09:00:00 23/10/2007,47.165,,
09:00:00 24/10/2007,47.155,,
09:00:00 25/10/2007,47.155,,
09:00:00 26/10/2007,47.155,,
09:00:00 27/10/2007,47.155,,
09:00:00 28/10/2007,47.16,,
09:00:00 29/10/2007,47.16,,
09:00:00 30/10/2007,47.165,,
09:00:00 31/10/2007,47.17,,
09:00:00 01/11/2007,47.165,,
09:00:00 02/11/2007,47.15,,
09:00:00 03/11/2007,47.13,,
09:00:00 04/11/2007,47.11,,
09:00:00 05/11/2007,47.095,,
09:00:00 06/11/2007,47.095,,
09:00:00 07/11/2007,47.1,,
09:00:00 08/11/2007,47.1,,
09:00:00 09/11/2007,47.1,,
09:00:00 10/11/2007,47.1,,
09:00:00 11/11/2007,47.1,,
09:00:00 12/11/2007,47.105,,
09:00:00 13/11/2007,47.11,,
09:00:00 14/11/2007,47.115,,
09:00:00 15/11/2007,47.11,,
09:00:00 16/11/2007,47.1,,
09:00:00 17/11/2007,47.095,,
09:00:00 18/11/2007,47.09,,
09:00:00 19/11/2007,47.085,,
09:00:00 20/11/2007,47.085,,
09:00:00 21/11/2007,47.095,,
09:00:00 22/11/2007,47.105,,
09:00:00 23/11/2007,47.1,,
09:00:00 24/11/2007,47.09,,
09:00:00 25/11/2007,47.09,,
09:00:00 26/11/2007,47.09,,
09:00:00 27/11/2007,47.085,,
09:00:00 28/11/2007,47.07,,
09:00:00 29/11/2007,47.05,,
09:00:00 30/11/2007,47.04,,
09:00:00 01/12/2007,47.035,,
09:00:00 02/12/2007,47.02,,
09:00:00 03/12/2007,47.005,,
09:00:00 04/12/2007,47.0,,
09:00:00 05/12/2007,47.0,,
09:00:00 06/12/2007,46.995,,
09:00:00 07/12/2007,46.98,,
09:00:00 08/12/2007,46.965,,
09:00:00 09/12/2007,46.95,,
09:00:00 10/12/2007,46.94,,
09:00:00 11/12/2007,46.94,,
09:00:00 12/12/2007,46.94,,
09:00:00 13/12/2007,46.935,,
09:00:00 14/12/2007,46.93,,
09:00:00 15/12/2007,46.93,,
09:00:00 16/12/2007,46.93,,
09:00:00 17/12/2007,46.935,,
09:00:00 18/12/2007,46.93,,
09:00:00 19/12/2007,46.92,,
09:00:00 20/12/2007,46.91,,
09:00:00 21/12/2007,46.895,,
09:00:00 22/12/2007,46.915,,
09:00:00 23/12/2007,46.97,,
09:00:00 24/12/2007,47.015,,
09:00:00 25/12/2007,47.05,,
09:00:00 26/12/2007,47.075,,
09:00:00 27/12/2007,47.105,,
09:00:00 28/12/2007,47.15,,
09:00:00 29/12/2007,47.19,,
09:00:00 30/12/2007,47.215,,
09:00:00 31/12/2007,47.265,,
09:00:00 01/01/2008,47.33,,
09:00:00 02/01/2008,47.37,,
09:00:00 03/01/2008,47.4,,
09:00:00 04/01/2008,47.42,,
09:00:00 05/01/2008,47.435,,
09:00:00 06/01/2008,47.445,,
09:00:00 07/01/2008,47.445,,
09:00:00 08/01/2008,47.465,,
09:00:00 09/01/2008,47.485,,
09:00:00 10/01/2008,47.48,,
09:00:00 11/01/2008,47.49,,
09:00:00 12/01/2008,47.5,,
09:00:00 13/01/2008,47.5,,
09:00:00 14/01/2008,47.5,,
09:00:00 15/01/2008,47.5,,
09:00:00 16/01/2008,47.5,,
09:00:00 17/01/2008,47.505,,
09:00:00 18/01/2008,47.515,,
09:00:00 19/01/2008,47.53,,
09:00:00 20/01/2008,47.545,,
09:00:00 21/01/2008,47.555,,
09:00:00 22/01/2008,47.565,,
09:00:00 23/01/2008,47.57,,
09:00:00 24/01/2008,47.575,,
09:00:00 25/01/2008,47.58,,
09:00:00 26/01/2008,47.585,,
09:00:00 27/01/2008,47.59,,
09:00:00 28/01/2008,47.595,,
09:00:00 29/01/2008,47.6,,
09:00:00 30/01/2008,47.6,,
09:00:00 31/01/2008,47.6,,
09:00:00 01/02/2008,47.6,,
09:00:00 02/02/2008,47.6,,
09:00:00 03/02/2008,47.6,,
09:00:00 04/02/2008,47.6,,
09:00:00 05/02/2008,47.6,,
09:00:00 06/02/2008,47.6,,
09:00:00 07/02/2008,47.595,,
09:00:00 08/02/2008,47.59,,
09:00:00 09/02/2008,47.595,,
09:00:00 10/02/2008,47.6,,
09:00:00 11/02/2008,47.595,,
09:00:00 12/02/2008,47.585,,
09:00:00 13/02/2008,47.59,,
09:00:00 14/02/2008,47.6,,
09:00:00 15/02/2008,47.6,,
09:00:00 16/02/2008,47.6,,
09:00:00 17/02/2008,47.6,,
09:00:00 18/02/2008,47.6,,
09:00:00 19/02/2008,47.595,,
09:00:00 20/02/2008,47.595,,
09:00:00 21/02/2008,47.6,,
09:00:00 22/02/2008,47.6,,
09:00:00 23/02/2008,47.6,,
09:00:00 24/02/2008,47.6,,
09:00:00 25/02/2008,47.6,,
09:00:00 26/02/2008,47.59,,
09:00:00 27/02/2008,47.59,,
09:00:00 28/02/2008,47.6,,
09:00:00 29/02/2008,47.6,,
09:00:00 01/03/2008,47.6,,
09:00:00 02/03/2008,47.595,,
09:00:00 03/03/2008,47.585,,
09:00:00 04/03/2008,47.59,,
09:00:00 05/03/2008,47.6,,
09:00:00 06/03/2008,47.6,,
09:00:00 07/03/2008,47.6,,
09:00:00 08/03/2008,47.6,,
09:00:00 09/03/2008,47.6,,
09:00:00 10/03/2008,47.6,,
09:00:00 11/03/2008,47.595,,
09:00:00 12/03/2008,47.585,,
09:00:00 13/03/2008,47.585,,
09:00:00 14/03/2008,47.575,,
09:00:00 15/03/2008,47.55,,
09:00:00 16/03/2008,47.52,,
09:00:00 17/03/2008,47.49,,
09:00:00 18/03/2008,47.465,,
09:00:00 19/03/2008,47.425,,
09:00:00 20/03/2008,47.375,,
09:00:00 21/03/2008,47.345,,
09:00:00 22/03/2008,47.34,,
09:00:00 23/03/2008,47.34,,
09:00:00 24/03/2008,47.355,,
09:00:00 25/03/2008,47.375,,
09:00:00 26/03/2008,47.395,,
09:00:00 27/03/2008,47.43,,
09:00:00 28/03/2008,47.46,,
09:00:00 29/03/2008,47.485,,
09:00:00 30/03/2008,47.5,,
09:00:00 31/03/2008,47.51,,
09:00:00 01/04/2008,47.535,,
09:00:00 02/04/2008,47.555,,
09:00:00 03/04/2008,47.575,,
09:00:00 04/04/2008,47.595,,
09:00:00 05/04/2008,47.6,,
09:00:00 06/04/2008,47.6,,
09:00:00 07/04/2008,47.6,,
09:00:00 08/04/2008,47.595,,
09:00:00 09/04/2008,47.585,,
09:00:00 10/04/2008,47.575,,
09:00:00 11/04/2008,47.575,,
09:00:00 12/04/2008,47.58,,
09:00:00 13/04/2008,47.58,,
09:00:00 14/04/2008,47.58,,
09:00:00 15/04/2008,47.59,,
09:00:00 16/04/2008,47.6,,
09:00:00 17/04/2008,47.6,,
09:00:00 18/04/2008,47.595,,
09:00:00 19/04/2008,47.59,,
09:00:00 20/04/2008,47.595,,
09:00:00 21/04/2008,47.59,,
09:00:00 22/04/2008,47.58,,
09:00:00 23/04/2008,47.585,,
09:00:00 24/04/2008,47.595,,
09:00:00 25/04/2008,47.6,,
09:00:00 26/04/2008,47.6,,
09:00:00 27/04/2008,47.605,,
09:00:00 28/04/2008,47.61,,
09:00:00 29/04/2008,47.605,,
09:00:00 30/04/2008,47.605,,
09:00:00 01/05/2008,47.605,,
09:00:00 02/05/2008,47.6,,
09:00:00 03/05/2008,47.595,,
09:00:00 04/05/2008,47.59,,
09:00:00 05/05/2008,47.585,,
09:00:00 06/05/2008,47.58,,
09:00:00 07/05/2008,47.585,,
09:00:00 08/05/2008,47.595,,
09:00:00 09/05/2008,47.595,,
09:00:00 10/05/2008,47.59,,
09:00:00 11/05/2008,47.595,,
09:00:00 12/05/2008,47.595,,
09:00:00 13/05/2008,47.59,,
09:00:00 14/05/2008,47.595,,
09:00:00 15/05/2008,47.6,,
09:00:00 16/05/2008,47.6,,
09:00:00 17/05/2008,47.6,,
09:00:00 18/05/2008,47.6,,
09:00:00 19/05/2008,47.6,,
09:00:00 20/05/2008,47.6,,
09:00:00 21/05/2008,47.6,,
09:00:00 22/05/2008,47.6,,
09:00:00 23/05/2008,47.6,,
09:00:00 24/05/2008,47.595,,
09:00:00 25/05/2008,47.595,,
09:00:00 26/05/2008,47.605,,
09:00:00 27/05/2008,47.61,,
09:00:00 28/05/2008,47.61,,
09:00:00 29/05/2008,47.605,,
09:00:00 30/05/2008,47.6,,
09:00:00 31/05/2008,47.6,,
09:00:00 01/06/2008,47.595,,
09:00:00 02/06/2008,47.595,,
09:00:00 03/06/2008,47.6,,
09:00:00 04/06/2008,47.6,,
09:00:00 05/06/2008,47.6,,
09:00:00 06/06/2008,47.6,,
09:00:00 07/06/2008,47.6,,
09:00:00 08/06/2008,47.595,,
09:00:00 09/06/2008,47.59,,
09:00:00 10/06/2008,47.59,,
09:00:00 11/06/2008,47.59,,
09:00:00 12/06/2008,47.59,,
09:00:00 13/06/2008,47.585,,
09:00:00 14/06/2008,47.58,,
09:00:00 15/06/2008,47.59,,
09:00:00 16/06/2008,47.605,,
09:00:00 17/06/2008,47.605,,
09:00:00 18/06/2008,47.6,,
09:00:00 19/06/2008,47.6,,
09:00:00 20/06/2008,47.585,,
09:00:00 21/06/2008,47.56,,
09:00:00 22/06/2008,47.54,,
09:00:00 23/06/2008,47.525,,
09:00:00 24/06/2008,47.52,,
09:00:00 25/06/2008,47.52,,
09:00:00 26/06/2008,47.52,,
09:00:00 27/06/2008,47.52,,
09:00:00 28/06/2008,47.515,,
09:00:00 29/06/2008,47.51,,
09:00:00 30/06/2008,47.505,,
09:00:00 01/07/2008,47.495,,
09:00:00 02/07/2008,47.5,,
09:00:00 03/07/2008,47.525,,
09:00:00 04/07/2008,47.54,,
09:00:00 05/07/2008,47.535,,
09:00:00 06/07/2008,47.52,,
09:00:00 07/07/2008,47.505,,
09:00:00 08/07/2008,47.51,,
09:00:00 09/07/2008,47.52,,
09:00:00 10/07/2008,47.53,,
09:00:00 11/07/2008,47.55,,
09:00:00 12/07/2008,47.57,,
09:00:00 13/07/2008,47.58,,
09:00:00 14/07/2008,47.575,,
09:00:00 15/07/2008,47.565,,
09:00:00 16/07/2008,47.565,,
09:00:00 17/07/2008,47.57,,
09:00:00 18/07/2008,47.565,,
09:00:00 19/07/2008,47.565,,
09:00:00 20/07/2008,47.575,,
09:00:00 21/07/2008,47.58,,
09:00:00 22/07/2008,47.585,,
09:00:00 23/07/2008,47.585,,
09:00:00 24/07/2008,47.58,,
09:00:00 25/07/2008,47.58,,
09:00:00 26/07/2008,47.58,,
09:00:00 27/07/2008,47.58,,
09:00:00 28/07/2008,47.575,,
09:00:00 29/07/2008,47.57,,
09:00:00 30/07/2008,47.57,,
09:00:00 31/07/2008,47.57,,
09:00:00 01/08/2008,47.565,,
09:00:00 02/08/2008,47.56,,
09:00:00 03/08/2008,47.56,,
09:00:00 04/08/2008,47.56,,
09:00:00 05/08/2008,47.56,,
09:00:00 06/08/2008,47.56,,
09:00:00 07/08/2008,47.56,,
09:00:00 08/08/2008,47.565,,
09:00:00 09/08/2008,47.57,,
09:00:00 10/08/2008,47.57,,
09:00:00 11/08/2008,47.575,,
09:00:00 12/08/2008,47.585,,
09:00:00 13/08/2008,47.59,,
09:00:00 14/08/2008,47.59,,
09:00:00 15/08/2008,47.59,,
09:00:00 16/08/2008,47.595,,
09:00:00 17/08/2008,47.6,,
09:00:00 18/08/2008,47.605,,
09:00:00 19/08/2008,47.61,,
09:00:00 20/08/2008,47.61,,
09:00:00 21/08/2008,47.6,,
09:00:00 22/08/2008,47.59,,
09:00:00 23/08/2008,47.58,,
09:00:00 24/08/2008,47.565,,
09:00:00 25/08/2008,47.56,,
09:00:00 26/08/2008,47.56,,
09:00:00 27/08/2008,47.56,,
09:00:00 28/08/2008,47.565,,
09:00:00 29/08/2008,47.575,,
09:00:00 30/08/2008,47.585,,
09:00:00 31/08/2008,47.595,,
09:00:00 01/09/2008,47.6,,
09:00:00 02/09/2008,47.6,,
09:00:00 03/09/2008,47.6,,
09:00:00 04/09/2008,47.6,,
09:00:00 05/09/2008,47.6,,
09:00:00 06/09/2008,47.6,,
09:00:00 07/09/2008,47.6,,
09:00:00 08/09/2008,47.59,,
09:00:00 09/09/2008,47.59,,
09:00:00 10/09/2008,47.6,,
09:00:00 11/09/2008,47.6,,
09:00:00 12/09/2008,47.6,,
09:00:00 13/09/2008,47.595,,
09:00:00 14/09/2008,47.585,,
09:00:00 15/09/2008,47.575,,
09:00:00 16/09/2008,47.575,,
09:00:00 17/09/2008,47.585,,
09:00:00 18/09/2008,47.59,,
09:00:00 19/09/2008,47.59,,
09:00:00 20/09/2008,47.595,,
09:00:00 21/09/2008,47.59,,
09:00:00 22/09/2008,47.58,,
09:00:00 23/09/2008,47.59,,
09:00:00 24/09/2008,47.6,,
09:00:00 25/09/2008,47.595,,
09:00:00 26/09/2008,47.585,,
09:00:00 27/09/2008,47.59,,
09:00:00 28/09/2008,47.6,,
09:00:00 29/09/2008,47.6,,
09:00:00 30/09/2008,47.605,,
09:00:00 01/10/2008,47.61,,
09:00:00 02/10/2008,47.61,,
09:00:00 03/10/2008,47.605,,
09:00:00 04/10/2008,47.6,,
09:00:00 05/10/2008,47.6,,
09:00:00 06/10/2008,47.6,,
09:00:00 07/10/2008,47.605,,
09:00:00 08/10/2008,47.61,,
09:00:00 09/10/2008,47.605,,
09:00:00 10/10/2008,47.6,,
09:00:00 11/10/2008,47.6,,
09:00:00 12/10/2008,47.595,,
09:00:00 13/10/2008,47.59,,
09:00:00 14/10/2008,47.59,,
09:00:00 15/10/2008,47.595,,
09:00:00 16/10/2008,47.6,,
09:00:00 17/10/2008,47.6,,
09:00:00 18/10/2008,47.6,,
09:00:00 19/10/2008,47.595,,
09:00:00 20/10/2008,47.58,,
09:00:00 21/10/2008,47.57,,
09:00:00 22/10/2008,47.58,,
09:00:00 23/10/2008,47.595,,
09:00:00 24/10/2008,47.6,,
09:00:00 25/10/2008,47.6,,
09:00:00 26/10/2008,47.6,,
09:00:00 27/10/2008,47.6,,
09:00:00 28/10/2008,47.6,,
09:00:00 29/10/2008,47.605,,
09:00:00 30/10/2008,47.605,,
09:00:00 31/10/2008,47.6,,
09:00:00 01/11/2008,47.6,,
09:00:00 02/11/2008,47.6,,
09:00:00 03/11/2008,47.605,,
09:00:00 04/11/2008,47.61,,
09:00:00 05/11/2008,47.605,,
09:00:00 06/11/2008,47.6,,
09:00:00 07/11/2008,47.6,,
09:00:00 08/11/2008,47.61,,
09:00:00 09/11/2008,47.62,,
09:00:00 10/11/2008,47.61,,
09:00:00 11/11/2008,47.6,,
09:00:00 12/11/2008,47.6,,
09:00:00 13/11/2008,47.605,,
09:00:00 14/11/2008,47.61,,
09:00:00 15/11/2008,47.61,,
09:00:00 16/11/2008,47.61,,
09:00:00 17/11/2008,47.61,,
09:00:00 18/11/2008,47.615,,
09:00:00 19/11/2008,47.61,,
09:00:00 20/11/2008,47.6,,
09:00:00 21/11/2008,47.6,,
09:00:00 22/11/2008,47.605,,
09:00:00 23/11/2008,47.61,,
09:00:00 24/11/2008,47.61,,
09:00:00 25/11/2008,47.615,,
09:00:00 26/11/2008,47.61,,
09:00:00 27/11/2008,47.6,,
09:00:00 28/11/2008,47.6,,
09:00:00 29/11/2008,47.6,,
09:00:00 30/11/2008,47.6,,
09:00:00 01/12/2008,47.6,,
09:00:00 02/12/2008,47.6,,
09:00:00 03/12/2008,47.6,,
09:00:00 04/12/2008,47.605,,
09:00:00 05/12/2008,47.61,,
09:00:00 06/12/2008,47.605,,
09:00:00 07/12/2008,47.595,,
09:00:00 08/12/2008,47.59,,
09:00:00 09/12/2008,47.59,,
09:00:00 10/12/2008,47.59,,
09:00:00 11/12/2008,47.59,,
09:00:00 12/12/2008,47.595,,
09:00:00 13/12/2008,47.605,,
09:00:00 14/12/2008,47.615,,
09:00:00 15/12/2008,47.62,,
09:00:00 16/12/2008,47.61,,
09:00:00 17/12/2008,47.6,,
09:00:00 18/12/2008,47.6,,
09:00:00 19/12/2008,47.6,,
09:00:00 20/12/2008,47.6,,
09:00:00 21/12/2008,47.595,,
09:00:00 22/12/2008,47.59,,
09:00:00 23/12/2008,47.59,,
09:00:00 24/12/2008,47.59,,
09:00:00 25/12/2008,47.59,,
09:00:00 26/12/2008,47.59,,
09:00:00 27/12/2008,47.59,,
09:00:00 28/12/2008,47.59,,
09:00:00 29/12/2008,47.59,,
09:00:00 30/12/2008,47.59,,
09:00:00 31/12/2008,47.595,,
09:00:00 01/01/2009,47.6,,
09:00:00 02/01/2009,47.6,,
09:00:00 03/01/2009,47.595,,
09:00:00 04/01/2009,47.585,,
09:00:00 05/01/2009,47.575,,
09:00:00 06/01/2009,47.58,,
09:00:00 07/01/2009,47.595,,
09:00:00 08/01/2009,47.6,,
09:00:00 09/01/2009,47.6,,
09:00:00 10/01/2009,47.595,,
09:00:00 11/01/2009,47.585,,
09:00:00 12/01/2009,47.575,,
09:00:00 13/01/2009,47.585,,
09:00:00 14/01/2009,47.6,,
09:00:00 15/01/2009,47.6,,
09:00:00 16/01/2009,47.6,,
09:00:00 17/01/2009,47.6,,
09:00:00 18/01/2009,47.6,,
09:00:00 19/01/2009,47.595,,
09:00:00 20/01/2009,47.595,,
09:00:00 21/01/2009,47.6,,
09:00:00 22/01/2009,47.6,,
09:00:00 23/01/2009,47.6,,
09:00:00 24/01/2009,47.6,,
09:00:00 25/01/2009,47.595,,
09:00:00 26/01/2009,47.59,,
09:00:00 27/01/2009,47.59,,
09:00:00 28/01/2009,47.59,,
09:00:00 29/01/2009,47.565,,
09:00:00 30/01/2009,47.52,,
09:00:00 31/01/2009,47.48,,
09:00:00 01/02/2009,47.455,,
09:00:00 02/02/2009,47.45,,
09:00:00 03/02/2009,47.45,,
09:00:00 04/02/2009,47.455,,
09:00:00 05/02/2009,47.465,,
09:00:00 06/02/2009,47.485,,
09:00:00 07/02/2009,47.5,,
09:00:00 08/02/2009,47.505,,
09:00:00 09/02/2009,47.51,,
09:00:00 10/02/2009,47.515,,
09:00:00 11/02/2009,47.53,,
09:00:00 12/02/2009,47.55,,
09:00:00 13/02/2009,47.57,,
09:00:00 14/02/2009,47.59,,
09:00:00 15/02/2009,47.6,,
09:00:00 16/02/2009,47.6,,
09:00:00 17/02/2009,47.61,,
09:00:00 18/02/2009,47.61,,
09:00:00 19/02/2009,47.6,,
09:00:00 20/02/2009,47.6,,
09:00:00 21/02/2009,47.6,,
09:00:00 22/02/2009,47.6,,
09:00:00 23/02/2009,47.6,,
09:00:00 24/02/2009,47.605,,
09:00:00 25/02/2009,47.61,,
09:00:00 26/02/2009,47.615,,
09:00:00 27/02/2009,47.62,,
09:00:00 28/02/2009,47.615,,
09:00:00 01/03/2009,47.61,,
09:00:00 02/03/2009,47.605,,
09:00:00 03/03/2009,47.605,,
09:00:00 04/03/2009,47.6,,
09:00:00 05/03/2009,47.585,,
09:00:00 06/03/2009,47.58,,
09:00:00 07/03/2009,47.58,,
09:00:00 08/03/2009,47.58,,
09:00:00 09/03/2009,47.59,,
09:00:00 10/03/2009,47.6,,
09:00:00 11/03/2009,47.605,,
09:00:00 12/03/2009,47.605,,
09:00:00 13/03/2009,47.6,,
09:00:00 14/03/2009,47.6,,
09:00:00 15/03/2009,47.6,,
09:00:00 16/03/2009,47.6,,
09:00:00 17/03/2009,47.6,,
09:00:00 18/03/2009,47.6,,
09:00:00 19/03/2009,47.6,,
09:00:00 20/03/2009,47.6,,
09:00:00 21/03/2009,47.6,,
09:00:00 22/03/2009,47.595,,
09:00:00 23/03/2009,47.585,,
09:00:00 24/03/2009,47.59,,
09:00:00 25/03/2009,47.6,,
09:00:00 26/03/2009,47.6,,
09:00:00 27/03/2009,47.595,,
09:00:00 28/03/2009,47.59,,
09:00:00 29/03/2009,47.585,,
09:00:00 30/03/2009,47.58,,
09:00:00 31/03/2009,47.585,,
09:00:00 01/04/2009,47.595,,
09:00:00 02/04/2009,47.6,,
09:00:00 03/04/2009,47.6,,
09:00:00 04/04/2009,47.6,,
09:00:00 05/04/2009,47.6,,
09:00:00 06/04/2009,47.595,,
09:00:00 07/04/2009,47.59,,
09:00:00 08/04/2009,47.595,,
09:00:00 09/04/2009,47.595,,
09:00:00 10/04/2009,47.59,,
09:00:00 11/04/2009,47.59,,
09:00:00 12/04/2009,47.59,,
09:00:00 13/04/2009,47.585,,
09:00:00 14/04/2009,47.59,,
09:00:00 15/04/2009,47.6,,
09:00:00 16/04/2009,47.6,,
09:00:00 17/04/2009,47.605,,
09:00:00 18/04/2009,47.605,,
09:00:00 19/04/2009,47.6,,
09:00:00 20/04/2009,47.605,,
09:00:00 21/04/2009,47.61,,
09:00:00 22/04/2009,47.605,,
09:00:00 23/04/2009,47.6,,
09:00:00 24/04/2009,47.6,,
09:00:00 25/04/2009,47.605,,
09:00:00 26/04/2009,47.61,,
09:00:00 27/04/2009,47.61,,
09:00:00 28/04/2009,47.605,,
09:00:00 29/04/2009,47.6,,
09:00:00 30/04/2009,47.6,,
09:00:00 01/05/2009,47.6,,
09:00:00 02/05/2009,47.595,,
09:00:00 03/05/2009,47.59,,
09:00:00 04/05/2009,47.59,,
09:00:00 05/05/2009,47.595,,
09:00:00 06/05/2009,47.6,,
09:00:00 07/05/2009,47.6,,
09:00:00 08/05/2009,47.6,,
09:00:00 09/05/2009,47.595,,
09:00:00 10/05/2009,47.59,,
09:00:00 11/05/2009,47.585,,
09:00:00 12/05/2009,47.585,,
09:00:00 13/05/2009,47.595,,
09:00:00 14/05/2009,47.6,,
09:00:00 15/05/2009,47.595,,
09:00:00 16/05/2009,47.59,,
09:00:00 17/05/2009,47.595,,
09:00:00 18/05/2009,47.6,,
09:00:00 19/05/2009,47.6,,
09:00:00 20/05/2009,47.6,,
09:00:00 21/05/2009,47.6,,
09:00:00 22/05/2009,47.6,,
09:00:00 23/05/2009,47.6,,
09:00:00 24/05/2009,47.6,,
09:00:00 25/05/2009,47.605,,
09:00:00 26/05/2009,47.61,,
09:00:00 27/05/2009,47.61,,
09:00:00 28/05/2009,47.605,,
09:00:00 29/05/2009,47.595,,
09:00:00 30/05/2009,47.59,,
09:00:00 31/05/2009,47.59,,
09:00:00 01/06/2009,47.595,,
09:00:00 02/06/2009,47.59,,
09:00:00 03/06/2009,47.58,,
09:00:00 04/06/2009,47.58,,
09:00:00 05/06/2009,47.585,,
09:00:00 06/06/2009,47.595,,
09:00:00 07/06/2009,47.6,,
09:00:00 08/06/2009,47.6,,
09:00:00 09/06/2009,47.6,,
09:00:00 10/06/2009,47.6,,
09:00:00 11/06/2009,47.6,,
09:00:00 12/06/2009,47.595,,
09:00:00 13/06/2009,47.6,,
09:00:00 14/06/2009,47.61,,
09:00:00 15/06/2009,47.61,,
09:00:00 16/06/2009,47.61,,
09:00:00 17/06/2009,47.605,,
09:00:00 18/06/2009,47.6,,
09:00:00 19/06/2009,47.6,,
09:00:00 20/06/2009,47.6,,
09:00:00 21/06/2009,47.595,,
09:00:00 22/06/2009,47.595,,
09:00:00 23/06/2009,47.6,,
09:00:00 24/06/2009,47.6,,
09:00:00 25/06/2009,47.6,,
09:00:00 26/06/2009,47.605,,
09:00:00 27/06/2009,47.61,,
09:00:00 28/06/2009,47.61,,
09:00:00 29/06/2009,47.61,,
09:00:00 30/06/2009,47.61,,
09:00:00 01/07/2009,47.61,,
09:00:00 02/07/2009,47.61,,
09:00:00 03/07/2009,47.61,,
09:00:00 04/07/2009,47.61,,
09:00:00 05/07/2009,47.605,,
09:00:00 06/07/2009,47.6,,
09:00:00 07/07/2009,47.61,,
09:00:00 08/07/2009,47.62,,
09:00:00 09/07/2009,47.61,,
09:00:00 10/07/2009,47.595,,
09:00:00 11/07/2009,47.585,,
09:00:00 12/07/2009,47.58,,
09:00:00 13/07/2009,47.58,,
09:00:00 14/07/2009,47.575,,
09:00:00 15/07/2009,47.57,,
09:00:00 16/07/2009,47.57,,
09:00:00 17/07/2009,47.575,,
09:00:00 18/07/2009,47.585,,
09:00:00 19/07/2009,47.6,,
09:00:00 20/07/2009,47.605,,
09:00:00 21/07/2009,47.6,,
09:00:00 22/07/2009,47.595,,
09:00:00 23/07/2009,47.6,,
09:00:00 24/07/2009,47.615,,
09:00:00 25/07/2009,47.62,,
09:00:00 26/07/2009,47.61,,
09:00:00 27/07/2009,47.595,,
09:00:00 28/07/2009,47.6,,
09:00:00 29/07/2009,47.61,,
09:00:00 30/07/2009,47.61,,
09:00:00 31/07/2009,47.61,,
09:00:00 01/08/2009,47.61,,
09:00:00 02/08/2009,47.61,,
09:00:00 03/08/2009,47.61,,
09:00:00 04/08/2009,47.615,,
09:00:00 05/08/2009,47.615,,
09:00:00 06/08/2009,47.605,,
09:00:00 07/08/2009,47.6,,
09:00:00 08/08/2009,47.6,,
09:00:00 09/08/2009,47.6,,
09:00:00 10/08/2009,47.595,,
09:00:00 11/08/2009,47.59,,
09:00:00 12/08/2009,47.59,,
09:00:00 13/08/2009,47.59,,
09:00:00 14/08/2009,47.59,,
09:00:00 15/08/2009,47.585,,
09:00:00 16/08/2009,47.575,,
09:00:00 17/08/2009,47.57,,
09:00:00 18/08/2009,47.575,,
09:00:00 19/08/2009,47.59,,
09:00:00 20/08/2009,47.605,,
09:00:00 21/08/2009,47.61,,
09:00:00 22/08/2009,47.615,,
09:00:00 23/08/2009,47.615,,
09:00:00 24/08/2009,47.61,,
09:00:00 25/08/2009,47.61,,
09:00:00 26/08/2009,47.61,,
09:00:00 27/08/2009,47.61,,
09:00:00 28/08/2009,47.61,,
09:00:00 29/08/2009,47.61,,
09:00:00 30/08/2009,47.61,,
09:00:00 31/08/2009,47.615,,
09:00:00 01/09/2009,47.62,,
09:00:00 02/09/2009,47.61,,
09:00:00 03/09/2009,47.6,,
09:00:00 04/09/2009,47.595,,
09:00:00 05/09/2009,47.59,,
09:00:00 06/09/2009,47.59,,
09:00:00 07/09/2009,47.59,,
09:00:00 08/09/2009,47.585,,
09:00:00 09/09/2009,47.585,,
09:00:00 10/09/2009,47.595,,
09:00:00 11/09/2009,47.59,,
09:00:00 12/09/2009,47.58,,
09:00:00 13/09/2009,47.58,,
09:00:00 14/09/2009,47.585,,
09:00:00 15/09/2009,47.595,,
09:00:00 16/09/2009,47.595,,
09:00:00 17/09/2009,47.585,,
09:00:00 18/09/2009,47.59,,
09:00:00 19/09/2009,47.6,,
09:00:00 20/09/2009,47.585,,
09:00:00 21/09/2009,47.58,,
09:00:00 22/09/2009,47.6,,
09:00:00 23/09/2009,47.635,,
09:00:00 24/09/2009,47.655,,
09:00:00 25/09/2009,47.625,,
09:00:00 26/09/2009,47.59,,
09:00:00 27/09/2009,47.58,,
09:00:00 28/09/2009,47.58,,
09:00:00 29/09/2009,47.58,,
09:00:00 30/09/2009,47.585,,
09:00:00 01/10/2009,47.59,,
09:00:00 02/10/2009,47.572,,
09:00:00 03/10/2009,47.547,,
09:00:00 04/10/2009,47.54,,
09:00:00 05/10/2009,47.54,,
09:00:00 06/10/2009,47.545,,
09:00:00 07/10/2009,47.555,,
09:00:00 08/10/2009,47.565,,
09:00:00 09/10/2009,47.575,,
09:00:00 10/10/2009,47.585,,
09:00:00 11/10/2009,47.595,,
09:00:00 12/10/2009,47.595,,
09:00:00 13/10/2009,47.595,,
09:00:00 14/10/2009,47.61,,
09:00:00 15/10/2009,47.59,,
09:00:00 16/10/2009,47.525,,
09:00:00 17/10/2009,47.485,,
09:00:00 18/10/2009,47.48,,
09:00:00 19/10/2009,47.475,,
09:00:00 20/10/2009,47.465,,
09:00:00 21/10/2009,47.47,,
09:00:00 22/10/2009,47.5,,
09:00:00 23/10/2009,47.51,,
09:00:00 24/10/2009,47.51,,
09:00:00 25/10/2009,47.515,,
09:00:00 26/10/2009,47.495,,
09:00:00 27/10/2009,47.495,,
09:00:00 28/10/2009,47.51,,
09:00:00 29/10/2009,47.505,,
09:00:00 30/10/2009,47.515,,
09:00:00 31/10/2009,47.53,,
09:00:00 01/11/2009,47.53,,
09:00:00 02/11/2009,47.525,,
09:00:00 03/11/2009,47.51,,
09:00:00 04/11/2009,47.5,,
09:00:00 05/11/2009,47.51,,
09:00:00 06/11/2009,47.52,,
09:00:00 07/11/2009,47.52,,
09:00:00 08/11/2009,47.53,,
09:00:00 09/11/2009,47.545,,
09:00:00 10/11/2009,47.55,,
09:00:00 11/11/2009,47.545,,
09:00:00 12/11/2009,47.55,,
09:00:00 13/11/2009,47.56,,
09:00:00 14/11/2009,47.56,,
09:00:00 15/11/2009,47.56,,
09:00:00 16/11/2009,47.57,,
09:00:00 17/11/2009,47.585,,
09:00:00 18/11/2009,47.595,,
09:00:00 19/11/2009,47.59,,
09:00:00 20/11/2009,47.58,,
09:00:00 21/11/2009,47.565,,
09:00:00 22/11/2009,47.56,,
09:00:00 23/11/2009,47.55,,
09:00:00 24/11/2009,47.525,,
09:00:00 25/11/2009,47.52,,
09:00:00 26/11/2009,47.53,,
09:00:00 27/11/2009,47.545,,
09:00:00 28/11/2009,47.545,,
09:00:00 29/11/2009,47.535,,
09:00:00 30/11/2009,47.535,,
09:00:00 01/12/2009,47.55,,
09:00:00 02/12/2009,47.56,,
09:00:00 03/12/2009,47.565,,
09:00:00 04/12/2009,47.57,,
09:00:00 05/12/2009,47.575,,
09:00:00 06/12/2009,47.585,,
09:00:00 07/12/2009,47.59,,
09:00:00 08/12/2009,47.59,,
09:00:00 09/12/2009,47.595,,
09:00:00 10/12/2009,47.6,,
09:00:00 11/12/2009,47.6,,
09:00:00 12/12/2009,47.6,,
09:00:00 13/12/2009,47.595,,
09:00:00 14/12/2009,47.585,,
09:00:00 15/12/2009,47.59,,
09:00:00 16/12/2009,47.6,,
09:00:00 17/12/2009,47.6,,
09:00:00 18/12/2009,47.6,,
09:00:00 19/12/2009,47.6,,
09:00:00 20/12/2009,47.6,,
09:00:00 21/12/2009,47.6,,
09:00:00 22/12/2009,47.6,,
09:00:00 23/12/2009,47.6,,
09:00:00 24/12/2009,47.6,,
09:00:00 25/12/2009,47.6,,
09:00:00 26/12/2009,47.6,,
09:00:00 27/12/2009,47.595,,
09:00:00 28/12/2009,47.59,,
09:00:00 29/12/2009,47.59,,
09:00:00 30/12/2009,47.585,,
09:00:00 31/12/2009,47.59,,
09:00:00 01/01/2010,47.6,,
09:00:00 02/01/2010,47.605,,
09:00:00 03/01/2010,47.61,,0.0
09:00:00 04/01/2010,47.61,,0.0
09:00:00 05/01/2010,47.615,,0.0
09:00:00 06/01/2010,47.62,,0.0
09:00:00 07/01/2010,47.62,,0.0
09:00:00 08/01/2010,47.615,,0.0
09:00:00 09/01/2010,47.61,,0.0
09:00:00 10/01/2010,47.605,,0.0
09:00:00 11/01/2010,47.6,,0.0
09:00:00 12/01/2010,47.6,,0.0
09:00:00 13/01/2010,47.6,,3.9
09:00:00 14/01/2010,47.6,,0.0
09:00:00 15/01/2010,47.6,,0.0
09:00:00 16/01/2010,47.605,,0.0
09:00:00 17/01/2010,47.61,,0.0
09:00:00 18/01/2010,47.61,,0.0
09:00:00 19/01/2010,47.605,,0.0
09:00:00 20/01/2010,47.6,,0.0
09:00:00 21/01/2010,47.595,,0.0
09:00:00 22/01/2010,47.6,,0.0
09:00:00 23/01/2010,47.61,,0.0
09:00:00 24/01/2010,47.605,,0.0
09:00:00 25/01/2010,47.6,,0.0
09:00:00 26/01/2010,47.6,,0.0
09:00:00 27/01/2010,47.595,,0.0
09:00:00 28/01/2010,47.59,,0.0
09:00:00 29/01/2010,47.595,,0.0
09:00:00 30/01/2010,47.595,,0.0
09:00:00 31/01/2010,47.58,,0.0
09:00:00 01/02/2010,47.585,,0.1
09:00:00 02/02/2010,47.6,,0.8
09:00:00 03/02/2010,47.6,,0.0
09:00:00 04/02/2010,47.595,,12.3
09:00:00 05/02/2010,47.585,,4.5
09:00:00 06/02/2010,47.59,,0.0
09:00:00 07/02/2010,47.605,,0.0
09:00:00 08/02/2010,47.605,,0.0
09:00:00 09/02/2010,47.6,,0.0
09:00:00 10/02/2010,47.6,,0.0
09:00:00 11/02/2010,47.595,,0.0
09:00:00 12/02/2010,47.59,,2.0
09:00:00 13/02/2010,47.59,,0.0
09:00:00 14/02/2010,47.59,,0.0
09:00:00 15/02/2010,47.595,,0.0
09:00:00 16/02/2010,47.605,,0.0
09:00:00 17/02/2010,47.595,,0.0
09:00:00 18/02/2010,47.58,,0.0
09:00:00 19/02/2010,47.585,,0.0
09:00:00 20/02/2010,47.585,,0.0
09:00:00 21/02/2010,47.58,,0.0
09:00:00 22/02/2010,47.59,,9.4
09:00:00 23/02/2010,47.6,,0.0
09:00:00 24/02/2010,47.6,,0.0
09:00:00 25/02/2010,47.595,,0.0
09:00:00 26/02/2010,47.59,,0.0
09:00:00 27/02/2010,47.59,,0.0
09:00:00 28/02/2010,47.585,,0.0
09:00:00 01/03/2010,47.58,,0.0
09:00:00 02/03/2010,47.59,,0.0
09:00:00 03/03/2010,47.6,,0.0
09:00:00 04/03/2010,47.6,,0.0
09:00:00 05/03/2010,47.61,,25.1
09:00:00 06/03/2010,47.62,,0.0
09:00:00 07/03/2010,47.625,,15.3
09:00:00 08/03/2010,47.63,,7.0
09:00:00 09/03/2010,47.625,,0.7
09:00:00 10/03/2010,47.615,,0.0
09:00:00 11/03/2010,47.61,,0.0
09:00:00 12/03/2010,47.605,,0.0
09:00:00 13/03/2010,47.6,,0.0
09:00:00 14/03/2010,47.6,,0.0
09:00:00 15/03/2010,47.6,,0.0
09:00:00 16/03/2010,47.6,,0.0
09:00:00 17/03/2010,47.595,,0.0
09:00:00 18/03/2010,47.59,,0.0
09:00:00 19/03/2010,47.595,,0.0
09:00:00 20/03/2010,47.59,,0.0
09:00:00 21/03/2010,47.58,,0.0
09:00:00 22/03/2010,47.58,,0.0
09:00:00 23/03/2010,47.58,,0.0
09:00:00 24/03/2010,47.59,,0.0
09:00:00 25/03/2010,47.6,,0.0
09:00:00 26/03/2010,47.59,,0.0
09:00:00 27/03/2010,47.59,,0.0
09:00:00 28/03/2010,47.595,,0.0
09:00:00 29/03/2010,47.575,,8.2
09:00:00 30/03/2010,47.57,,0.0
09:00:00 31/03/2010,47.595,,0.0
09:00:00 01/04/2010,47.61,,0.0
09:00:00 02/04/2010,47.61,,0.0
09:00:00 03/04/2010,47.61,,0.0
09:00:00 04/04/2010,47.61,,0.0
09:00:00 05/04/2010,47.61,,0.0
09:00:00 06/04/2010,47.605,,0.0
09:00:00 07/04/2010,47.61,,26.0
09:00:00 08/04/2010,47.615,,0.0
09:00:00 09/04/2010,47.61,,0.0
09:00:00 10/04/2010,47.61,,4.7
09:00:00 11/04/2010,47.61,,0.0
09:00:00 12/04/2010,47.605,,0.1
09:00:00 13/04/2010,47.6,,0.0
09:00:00 14/04/2010,47.6,,0.0
09:00:00 15/04/2010,47.6,,0.0
09:00:00 16/04/2010,47.6,,0.0
09:00:00 17/04/2010,47.6,,0.0
09:00:00 18/04/2010,47.6,,0.0
09:00:00 19/04/2010,47.6,,0.0
09:00:00 20/04/2010,47.6,,0.0
09:00:00 21/04/2010,47.6,,3.1
09:00:00 22/04/2010,47.595,,0.1
09:00:00 23/04/2010,47.595,,0.0
09:00:00 24/04/2010,47.595,,3.9
09:00:00 25/04/2010,47.59,,4.2
09:00:00 26/04/2010,47.585,,0.1
09:00:00 27/04/2010,47.58,,0.0
09:00:00 28/04/2010,47.59,,0.0
09:00:00 29/04/2010,47.6,,0.0
09:00:00 30/04/2010,47.6,,0.0
09:00:00 01/05/2010,47.6,,0.0
09:00:00 02/05/2010,47.6,,0.0
09:00:00 03/05/2010,47.6,,0.0
09:00:00 04/05/2010,47.6,,0.0
09:00:00 05/05/2010,47.6,,0.4
09:00:00 06/05/2010,47.6,,0.0
09:00:00 07/05/2010,47.605,,0.0
09:00:00 08/05/2010,47.615,,0.0
09:00:00 09/05/2010,47.62,,0.0
09:00:00 10/05/2010,47.62,,0.0
09:00:00 11/05/2010,47.62,,0.0
09:00:00 12/05/2010,47.62,,0.0
09:00:00 13/05/2010,47.615,,0.0
09:00:00 14/05/2010,47.61,,0.0
09:00:00 15/05/2010,47.61,,0.0
09:00:00 16/05/2010,47.61,,0.0
09:00:00 17/05/2010,47.605,,0.7
09:00:00 18/05/2010,47.6,,0.0
09:00:00 19/05/2010,47.6,,0.0
09:00:00 20/05/2010,47.6,,0.0
09:00:00 21/05/2010,47.595,,0.0
09:00:00 22/05/2010,47.59,,0.0
09:00:00 23/05/2010,47.595,,0.0
09:00:00 24/05/2010,47.605,,0.1
09:00:00 25/05/2010,47.61,,13.6
09:00:00 26/05/2010,47.615,,1.7
09:00:00 27/05/2010,47.615,,0.3
09:00:00 28/05/2010,47.61,,0.0
09:00:00 29/05/2010,47.61,,16.1
09:00:00 30/05/2010,47.615,,4.2
09:00:00 31/05/2010,47.625,,0.2
09:00:00 01/06/2010,47.615,,0.0
09:00:00 02/06/2010,47.6,,0.5
09:00:00 03/06/2010,47.6,,0.1
09:00:00 04/06/2010,47.6,,0.0
09:00:00 05/06/2010,47.6,,0.0
09:00:00 06/06/2010,47.6,,0.5
09:00:00 07/06/2010,47.6,,0.0
09:00:00 08/06/2010,47.6,,0.0
09:00:00 09/06/2010,47.6,,0.7
09:00:00 10/06/2010,47.6,,0.0
09:00:00 11/06/2010,47.6,,0.0
09:00:00 12/06/2010,47.595,,0.0
09:00:00 13/06/2010,47.59,,0.0
09:00:00 14/06/2010,47.585,,0.0
09:00:00 15/06/2010,47.58,,0.0
09:00:00 16/06/2010,47.585,,0.0
09:00:00 17/06/2010,47.59,,1.0
09:00:00 18/06/2010,47.59,,0.0
09:00:00 19/06/2010,47.59,,0.0
09:00:00 20/06/2010,47.59,,0.8
09:00:00 21/06/2010,47.585,,0.0
09:00:00 22/06/2010,47.58,,0.0
09:00:00 23/06/2010,47.59,,0.0
09:00:00 24/06/2010,47.6,,0.0
09:00:00 25/06/2010,47.605,,2.2
09:00:00 26/06/2010,47.61,,6.6
09:00:00 27/06/2010,47.61,,0.0
09:00:00 28/06/2010,47.61,,0.0
09:00:00 29/06/2010,47.615,,0.1
09:00:00 30/06/2010,47.62,,0.4
09:00:00 01/07/2010,47.61,,0.1
09:00:00 02/07/2010,47.59,,0.0
09:00:00 03/07/2010,47.58,,2.2
09:00:00 04/07/2010,47.585,,0.0
09:00:00 05/07/2010,47.595,,0.0
09:00:00 06/07/2010,47.585,,0.0
09:00:00 07/07/2010,47.57,,0.0
09:00:00 08/07/2010,47.575,,0.0
09:00:00 09/07/2010,47.58,,0.0
09:00:00 10/07/2010,47.58,,0.8
09:00:00 11/07/2010,47.585,,0.4
09:00:00 12/07/2010,47.6,,0.0
09:00:00 13/07/2010,47.6,,0.0
09:00:00 14/07/2010,47.595,,7.5
09:00:00 15/07/2010,47.595,,6.7
09:00:00 16/07/2010,47.59,,0.0
09:00:00 17/07/2010,47.575,,0.0
09:00:00 18/07/2010,47.575,,0.0
09:00:00 19/07/2010,47.585,,3.6
09:00:00 20/07/2010,47.58,,0.0
09:00:00 21/07/2010,47.59,,0.0
09:00:00 22/07/2010,47.6,,0.0
09:00:00 23/07/2010,47.6,,0.0
09:00:00 24/07/2010,47.61,,0.0
09:00:00 25/07/2010,47.605,,0.0
09:00:00 26/07/2010,47.61,,0.0
09:00:00 27/07/2010,47.63,,0.0
09:00:00 28/07/2010,47.61,,0.0
09:00:00 29/07/2010,47.605,,0.1
09:00:00 30/07/2010,47.605,,0.1
09:00:00 31/07/2010,47.59,,0.1
09:00:00 01/08/2010,47.59,,4.1
09:00:00 02/08/2010,47.58,,0.4
09:00:00 03/08/2010,47.58,,0.0
09:00:00 04/08/2010,47.595,,0.0
09:00:00 05/08/2010,47.6,,3.4
09:00:00 06/08/2010,47.59,,0.0
09:00:00 07/08/2010,47.59,,0.0
09:00:00 08/08/2010,47.6,,0.0
09:00:00 09/08/2010,47.59,,0.1
09:00:00 10/08/2010,47.59,,6.4
09:00:00 11/08/2010,47.595,,3.3
09:00:00 12/08/2010,47.585,,1.0
09:00:00 13/08/2010,47.585,,0.0
09:00:00 14/08/2010,47.595,,0.0
09:00:00 15/08/2010,47.615,,6.2
09:00:00 16/08/2010,47.62,,1.2
09:00:00 17/08/2010,47.595,,0.0
09:00:00 18/08/2010,47.555,,1.7
09:00:00 19/08/2010,47.53,,4.9
09:00:00 20/08/2010,47.535,,0.7
09:00:00 21/08/2010,47.545,,0.0
09:00:00 22/08/2010,47.565,,0.0
09:00:00 23/08/2010,47.6,,0.1
09:00:00 24/08/2010,47.57,,0.1
09:00:00 25/08/2010,47.53,,2.6
09:00:00 26/08/2010,47.555,,8.0
09:00:00 27/08/2010,47.585,,0.2
09:00:00 28/08/2010,47.575,,0.0
09:00:00 29/08/2010,47.56,,0.0
09:00:00 30/08/2010,47.58,,0.0
09:00:00 31/08/2010,47.575,,0.0
09:00:00 01/09/2010,47.565,,0.0
09:00:00 02/09/2010,47.575,,0.1
09:00:00 03/09/2010,47.58,,0.0
09:00:00 04/09/2010,47.565,,5.7
09:00:00 05/09/2010,47.555,,0.9
09:00:00 06/09/2010,47.565,,0.2
09:00:00 07/09/2010,47.515,,0.0
09:00:00 08/09/2010,47.4,,0.0
09:00:00 09/09/2010,47.345,,0.1
09:00:00 10/09/2010,47.345,,0.0
09:00:00 11/09/2010,47.34,,0.0
09:00:00 12/09/2010,47.34,,0.0
09:00:00 13/09/2010,47.35,,0.0
09:00:00 14/09/2010,47.37,,0.9
09:00:00 15/09/2010,47.39,,0.1
09:00:00 16/09/2010,47.405,,0.0
09:00:00 17/09/2010,47.435,,0.0
09:00:00 18/09/2010,47.44,,0.0
09:00:00 19/09/2010,47.425,,0.0
09:00:00 20/09/2010,47.445,,0.0
09:00:00 21/09/2010,47.475,,0.0
09:00:00 22/09/2010,47.505,,0.0
09:00:00 23/09/2010,47.485,,0.0
09:00:00 24/09/2010,47.445,,0.0
09:00:00 25/09/2010,47.445,,0.0
09:00:00 26/09/2010,47.47,,0.0
09:00:00 27/09/2010,47.51,,0.0
09:00:00 28/09/2010,47.525,,0.0
09:00:00 29/09/2010,47.51,,0.0
09:00:00 30/09/2010,47.51,,0.0
09:00:00 01/10/2010,47.53,,0.0
09:00:00 02/10/2010,47.545,,0.0
09:00:00 03/10/2010,47.565,,0.0
09:00:00 04/10/2010,47.59,,0.0
09:00:00 05/10/2010,47.595,,0.0
09:00:00 06/10/2010,47.595,,0.0
09:00:00 07/10/2010,47.605,,3.8
09:00:00 08/10/2010,47.61,,0.0
09:00:00 09/10/2010,47.605,,0.0
09:00:00 10/10/2010,47.6,,0.0
09:00:00 11/10/2010,47.6,,0.0
09:00:00 12/10/2010,47.6,,0.0
09:00:00 13/10/2010,47.595,,3.5
09:00:00 14/10/2010,47.575,,10.4
09:00:00 15/10/2010,47.59,,20.5
09:00:00 16/10/2010,47.585,,11.2
09:00:00 17/10/2010,47.57,,0.2
09:00:00 18/10/2010,47.595,,0.0
09:00:00 19/10/2010,47.595,,0.0
09:00:00 20/10/2010,47.595,,0.0
09:00:00 21/10/2010,47.62,,0.0
09:00:00 22/10/2010,47.64,,0.0
09:00:00 23/10/2010,47.63,,0.5
09:00:00 24/10/2010,47.615,,0.0
09:00:00 25/10/2010,47.605,,0.0
09:00:00 26/10/2010,47.6,,0.0
09:00:00 27/10/2010,47.625,,0.0
09:00:00 28/10/2010,47.65,,0.0
09:00:00 29/10/2010,47.625,,0.0
09:00:00 30/10/2010,47.575,,7.3
09:00:00 31/10/2010,47.59,,34.4
09:00:00 01/11/2010,47.595,,1.2
09:00:00 02/11/2010,47.575,,0.0
09:00:00 03/11/2010,47.605,,0.0
09:00:00 04/11/2010,47.555,,0.0
09:00:00 05/11/2010,47.49,,0.0
09:00:00 06/11/2010,47.49,,0.0
09:00:00 07/11/2010,47.49,,0.0
09:00:00 08/11/2010,47.49,,0.0
09:00:00 09/11/2010,47.495,,0.0
09:00:00 10/11/2010,47.5,,0.0
09:00:00 11/11/2010,47.5,,0.0
09:00:00 12/11/2010,47.485,,0.0
09:00:00 13/11/2010,47.485,,9.8
09:00:00 14/11/2010,47.53,,29.4
09:00:00 15/11/2010,47.58,,0.1
09:00:00 16/11/2010,47.575,,0.0
09:00:00 17/11/2010,47.58,,0.0
09:00:00 18/11/2010,47.585,,0.0
09:00:00 19/11/2010,47.565,,0.0
09:00:00 20/11/2010,47.575,,0.0
09:00:00 21/11/2010,47.585,,0.0
09:00:00 22/11/2010,47.59,,0.0
09:00:00 23/11/2010,47.59,,0.0
09:00:00 24/11/2010,47.595,,0.0
09:00:00 25/11/2010,47.6,,8.1
09:00:00 26/11/2010,47.59,,0.0
09:00:00 27/11/2010,47.585,,36.2
09:00:00 28/11/2010,47.6,,7.7
09:00:00 29/11/2010,47.61,,2.2
09:00:00 30/11/2010,47.6,,10.0
09:00:00 01/12/2010,47.575,,8.1
09:00:00 02/12/2010,47.535,,0.6
09:00:00 03/12/2010,47.51,,0.0
09:00:00 04/12/2010,47.515,,0.0
09:00:00 05/12/2010,47.525,,2.6
09:00:00 06/12/2010,47.535,,4.1
09:00:00 07/12/2010,47.53,,11.8
09:00:00 08/12/2010,47.515,,12.4
09:00:00 09/12/2010,47.545,,8.0
09:00:00 10/12/2010,47.59,,0.0
09:00:00 11/12/2010,47.61,,0.0
09:00:00 12/12/2010,47.625,,0.0
09:00:00 13/12/2010,47.64,,0.0
09:00:00 14/12/2010,47.66,,0.0
09:00:00 15/12/2010,47.685,,0.0
09:00:00 16/12/2010,47.71,,0.0
09:00:00 17/12/2010,47.73,,0.0
09:00:00 18/12/2010,47.765,,0.0
09:00:00 19/12/2010,47.805,,0.0
09:00:00 20/12/2010,47.835,,4.0
09:00:00 21/12/2010,47.865,,0.0
09:00:00 22/12/2010,47.945,,0.0
09:00:00 23/12/2010,48.03,,0.0
09:00:00 24/12/2010,48.07,,0.0
09:00:00 25/12/2010,48.115,,0.0
09:00:00 26/12/2010,48.16,,0.0
09:00:00 27/12/2010,48.2,,0.0
09:00:00 28/12/2010,48.245,,0.0
09:00:00 29/12/2010,48.295,,0.0
09:00:00 30/12/2010,48.335,,0.0
09:00:00 31/12/2010,48.365,,0.0
09:00:00 01/01/2011,48.385,,0.0
09:00:00 02/01/2011,48.445,,0.0
09:00:00 03/01/2011,48.515,,0.0
09:00:00 04/01/2011,48.56,,0.0
09:00:00 05/01/2011,48.615,,0.0
09:00:00 06/01/2011,48.665,,0.0
09:00:00 07/01/2011,48.72,,0.0
09:00:00 08/01/2011,48.77,,0.0
09:00:00 09/01/2011,48.81,,0.0
09:00:00 10/01/2011,48.86,,37.1
09:00:00 11/01/2011,48.935,,29.2
09:00:00 12/01/2011,49.015,,28.9
09:00:00 13/01/2011,49.075,,7.8
09:00:00 14/01/2011,49.17,,89.6
09:00:00 15/01/2011,49.27,,0.0
09:00:00 16/01/2011,49.315,,0.0
09:00:00 17/01/2011,49.335,,0.0
09:00:00 18/01/2011,49.345,,0.0
09:00:00 19/01/2011,49.355,,0.0
09:00:00 20/01/2011,49.37,,0.0
09:00:00 21/01/2011,49.395,,0.0
09:00:00 22/01/2011,49.415,,0.0
09:00:00 23/01/2011,49.425,,0.0
09:00:00 24/01/2011,49.435,,0.0
09:00:00 25/01/2011,49.45,,0.0
09:00:00 26/01/2011,49.46,,0.0
09:00:00 27/01/2011,49.46,,0.0
09:00:00 28/01/2011,49.445,,0.0
09:00:00 29/01/2011,49.43,,0.0
09:00:00 30/01/2011,49.415,,0.0
09:00:00 31/01/2011,49.38,,0.0
09:00:00 01/02/2011,49.345,,0.0
09:00:00 02/02/2011,49.305,,0.0
09:00:00 03/02/2011,49.265,,0.0
09:00:00 04/02/2011,49.225,,0.0
09:00:00 05/02/2011,49.21,,72.1
09:00:00 06/02/2011,49.23,,31.2
09:00:00 07/02/2011,49.235,,0.0
09:00:00 08/02/2011,49.23,,0.0
09:00:00 09/02/2011,49.21,,0.0
09:00:00 10/02/2011,49.175,,0.0
09:00:00 11/02/2011,49.155,,0.0
09:00:00 12/02/2011,49.145,,2.6
09:00:00 13/02/2011,49.13,,0.0
09:00:00 14/02/2011,49.115,,0.0
09:00:00 15/02/2011,49.095,,0.0
09:00:00 16/02/2011,49.065,,1.4
09:00:00 17/02/2011,49.045,,3.0
09:00:00 18/02/2011,49.04,,0.0
09:00:00 19/02/2011,49.03,,0.4
09:00:00 20/02/2011,49.01,,0.0
09:00:00 21/02/2011,48.99,,0.0
09:00:00 22/02/2011,48.96,,0.0
09:00:00 23/02/2011,48.93,,0.0
09:00:00 24/02/2011,48.905,,0.0
09:00:00 25/02/2011,48.875,,0.0
09:00:00 26/02/2011,48.85,,0.1
09:00:00 27/02/2011,48.83,,0.0
09:00:00 28/02/2011,48.81,,0.0
09:00:00 01/03/2011,48.785,,0.0
09:00:00 02/03/2011,48.735,,0.0
09:00:00 03/03/2011,48.75,,0.0
09:00:00 04/03/2011,48.8,,0.0
09:00:00 05/03/2011,48.8,,0.0
09:00:00 06/03/2011,48.8,,0.0
09:00:00 07/03/2011,48.8,,0.0
09:00:00 08/03/2011,48.805,,0.0
09:00:00 09/03/2011,48.815,,0.1
09:00:00 10/03/2011,48.825,,8.3
09:00:00 11/03/2011,48.835,,0.2
09:00:00 12/03/2011,48.84,,0.0
09:00:00 13/03/2011,48.84,,0.0
09:00:00 14/03/2011,48.84,,0.2
09:00:00 15/03/2011,48.835,,0.0
09:00:00 16/03/2011,48.825,,0.0
09:00:00 17/03/2011,48.81,,0.0
09:00:00 18/03/2011,48.79,,0.0
09:00:00 19/03/2011,48.765,,0.0
09:00:00 20/03/2011,48.74,,0.0
09:00:00 21/03/2011,48.72,,17.2
09:00:00 22/03/2011,48.69,,0.6
09:00:00 23/03/2011,48.645,,0.8
09:00:00 24/03/2011,48.6,,2.9
09:00:00 25/03/2011,48.56,,0.0
09:00:00 26/03/2011,48.51,,0.0
09:00:00 27/03/2011,48.45,,0.0
09:00:00 28/03/2011,48.4,,0.0
09:00:00 29/03/2011,48.35,,0.0
09:00:00 30/03/2011,48.3,,0.0
09:00:00 31/03/2011,48.255,,0.0
09:00:00 01/04/2011,48.205,,0.0
09:00:00 02/04/2011,48.15,,0.0
09:00:00 03/04/2011,48.08,,0.0
09:00:00 04/04/2011,48.01,,0.0
09:00:00 05/04/2011,47.925,,0.0
09:00:00 06/04/2011,47.81,,0.0
09:00:00 07/04/2011,47.685,,0.0
09:00:00 08/04/2011,47.58,,0.0
09:00:00 09/04/2011,47.49,,0.0
09:00:00 10/04/2011,47.4,,14.5
09:00:00 11/04/2011,47.315,,0.5
09:00:00 12/04/2011,47.26,,9.1
09:00:00 13/04/2011,47.23,,0.0
09:00:00 14/04/2011,47.155,,0.0
09:00:00 15/04/2011,47.125,,0.0
09:00:00 16/04/2011,47.275,,0.0
09:00:00 17/04/2011,47.485,,0.0
09:00:00 18/04/2011,47.555,,0.0
09:00:00 19/04/2011,47.58,,0.0
09:00:00 20/04/2011,47.61,,1.4
09:00:00 21/04/2011,47.62,,0.1
09:00:00 22/04/2011,47.625,,0.0
09:00:00 23/04/2011,47.595,,0.0
09:00:00 24/04/2011,47.59,,0.0
09:00:00 25/04/2011,47.6,,0.0
09:00:00 26/04/2011,47.59,,0.0
09:00:00 27/04/2011,47.58,,0.0
09:00:00 28/04/2011,47.575,,0.0
09:00:00 29/04/2011,47.57,,0.0
09:00:00 30/04/2011,47.57,,0.0
09:00:00 01/05/2011,47.57,,0.0
09:00:00 02/05/2011,47.565,,0.0
09:00:00 03/05/2011,47.57,,0.0
09:00:00 04/05/2011,47.575,,0.0
09:00:00 05/05/2011,47.6,,0.0
09:00:00 06/05/2011,47.63,,0.0
09:00:00 07/05/2011,47.62,,0.0
09:00:00 08/05/2011,47.605,,0.0
09:00:00 09/05/2011,47.59,,0.0
09:00:00 10/05/2011,47.585,,0.0
09:00:00 11/05/2011,47.585,,0.0
09:00:00 12/05/2011,47.59,,0.0
09:00:00 13/05/2011,47.595,,1.3
09:00:00 14/05/2011,47.585,,0.0
09:00:00 15/05/2011,47.575,,0.0
09:00:00 16/05/2011,47.57,,0.0
09:00:00 17/05/2011,47.57,,0.0
09:00:00 18/05/2011,47.58,,0.0
09:00:00 19/05/2011,47.595,,0.0
09:00:00 20/05/2011,47.59,,0.0
09:00:00 21/05/2011,47.585,,0.0
09:00:00 22/05/2011,47.59,,2.6
09:00:00 23/05/2011,47.595,,12.2
09:00:00 24/05/2011,47.6,,0.4
09:00:00 25/05/2011,47.605,,0.1
09:00:00 26/05/2011,47.61,,0.0
09:00:00 27/05/2011,47.635,,0.0
09:00:00 28/05/2011,47.64,,0.0
09:00:00 29/05/2011,47.615,,0.0
09:00:00 30/05/2011,47.61,,0.0
09:00:00 31/05/2011,47.615,,0.0
09:00:00 01/06/2011,47.61,,0.0
09:00:00 02/06/2011,,,0.0
09:00:00 03/06/2011,,,0.0
09:00:00 04/06/2011,,,3.9
09:00:00 05/06/2011,,,0.0
09:00:00 06/06/2011,,,0.0
09:00:00 07/06/2011,47.6,,0.0
09:00:00 08/06/2011,47.585,,0.0
09:00:00 09/06/2011,47.605,,0.0
09:00:00 10/06/2011,47.655,,0.0
09:00:00 11/06/2011,47.69,,0.0
09:00:00 12/06/2011,47.66,,0.0
09:00:00 13/06/2011,47.64,,0.0
09:00:00 14/06/2011,47.655,,0.0
09:00:00 15/06/2011,47.67,,0.0
09:00:00 16/06/2011,47.635,,0.0
09:00:00 17/06/2011,47.59,,0.0
09:00:00 18/06/2011,47.535,,0.0
09:00:00 19/06/2011,47.485,,0.0
09:00:00 20/06/2011,47.49,,0.0
09:00:00 21/06/2011,47.485,,3.4
09:00:00 22/06/2011,47.48,,0.5
09:00:00 23/06/2011,47.5,,0.4
09:00:00 24/06/2011,47.515,,0.0
09:00:00 25/06/2011,47.505,,0.0
09:00:00 26/06/2011,47.52,,0.0
09:00:00 27/06/2011,47.54,,0.0
09:00:00 28/06/2011,47.52,,0.0
09:00:00 29/06/2011,47.515,,0.0
09:00:00 30/06/2011,47.535,,0.0
09:00:00 01/07/2011,47.53,,0.0
09:00:00 02/07/2011,47.53,,0.0
09:00:00 03/07/2011,47.52,,0.7
09:00:00 04/07/2011,47.51,,3.5
09:00:00 05/07/2011,47.52,,0.2
09:00:00 06/07/2011,47.585,,0.2
09:00:00 07/07/2011,47.615,,3.1
09:00:00 08/07/2011,47.575,,0.0
09:00:00 09/07/2011,47.535,,0.1
09:00:00 10/07/2011,47.5,,0.4
09:00:00 11/07/2011,47.495,,1.1
09:00:00 12/07/2011,47.49,,0.0
09:00:00 13/07/2011,47.495,,0.0
09:00:00 14/07/2011,47.5,,0.0
09:00:00 15/07/2011,47.5,,0.0
09:00:00 16/07/2011,47.49,,0.0
09:00:00 17/07/2011,47.48,,0.6
09:00:00 18/07/2011,47.49,,3.0
09:00:00 19/07/2011,47.47,,0.0
09:00:00 20/07/2011,47.44,,0.0
09:00:00 21/07/2011,47.365,,0.0
09:00:00 22/07/2011,47.22,,0.0
09:00:00 23/07/2011,47.15,,0.0
09:00:00 24/07/2011,47.155,,1.0
09:00:00 25/07/2011,47.17,,1.8
09:00:00 26/07/2011,47.19,,0.0
09:00:00 27/07/2011,47.235,,0.0
09:00:00 28/07/2011,47.285,,0.0
09:00:00 29/07/2011,47.29,,0.0
09:00:00 30/07/2011,47.27,,0.0
09:00:00 31/07/2011,47.255,,0.0
09:00:00 01/08/2011,47.265,,0.0
09:00:00 02/08/2011,47.26,,0.0
09:00:00 03/08/2011,47.23,,0.0
09:00:00 04/08/2011,47.235,,0.0
09:00:00 05/08/2011,47.26,,0.0
09:00:00 06/08/2011,47.285,,0.3
09:00:00 07/08/2011,47.31,,11.4
09:00:00 08/08/2011,47.335,,5.8
09:00:00 09/08/2011,47.37,,2.9
09:00:00 10/08/2011,47.405,,1.3
09:00:00 11/08/2011,47.42,,0.4
09:00:00 12/08/2011,47.44,,0.0
09:00:00 13/08/2011,47.445,,0.0
09:00:00 14/08/2011,47.445,,0.0
09:00:00 15/08/2011,47.47,,0.0
09:00:00 16/08/2011,47.485,,2.4
09:00:00 17/08/2011,47.495,,7.0
09:00:00 18/08/2011,47.54,,0.0
09:00:00 19/08/2011,47.515,,1.1
09:00:00 20/08/2011,47.425,,0.0
09:00:00 21/08/2011,47.355,,0.0
09:00:00 22/08/2011,47.27,,0.0
09:00:00 23/08/2011,47.18,,0.0
09:00:00 24/08/2011,47.08,,0.0
09:00:00 25/08/2011,47.01,,0.0
09:00:00 26/08/2011,46.935,,0.0
09:00:00 27/08/2011,46.86,,0.0
09:00:00 28/08/2011,46.83,,0.0
09:00:00 29/08/2011,46.815,,0.0
09:00:00 30/08/2011,46.815,,0.0
09:00:00 31/08/2011,46.84,,0.0
09:00:00 01/09/2011,46.89,,0.0
09:00:00 02/09/2011,46.955,,0.0
09:00:00 03/09/2011,47.03,,0.0
09:00:00 04/09/2011,47.105,,0.0
09:00:00 05/09/2011,47.175,,0.0
09:00:00 06/09/2011,47.235,,0.0
09:00:00 07/09/2011,47.29,,0.0
09:00:00 08/09/2011,47.345,,0.0
09:00:00 09/09/2011,47.4,,0.0
09:00:00 10/09/2011,47.46,,0.0
09:00:00 11/09/2011,47.515,,0.0
09:00:00 12/09/2011,47.57,,1.1
09:00:00 13/09/2011,47.59,,0.0
09:00:00 14/09/2011,47.6,,0.0
09:00:00 15/09/2011,47.635,,0.0
09:00:00 16/09/2011,47.64,,0.0
09:00:00 17/09/2011,47.64,,0.0
09:00:00 18/09/2011,47.645,,0.0
09:00:00 19/09/2011,47.645,,0.0
09:00:00 20/09/2011,47.63,,0.0
09:00:00 21/09/2011,47.595,,0.0
09:00:00 22/09/2011,47.565,,0.0
09:00:00 23/09/2011,47.585,,0.0
09:00:00 24/09/2011,47.675,,0.0
09:00:00 25/09/2011,47.675,,0.0
09:00:00 26/09/2011,47.54,,0.0
09:00:00 27/09/2011,47.54,,0.0
09:00:00 28/09/2011,47.655,,0.0
09:00:00 29/09/2011,47.675,,9.3
09:00:00 30/09/2011,47.655,,0.0
09:00:00 01/10/2011,47.65,,4.5
09:00:00 02/10/2011,47.65,,0.5
09:00:00 03/10/2011,47.63,,0.0
09:00:00 04/10/2011,47.57,,0.0
09:00:00 05/10/2011,47.555,,0.0
09:00:00 06/10/2011,47.59,,7.8
09:00:00 07/10/2011,47.585,,0.0
09:00:00 08/10/2011,47.57,,0.4
09:00:00 09/10/2011,47.575,,0.0
09:00:00 10/10/2011,47.585,,1.1
09:00:00 11/10/2011,47.595,,0.0
09:00:00 12/10/2011,47.55,,0.0
09:00:00 13/10/2011,47.5,,0.0
09:00:00 14/10/2011,47.515,,0.0
09:00:00 15/10/2011,47.54,,0.0
09:00:00 16/10/2011,47.56,,0.0
09:00:00 17/10/2011,47.57,,0.0
09:00:00 18/10/2011,47.57,,0.0
09:00:00 19/10/2011,47.56,,0.0
09:00:00 20/10/2011,47.55,,0.0
09:00:00 21/10/2011,47.55,,0.0
09:00:00 22/10/2011,47.55,,0.0
09:00:00 23/10/2011,47.55,,0.0
09:00:00 24/10/2011,47.55,,0.0
09:00:00 25/10/2011,47.55,,12.6
09:00:00 26/10/2011,47.555,,0.0
09:00:00 27/10/2011,47.56,,0.0
09:00:00 28/10/2011,47.595,,0.0
09:00:00 29/10/2011,47.625,,4.2
09:00:00 30/10/2011,47.61,,0.0
09:00:00 31/10/2011,47.575,,0.0
09:00:00 01/11/2011,47.58,,0.0
09:00:00 02/11/2011,47.585,,0.0
09:00:00 03/11/2011,47.595,,0.0
09:00:00 04/11/2011,47.625,,0.0
09:00:00 05/11/2011,47.61,,0.0
09:00:00 06/11/2011,47.585,,0.0
09:00:00 07/11/2011,47.545,,0.0
09:00:00 08/11/2011,47.57,,0.3
09:00:00 09/11/2011,47.625,,2.1
09:00:00 10/11/2011,47.62,,7.6
09:00:00 11/11/2011,47.61,,0.0
09:00:00 12/11/2011,47.595,,0.0
09:00:00 13/11/2011,47.61,,0.0
09:00:00 14/11/2011,47.64,,0.0
09:00:00 15/11/2011,47.63,,0.0
09:00:00 16/11/2011,47.61,,0.0
09:00:00 17/11/2011,47.595,,0.0
09:00:00 18/11/2011,47.59,,0.0
09:00:00 19/11/2011,47.59,,0.0
09:00:00 20/11/2011,47.59,,4.4
09:00:00 21/11/2011,47.595,,0.0
09:00:00 22/11/2011,47.6,,0.0
09:00:00 23/11/2011,47.615,,0.0
09:00:00 24/11/2011,47.615,,0.0
09:00:00 25/11/2011,47.545,,9.9
09:00:00 26/11/2011,47.505,,1.7
09:00:00 27/11/2011,47.52,,10.9
09:00:00 28/11/2011,47.54,,0.0
09:00:00 29/11/2011,47.58,,0.0
09:00:00 30/11/2011,47.6,,0.7
09:00:00 01/12/2011,47.6,,0.0
09:00:00 02/12/2011,47.595,,0.0
09:00:00 03/12/2011,47.58,,0.0
09:00:00 04/12/2011,47.555,,0.0
09:00:00 05/12/2011,47.535,,0.0
09:00:00 06/12/2011,47.565,,0.0
09:00:00 07/12/2011,47.6,,0.0
09:00:00 08/12/2011,47.605,,0.0
09:00:00 09/12/2011,47.605,,0.0
09:00:00 10/12/2011,47.615,,0.2
09:00:00 11/12/2011,47.63,,0.3
09:00:00 12/12/2011,47.645,,0.0
09:00:00 13/12/2011,47.63,,0.0
09:00:00 14/12/2011,47.6,,0.0
09:00:00 15/12/2011,47.595,,0.0
09:00:00 16/12/2011,47.585,,0.0
09:00:00 17/12/2011,47.575,,0.0
09:00:00 18/12/2011,47.57,,30.6
09:00:00 19/12/2011,47.59,,3.5
09:00:00 20/12/2011,47.61,,0.0
09:00:00 21/12/2011,47.62,,0.0
09:00:00 22/12/2011,47.645,,0.0
09:00:00 23/12/2011,47.625,,0.0
09:00:00 24/12/2011,47.595,,0.0
09:00:00 25/12/2011,47.6,,0.0
09:00:00 26/12/2011,47.6,,1.8
09:00:00 27/12/2011,47.595,,0.0
09:00:00 28/12/2011,47.575,,0.0
09:00:00 29/12/2011,47.585,,0.0
09:00:00 30/12/2011,47.59,,0.0
09:00:00 31/12/2011,47.6,,0.0
09:00:00 01/01/2012,47.615,,0.0
09:00:00 02/01/2012,47.59,,0.0
09:00:00 03/01/2012,47.59,,0.0
09:00:00 04/01/2012,47.59,,0.0
09:00:00 05/01/2012,47.58,,0.0
09:00:00 06/01/2012,47.58,,0.0
09:00:00 07/01/2012,47.595,,0.0
09:00:00 08/01/2012,47.605,,9.7
09:00:00 09/01/2012,47.6,,0.0
09:00:00 10/01/2012,47.6,,0.0
09:00:00 11/01/2012,47.59,,0.0
09:00:00 12/01/2012,47.58,,0.0
09:00:00 13/01/2012,47.59,,0.0
09:00:00 14/01/2012,47.6,,0.0
09:00:00 15/01/2012,47.6,,0.0
09:00:00 16/01/2012,47.605,,0.0
09:00:00 17/01/2012,47.61,,0.0
09:00:00 18/01/2012,47.63,,0.0
09:00:00 19/01/2012,47.655,,0.0
09:00:00 20/01/2012,47.645,,0.0
09:00:00 21/01/2012,47.63,,0.0
09:00:00 22/01/2012,47.625,,0.0
09:00:00 23/01/2012,47.62,,0.0
09:00:00 24/01/2012,47.61,,0.0
09:00:00 25/01/2012,47.6,,0.0
09:00:00 26/01/2012,47.605,,0.0
09:00:00 27/01/2012,47.605,,0.0
09:00:00 28/01/2012,47.6,,0.0
09:00:00 29/01/2012,47.6,,0.0
09:00:00 30/01/2012,47.595,,5.5
09:00:00 31/01/2012,47.59,,0.1
09:00:00 01/02/2012,47.595,,0.0
09:00:00 02/02/2012,47.6,,0.0
09:00:00 03/02/2012,47.59,,0.0
09:00:00 04/02/2012,47.58,,0.0
09:00:00 05/02/2012,47.58,,0.0
09:00:00 06/02/2012,47.58,,0.0
09:00:00 07/02/2012,47.58,,0.0
09:00:00 08/02/2012,47.585,,0.0
09:00:00 09/02/2012,47.565,,0.0
09:00:00 10/02/2012,47.48,,0.0
09:00:00 11/02/2012,47.46,,0.0
09:00:00 12/02/2012,47.505,,0.0
09:00:00 13/02/2012,47.51,,0.0
09:00:00 14/02/2012,47.515,,0.0
09:00:00 15/02/2012,47.555,,0.0
09:00:00 16/02/2012,47.595,,0.0
09:00:00 17/02/2012,47.605,,0.0
09:00:00 18/02/2012,47.605,,0.0
09:00:00 19/02/2012,47.6,,0.0
09:00:00 20/02/2012,47.59,,0.7
09:00:00 21/02/2012,47.57,,0.0
09:00:00 22/02/2012,47.55,,0.0
09:00:00 23/02/2012,47.555,,0.0
09:00:00 24/02/2012,47.575,,0.0
09:00:00 25/02/2012,47.58,,0.0
09:00:00 26/02/2012,47.575,,0.0
09:00:00 27/02/2012,47.57,,0.0
09:00:00 28/02/2012,47.575,,3.8
09:00:00 29/02/2012,47.595,,1.0
09:00:00 01/03/2012,47.605,,25.9
09:00:00 02/03/2012,47.545,,0.3
09:00:00 03/03/2012,47.475,,0.6
09:00:00 04/03/2012,47.455,,5.4
09:00:00 05/03/2012,47.45,,0.0
09:00:00 06/03/2012,47.45,,0.0
09:00:00 07/03/2012,47.45,,0.0
09:00:00 08/03/2012,47.515,,0.0
09:00:00 09/03/2012,47.58,,0.0
09:00:00 10/03/2012,47.56,,0.0
09:00:00 11/03/2012,47.59,,0.0
09:00:00 12/03/2012,47.58,,0.0
09:00:00 13/03/2012,47.5,,0.0
09:00:00 14/03/2012,47.5,,0.0
09:00:00 15/03/2012,47.545,,0.7
09:00:00 16/03/2012,47.61,,13.5
09:00:00 17/03/2012,47.685,,0.0
09:00:00 18/03/2012,47.685,,0.0
09:00:00 19/03/2012,47.665,,0.0
09:00:00 20/03/2012,47.69,,0.0
09:00:00 21/03/2012,47.715,,0.0
09:00:00 22/03/2012,47.755,,0.0
09:00:00 23/03/2012,47.81,,0.0
09:00:00 24/03/2012,47.86,,0.0
09:00:00 25/03/2012,47.91,,0.0
09:00:00 26/03/2012,47.955,,0.0
09:00:00 27/03/2012,47.93,,0.0
09:00:00 28/03/2012,47.8,,0.0
09:00:00 29/03/2012,47.635,,0.0
09:00:00 30/03/2012,47.56,,1.4
09:00:00 31/03/2012,47.565,,0.0
09:00:00 01/04/2012,47.57,,0.0
09:00:00 02/04/2012,47.535,,0.0
09:00:00 03/04/2012,47.51,,0.0
09:00:00 04/04/2012,47.54,,0.0
09:00:00 05/04/2012,47.575,,0.0
09:00:00 06/04/2012,47.605,,0.0
09:00:00 07/04/2012,47.63,,0.0
09:00:00 08/04/2012,47.64,,0.0
09:00:00 09/04/2012,47.64,,0.0
09:00:00 10/04/2012,47.63,,0.0
09:00:00 11/04/2012,47.6,,0.0
09:00:00 12/04/2012,47.585,,0.0
09:00:00 13/04/2012,47.59,,0.0
09:00:00 14/04/2012,47.59,,0.0
09:00:00 15/04/2012,47.56,,0.0
09:00:00 16/04/2012,47.5,,0.0
09:00:00 17/04/2012,47.545,,0.0
09:00:00 18/04/2012,47.65,,0.0
09:00:00 19/04/2012,47.7,,0.0
09:00:00 20/04/2012,47.73,,0.0
09:00:00 21/04/2012,47.74,,0.0
09:00:00 22/04/2012,47.745,,0.7
09:00:00 23/04/2012,47.75,,0.0
09:00:00 24/04/2012,47.755,,0.3
09:00:00 25/04/2012,47.765,,1.0
09:00:00 26/04/2012,47.775,,0.0
09:00:00 27/04/2012,47.79,,0.0
09:00:00 28/04/2012,47.805,,0.0
09:00:00 29/04/2012,47.815,,0.0
09:00:00 30/04/2012,47.82,,0.0
09:00:00 01/05/2012,47.82,,0.0
09:00:00 02/05/2012,47.815,,1.5
09:00:00 03/05/2012,47.79,,0.0
09:00:00 04/05/2012,47.755,,0.0
09:00:00 05/05/2012,47.72,,0.0
09:00:00 06/05/2012,47.7,,0.0
09:00:00 07/05/2012,47.74,,0.0
09:00:00 08/05/2012,47.76,,0.0
09:00:00 09/05/2012,47.71,,0.0
09:00:00 10/05/2012,47.65,,0.0
09:00:00 11/05/2012,47.645,,0.0
09:00:00 12/05/2012,47.645,,0.0
09:00:00 13/05/2012,47.6,,0.0
09:00:00 14/05/2012,47.56,,0.0
09:00:00 15/05/2012,47.605,,0.0
09:00:00 16/05/2012,47.675,,0.0
09:00:00 17/05/2012,47.67,,0.0
09:00:00 18/05/2012,47.64,,0.0
09:00:00 19/05/2012,47.6,,0.0
09:00:00 20/05/2012,47.56,,0.0
09:00:00 21/05/2012,47.52,,0.0
09:00:00 22/05/2012,47.555,,0.0
09:00:00 23/05/2012,47.61,,0.0
09:00:00 24/05/2012,47.605,,0.0
09:00:00 25/05/2012,47.63,,0.0
09:00:00 26/05/2012,47.655,,2.3
09:00:00 27/05/2012,47.64,,0.3
09:00:00 28/05/2012,47.615,,0.0
09:00:00 29/05/2012,47.59,,0.0
09:00:00 30/05/2012,47.57,,0.0
09:00:00 31/05/2012,47.58,,0.0
09:00:00 01/06/2012,47.6,,0.0
09:00:00 02/06/2012,47.61,,0.0
09:00:00 03/06/2012,47.62,,0.0
09:00:00 04/06/2012,47.615,,0.0
09:00:00 05/06/2012,47.61,,5.6
09:00:00 06/06/2012,47.605,,0.0
09:00:00 07/06/2012,47.59,,0.0
09:00:00 08/06/2012,47.595,,0.0
09:00:00 09/06/2012,47.61,,0.0
09:00:00 10/06/2012,47.605,,0.0
09:00:00 11/06/2012,47.6,,0.0
09:00:00 12/06/2012,47.595,,0.0
09:00:00 13/06/2012,47.59,,0.0
09:00:00 14/06/2012,47.585,,0.0
09:00:00 15/06/2012,47.58,,0.0
09:00:00 16/06/2012,47.57,,0.0
09:00:00 17/06/2012,47.555,,0.0
09:00:00 18/06/2012,47.545,,0.5
09:00:00 19/06/2012,47.565,,0.0
09:00:00 20/06/2012,47.595,,0.0
09:00:00 21/06/2012,47.6,,0.0
09:00:00 22/06/2012,47.605,,2.6
09:00:00 23/06/2012,47.619,,4.1
09:00:00 24/06/2012,47.638,,0.0
09:00:00 25/06/2012,47.663,,0.0
09:00:00 26/06/2012,47.619,,0.0
09:00:00 27/06/2012,47.556,,0.0
09:00:00 28/06/2012,47.528,,0.0
09:00:00 29/06/2012,47.502,,0.0
09:00:00 30/06/2012,47.5,,0.1
09:00:00 01/07/2012,47.5,,0.0
09:00:00 02/07/2012,47.5,,0.7
09:00:00 03/07/2012,47.454,,0.0
09:00:00 04/07/2012,47.363,,0.0
09:00:00 05/07/2012,47.337,,0.0
09:00:00 06/07/2012,47.333,,0.0
09:00:00 07/07/2012,47.3,,0.0
09:00:00 08/07/2012,47.29,,0.0
09:00:00 09/07/2012,47.305,,0.0
09:00:00 10/07/2012,47.315,,12.5
09:00:00 11/07/2012,47.325,,8.4
09:00:00 12/07/2012,47.32,,3.3
09:00:00 13/07/2012,47.29,,10.3
09:00:00 14/07/2012,47.285,,0.4
09:00:00 15/07/2012,47.31,,0.1
09:00:00 16/07/2012,47.355,,0.0
09:00:00 17/07/2012,47.395,,0.0
09:00:00 18/07/2012,47.355,,0.0
09:00:00 19/07/2012,47.31,,0.0
09:00:00 20/07/2012,47.28,,0.0
09:00:00 21/07/2012,47.175,,0.0
09:00:00 22/07/2012,47.115,,0.0
09:00:00 23/07/2012,47.125,,0.0
09:00:00 24/07/2012,47.135,,0.0
09:00:00 25/07/2012,47.145,,0.0
09:00:00 26/07/2012,47.169,,1.5
09:00:00 27/07/2012,47.198,,1.1
09:00:00 28/07/2012,47.218,,0.1
09:00:00 29/07/2012,47.248,,0.1
09:00:00 30/07/2012,47.277,,0.0
09:00:00 31/07/2012,47.298,,0.0
09:00:00 01/08/2012,47.314,,0.0
09:00:00 02/08/2012,47.329,,0.0
09:00:00 03/08/2012,47.362,,0.0
09:00:00 04/08/2012,47.393,,0.0
09:00:00 05/08/2012,47.42,,0.0
09:00:00 06/08/2012,47.46,,0.0
09:00:00 07/08/2012,47.505,,0.0
09:00:00 08/08/2012,47.55,,0.0
09:00:00 09/08/2012,47.595,,5.5
09:00:00 10/08/2012,47.635,,0.0
09:00:00 11/08/2012,47.675,,0.0
09:00:00 12/08/2012,47.725,,0.0
09:00:00 13/08/2012,47.775,,0.0
09:00:00 14/08/2012,47.815,,0.0
09:00:00 15/08/2012,47.845,,0.0
09:00:00 16/08/2012,47.88,,0.0
09:00:00 17/08/2012,47.92,,3.7
09:00:00 18/08/2012,47.96,,0.1
09:00:00 19/08/2012,47.995,,0.0
09:00:00 20/08/2012,48.03,,0.9
09:00:00 21/08/2012,48.07,,0.0
09:00:00 22/08/2012,48.11,,0.4
09:00:00 23/08/2012,48.15,,4.1
09:00:00 24/08/2012,48.185,,0.4
09:00:00 25/08/2012,48.215,,0.1
09:00:00 26/08/2012,48.245,,0.0
09:00:00 27/08/2012,48.26,,0.0
09:00:00 28/08/2012,48.27,,0.0
09:00:00 29/08/2012,48.28,,0.0
09:00:00 30/08/2012,48.325,,0.0
09:00:00 31/08/2012,48.365,,0.0
09:00:00 01/09/2012,48.35,,0.0
09:00:00 02/09/2012,48.34,,0.0
09:00:00 03/09/2012,48.33,,0.0
09:00:00 04/09/2012,48.3,,0.0
09:00:00 05/09/2012,48.27,,0.0
09:00:00 06/09/2012,48.24,,0.0
09:00:00 07/09/2012,48.215,,0.1
09:00:00 08/09/2012,48.205,,0.0
09:00:00 09/09/2012,48.185,,0.0
09:00:00 10/09/2012,48.165,,0.0
09:00:00 11/09/2012,48.16,,0.0
09:00:00 12/09/2012,48.16,,0.0
09:00:00 13/09/2012,48.16,,1.5
09:00:00 14/09/2012,48.17,,0.0
09:00:00 15/09/2012,48.19,,0.0
09:00:00 16/09/2012,48.205,,0.0
09:00:00 17/09/2012,48.22,,0.0
09:00:00 18/09/2012,48.25,,13.9
09:00:00 19/09/2012,48.28,,0.0
09:00:00 20/09/2012,48.3,,0.0
09:00:00 21/09/2012,48.325,,0.0
09:00:00 22/09/2012,48.35,,0.0
09:00:00 23/09/2012,48.365,,0.0
09:00:00 24/09/2012,48.37,,0.0
09:00:00 25/09/2012,48.375,,0.0
09:00:00 26/09/2012,48.385,,0.0
09:00:00 27/09/2012,48.39,,0.0
09:00:00 28/09/2012,48.45,,0.2
09:00:00 29/09/2012,48.46,,0.1
09:00:00 30/09/2012,48.405,,0.4
09:00:00 01/10/2012,48.395,,0.0
09:00:00 02/10/2012,48.39,,0.0
09:00:00 03/10/2012,48.45,,0.0
09:00:00 04/10/2012,48.375,,0.0
09:00:00 05/10/2012,48.2,,0.0
09:00:00 06/10/2012,48.11,,5.4
09:00:00 07/10/2012,48.035,,0.0
09:00:00 08/10/2012,47.995,,0.0
09:00:00 09/10/2012,47.795,,0.0
09:00:00 10/10/2012,47.5,,0.0
09:00:00 11/10/2012,47.46,,2.2
09:00:00 12/10/2012,47.65,,5.0
09:00:00 13/10/2012,47.75,,0.0
09:00:00 14/10/2012,47.69,,0.0
09:00:00 15/10/2012,47.61,,0.0
09:00:00 16/10/2012,47.645,,0.0
09:00:00 17/10/2012,47.715,,0.0
09:00:00 18/10/2012,47.71,,0.0
09:00:00 19/10/2012,47.69,,0.0
09:00:00 20/10/2012,47.665,,0.0
09:00:00 21/10/2012,47.655,,0.0
09:00:00 22/10/2012,47.64,,0.0
09:00:00 23/10/2012,47.64,,0.0
09:00:00 24/10/2012,47.645,,0.0
09:00:00 25/10/2012,47.64,,0.0
09:00:00 26/10/2012,47.64,,0.0
09:00:00 27/10/2012,47.635,,0.0
09:00:00 28/10/2012,47.625,,0.0
09:00:00 29/10/2012,47.62,,0.0
09:00:00 30/10/2012,47.61,,0.0
09:00:00 31/10/2012,47.595,,0.0
09:00:00 01/11/2012,47.57,,0.7
09:00:00 02/11/2012,47.625,,0.0
09:00:00 03/11/2012,47.695,,0.0
09:00:00 04/11/2012,47.68,,0.0
09:00:00 05/11/2012,47.65,,0.0
09:00:00 06/11/2012,47.645,,0.1
09:00:00 07/11/2012,47.645,,1.8
09:00:00 08/11/2012,47.61,,0.0
09:00:00 09/11/2012,47.61,,0.0
09:00:00 10/11/2012,47.625,,0.0
09:00:00 11/11/2012,47.62,,0.0
09:00:00 12/11/2012,47.615,,0.0
09:00:00 13/11/2012,47.61,,0.0
09:00:00 14/11/2012,47.605,,0.0
09:00:00 15/11/2012,47.6,,0.0
09:00:00 16/11/2012,47.59,,1.5
09:00:00 17/11/2012,47.58,,0.0
09:00:00 18/11/2012,47.575,,0.0
09:00:00 19/11/2012,47.57,,0.0
09:00:00 20/11/2012,47.57,,0.0
09:00:00 21/11/2012,47.57,,0.0
09:00:00 22/11/2012,47.565,,0.0
09:00:00 23/11/2012,47.56,,0.0
09:00:00 24/11/2012,47.56,,0.0
09:00:00 25/11/2012,47.55,,0.0
09:00:00 26/11/2012,47.53,,0.0
09:00:00 27/11/2012,47.555,,3.4
09:00:00 28/11/2012,47.595,,0.0
09:00:00 29/11/2012,47.605,,0.0
09:00:00 30/11/2012,47.595,,0.0
09:00:00 01/12/2012,47.58,,3.9
09:00:00 02/12/2012,47.59,,0.0
09:00:00 03/12/2012,47.61,,0.0
09:00:00 04/12/2012,47.62,,1.6
09:00:00 05/12/2012,47.625,,0.0
09:00:00 06/12/2012,47.61,,0.0
09:00:00 07/12/2012,47.585,,0.0
09:00:00 08/12/2012,47.57,,0.0
09:00:00 09/12/2012,47.54,,0.0
09:00:00 10/12/2012,47.51,,0.0
09:00:00 11/12/2012,47.528,,0.0
09:00:00 12/12/2012,47.558,,0.0
09:00:00 13/12/2012,47.55,,0.0
09:00:00 14/12/2012,47.565,,0.0
09:00:00 15/12/2012,47.59,,4.2
09:00:00 16/12/2012,47.585,,0.0
09:00:00 17/12/2012,47.575,,0.0
09:00:00 18/12/2012,47.58,,0.0
09:00:00 19/12/2012,47.585,,0.0
09:00:00 20/12/2012,47.575,,2.0
09:00:00 21/12/2012,47.57,,0.0
09:00:00 22/12/2012,47.58,,0.0
09:00:00 23/12/2012,47.59,,0.0
09:00:00 24/12/2012,47.585,,0.0
09:00:00 25/12/2012,47.58,,0.0
09:00:00 26/12/2012,47.58,,0.0
09:00:00 27/12/2012,47.58,,0.0
09:00:00 28/12/2012,47.576,,0.0
09:00:00 29/12/2012,47.571,,0.0
09:00:00 30/12/2012,47.561,,0.0
09:00:00 31/12/2012,47.547,,0.0
09:00:00 01/01/2013,47.536,,0.0
09:00:00 02/01/2013,47.515,,0.0
09:00:00 03/01/2013,47.515,,0.0
09:00:00 04/01/2013,47.525,,0.0
09:00:00 05/01/2013,47.525,,0.0
09:00:00 06/01/2013,47.52,,0.0
09:00:00 07/01/2013,47.49,,0.0
09:00:00 08/01/2013,47.485,,0.0
09:00:00 09/01/2013,47.5,,0.0
09:00:00 10/01/2013,47.5,,0.0
09:00:00 11/01/2013,47.52,,0.0
09:00:00 12/01/2013,47.54,,0.0
09:00:00 13/01/2013,47.55,,0.0
09:00:00 14/01/2013,47.565,,0.0
09:00:00 15/01/2013,47.585,,0.0
09:00:00 16/01/2013,47.595,,0.0
09:00:00 17/01/2013,47.58,,0.0
09:00:00 18/01/2013,47.555,,0.0
09:00:00 19/01/2013,47.55,,0.0
09:00:00 20/01/2013,47.555,,0.0
09:00:00 21/01/2013,47.545,,0.0
09:00:00 22/01/2013,47.545,,0.0
09:00:00 23/01/2013,47.555,,0.0
09:00:00 24/01/2013,47.565,,0.0
09:00:00 25/01/2013,47.56,,0.0
09:00:00 26/01/2013,47.55,,0.0
09:00:00 27/01/2013,47.55,,0.0
09:00:00 28/01/2013,47.56,,0.0
09:00:00 29/01/2013,47.57,,0.0
09:00:00 30/01/2013,47.57,,0.0
09:00:00 31/01/2013,47.57,,0.0
09:00:00 01/02/2013,47.565,,0.0
09:00:00 02/02/2013,47.56,,0.0
09:00:00 03/02/2013,47.56,,0.0
09:00:00 04/02/2013,47.56,,0.0
09:00:00 05/02/2013,47.555,,0.0
09:00:00 06/02/2013,47.54,,0.0
09:00:00 07/02/2013,47.52,,0.0
09:00:00 08/02/2013,47.525,,0.0
09:00:00 09/02/2013,47.545,,0.0
09:00:00 10/02/2013,47.555,,0.0
09:00:00 11/02/2013,47.565,,0.0
09:00:00 12/02/2013,47.57,,0.0
09:00:00 13/02/2013,47.575,,0.0
09:00:00 14/02/2013,47.58,,11.8
09:00:00 15/02/2013,47.56,,0.2
09:00:00 16/02/2013,47.54,,0.0
09:00:00 17/02/2013,47.54,,0.0
09:00:00 18/02/2013,47.54,,0.0
09:00:00 19/02/2013,47.545,,0.0
09:00:00 20/02/2013,47.55,,0.0
09:00:00 21/02/2013,47.55,,0.0
09:00:00 22/02/2013,47.555,,0.0
09:00:00 23/02/2013,47.56,,0.0
09:00:00 24/02/2013,47.555,,0.0
09:00:00 25/02/2013,47.545,,0.0
09:00:00 26/02/2013,47.555,,0.3
09:00:00 27/02/2013,47.58,,6.6
09:00:00 28/02/2013,47.572,,21.0
09:00:00 01/03/2013,47.532,,0.0
09:00:00 02/03/2013,47.51,,0.0
09:00:00 03/03/2013,47.51,,0.0
09:00:00 04/03/2013,47.51,,0.0
09:00:00 05/03/2013,47.51,,0.0
09:00:00 06/03/2013,47.525,,0.0
09:00:00 07/03/2013,47.56,,0.0
09:00:00 08/03/2013,47.56,,0.0
09:00:00 09/03/2013,47.54,,0.0
09:00:00 10/03/2013,47.54,,0.0
09:00:00 11/03/2013,47.535,,0.0
09:00:00 12/03/2013,47.525,,0.0
09:00:00 13/03/2013,47.535,,0.0
09:00:00 14/03/2013,47.55,,0.0
09:00:00 15/03/2013,47.546,,0.0
09:00:00 16/03/2013,47.551,,0.0
09:00:00 17/03/2013,47.56,,0.0
09:00:00 18/03/2013,47.56,,0.0
09:00:00 19/03/2013,47.555,,0.0
09:00:00 20/03/2013,47.565,,0.0
09:00:00 21/03/2013,47.555,,0.0
09:00:00 22/03/2013,47.525,,0.0
09:00:00 23/03/2013,47.54,,0.0
09:00:00 24/03/2013,47.555,,0.0
09:00:00 25/03/2013,47.545,,0.0
09:00:00 26/03/2013,47.555,,0.0
09:00:00 27/03/2013,47.56,,0.0
09:00:00 28/03/2013,47.57,,8.1
09:00:00 29/03/2013,47.595,,0.0
09:00:00 30/03/2013,47.6,,0.0
09:00:00 31/03/2013,47.595,,0.0
09:00:00 01/04/2013,47.595,,0.0
09:00:00 02/04/2013,47.6,,0.0
09:00:00 03/04/2013,47.595,,0.0
09:00:00 04/04/2013,47.595,,0.0
09:00:00 05/04/2013,47.595,,0.0
09:00:00 06/04/2013,47.545,,0.0
09:00:00 07/04/2013,47.505,,0.0
09:00:00 08/04/2013,47.505,,0.1
09:00:00 09/04/2013,47.52,,3.6
09:00:00 10/04/2013,47.545,,0.0
09:00:00 11/04/2013,47.55,,0.0
09:00:00 12/04/2013,47.55,,0.0
09:00:00 13/04/2013,47.555,,0.0
09:00:00 14/04/2013,47.555,,0.0
09:00:00 15/04/2013,47.546,,0.0
09:00:00 16/04/2013,47.536,,0.0
09:00:00 17/04/2013,47.516,,0.0
09:00:00 18/04/2013,47.501,,0.0
09:00:00 19/04/2013,47.523,,0.0
09:00:00 20/04/2013,47.562,,0.0
09:00:00 21/04/2013,47.579,,0.0
09:00:00 22/04/2013,47.589,,10.1
09:00:00 23/04/2013,47.574,,0.1
09:00:00 24/04/2013,47.527,,0.0
09:00:00 25/04/2013,47.521,,0.0
09:00:00 26/04/2013,47.539,,0.0
09:00:00 27/04/2013,47.54,,0.0
09:00:00 28/04/2013,47.54,,0.0
09:00:00 29/04/2013,47.54,,1.3
09:00:00 30/04/2013,47.535,,1.2
09:00:00 01/05/2013,47.545,,0.0
09:00:00 02/05/2013,47.56,,0.0
09:00:00 03/05/2013,47.565,,0.0
09:00:00 04/05/2013,47.575,,0.0
09:00:00 05/05/2013,47.58,,0.0
09:00:00 06/05/2013,47.58,,0.0
09:00:00 07/05/2013,47.575,,0.0
09:00:00 08/05/2013,47.56,,0.0
09:00:00 09/05/2013,47.545,,0.0
09:00:00 10/05/2013,47.55,,0.0
09:00:00 11/05/2013,47.57,,0.0
09:00:00 12/05/2013,47.59,,0.0
09:00:00 13/05/2013,47.59,,3.3
09:00:00 14/05/2013,47.58,,1.4
09:00:00 15/05/2013,47.58,,4.1
09:00:00 16/05/2013,47.575,,0.9
09:00:00 17/05/2013,47.56,,0.0
09:00:00 18/05/2013,47.555,,0.0
09:00:00 19/05/2013,47.565,,1.2
09:00:00 20/05/2013,47.575,,0.0
09:00:00 21/05/2013,47.58,,0.0
09:00:00 22/05/2013,47.585,,4.9
09:00:00 23/05/2013,47.585,,5.5
09:00:00 24/05/2013,47.545,,0.4
09:00:00 25/05/2013,47.51,,0.0
09:00:00 26/05/2013,47.52,,0.0
09:00:00 27/05/2013,47.535,,0.0
09:00:00 28/05/2013,47.54,,0.0
09:00:00 29/05/2013,47.52,,0.0
09:00:00 30/05/2013,47.52,,2.6
09:00:00 31/05/2013,47.55,,2.9
09:00:00 01/06/2013,47.57,,18.7
09:00:00 02/06/2013,47.55,,11.3
09:00:00 03/06/2013,47.51,,0.7
09:00:00 04/06/2013,47.51,,0.0
09:00:00 05/06/2013,47.555,,0.0
09:00:00 06/06/2013,47.515,,0.0
09:00:00 07/06/2013,47.41,,0.0
09:00:00 08/06/2013,47.41,,0.0
09:00:00 09/06/2013,47.455,,0.0
09:00:00 10/06/2013,47.48,,0.0
09:00:00 11/06/2013,47.5,,0.0
09:00:00 12/06/2013,47.51,,14.6
09:00:00 13/06/2013,47.46,,4.0
09:00:00 14/06/2013,47.345,,1.9
09:00:00 15/06/2013,47.27,,0.0
09:00:00 16/06/2013,47.27,,0.0
09:00:00 17/06/2013,47.28,,0.0
09:00:00 18/06/2013,47.24,,0.1
09:00:00 19/06/2013,47.2,,0.0
09:00:00 20/06/2013,47.245,,0.0
09:00:00 21/06/2013,47.205,,0.0
09:00:00 22/06/2013,47.1,,0.0
09:00:00 23/06/2013,47.05,,9.4
09:00:00 24/06/2013,47.0,,0.0
09:00:00 25/06/2013,47.025,,0.0
09:00:00 26/06/2013,47.05,,0.0
09:00:00 27/06/2013,46.985,,0.3
09:00:00 28/06/2013,46.93,,0.8
09:00:00 29/06/2013,46.915,,0.0
09:00:00 30/06/2013,46.92,,0.0
09:00:00 01/07/2013,46.935,,0.0
09:00:00 02/07/2013,46.92,,0.0
09:00:00 03/07/2013,46.865,,0.0
09:00:00 04/07/2013,46.83,,0.0
09:00:00 05/07/2013,46.83,,0.0
09:00:00 06/07/2013,46.845,,0.0
09:00:00 07/07/2013,46.85,,2.2
09:00:00 08/07/2013,46.83,,0.0
09:00:00 09/07/2013,46.815,,0.0
09:00:00 10/07/2013,46.825,,0.0
09:00:00 11/07/2013,46.83,,0.0
09:00:00 12/07/2013,46.84,,0.0
09:00:00 13/07/2013,46.875,,3.5
09:00:00 14/07/2013,46.855,,5.2
09:00:00 15/07/2013,46.76,,0.4
09:00:00 16/07/2013,46.795,,0.0
09:00:00 17/07/2013,46.935,,0.0
09:00:00 18/07/2013,47.03,,0.0
09:00:00 19/07/2013,47.07,,2.4
09:00:00 20/07/2013,47.055,,2.2
09:00:00 21/07/2013,47.06,,0.2
09:00:00 22/07/2013,47.07,,2.1
09:00:00 23/07/2013,47.07,,0.1
09:00:00 24/07/2013,47.075,,0.0
09:00:00 25/07/2013,47.11,,0.0
09:00:00 26/07/2013,47.16,,0.0
09:00:00 27/07/2013,47.185,,0.0
09:00:00 28/07/2013,47.2,,0.0
09:00:00 29/07/2013,47.2,,0.2
09:00:00 30/07/2013,47.265,,0.0
09:00:00 31/07/2013,47.34,,0.0
09:00:00 01/08/2013,47.195,,0.0
09:00:00 02/08/2013,47.05,,0.0
09:00:00 03/08/2013,47.02,,0.0
09:00:00 04/08/2013,46.99,,1.7
09:00:00 05/08/2013,46.995,,0.0
09:00:00 06/08/2013,47.025,,0.0
09:00:00 07/08/2013,47.07,,0.2
09:00:00 08/08/2013,47.12,,3.3
09:00:00 09/08/2013,47.195,,2.1
09:00:00 10/08/2013,47.275,,0.0
09:00:00 11/08/2013,47.345,,0.0
09:00:00 12/08/2013,47.435,,4.9
09:00:00 13/08/2013,47.47,,0.0
09:00:00 14/08/2013,47.395,,0.0
09:00:00 15/08/2013,47.31,,0.3
09:00:00 16/08/2013,47.28,,0.0
09:00:00 17/08/2013,47.235,,0.1
09:00:00 18/08/2013,47.195,,0.0
09:00:00 19/08/2013,47.21,,0.1
09:00:00 20/08/2013,47.235,,0.1
09:00:00 21/08/2013,47.24,,2.0
09:00:00 22/08/2013,47.203,,1.6
09:00:00 23/08/2013,47.178,,0.1
09:00:00 24/08/2013,47.195,,0.0
09:00:00 25/08/2013,47.22,,0.0
09:00:00 26/08/2013,47.235,,0.0
09:00:00 27/08/2013,47.24,,0.0
09:00:00 28/08/2013,47.24,,0.0
09:00:00 29/08/2013,47.235,,0.0
09:00:00 30/08/2013,47.225,,0.0
09:00:00 31/08/2013,47.225,,0.0
09:00:00 01/09/2013,47.235,,0.0
09:00:00 02/09/2013,47.25,,0.0
09:00:00 03/09/2013,47.275,,0.0
09:00:00 04/09/2013,47.315,,0.0
09:00:00 05/09/2013,47.33,,0.0
09:00:00 06/09/2013,47.35,,0.0
09:00:00 07/09/2013,47.4,,0.0
09:00:00 08/09/2013,47.44,,0.0
09:00:00 09/09/2013,47.475,,0.0
09:00:00 10/09/2013,47.51,,0.0
09:00:00 11/09/2013,47.515,,0.0
09:00:00 12/09/2013,47.51,,0.0
09:00:00 13/09/2013,47.545,,8.7
09:00:00 14/09/2013,47.589,,7.5
09:00:00 15/09/2013,47.623,,0.0
09:00:00 16/09/2013,47.653,,0.0
09:00:00 17/09/2013,47.683,,0.6
09:00:00 18/09/2013,47.708,,0.0
09:00:00 19/09/2013,47.728,,0.0
09:00:00 20/09/2013,47.769,,2.8
09:00:00 21/09/2013,47.805,,0.0
09:00:00 22/09/2013,47.82,,0.0
09:00:00 23/09/2013,47.835,,0.0
09:00:00 24/09/2013,47.845,,0.0
09:00:00 25/09/2013,47.845,,0.0
09:00:00 26/09/2013,47.84,,0.0
09:00:00 27/09/2013,47.84,,0.0
09:00:00 28/09/2013,47.81,,0.0
09:00:00 29/09/2013,47.78,,0.0
09:00:00 30/09/2013,47.77,,0.0
09:00:00 01/10/2013,47.75,,5.8
09:00:00 02/10/2013,47.735,,0.0
09:00:00 03/10/2013,47.72,,1.2
09:00:00 04/10/2013,47.71,,0.0
09:00:00 05/10/2013,47.71,,0.0
09:00:00 06/10/2013,47.71,,0.0
09:00:00 07/10/2013,47.7,,0.0
09:00:00 08/10/2013,47.69,,0.0
09:00:00 09/10/2013,47.685,,0.0
09:00:00 10/10/2013,47.665,,0.0
09:00:00 11/10/2013,47.645,,0.0
09:00:00 12/10/2013,47.63,,0.0
09:00:00 13/10/2013,47.61,,0.0
09:00:00 14/10/2013,47.595,,0.0
09:00:00 15/10/2013,47.58,,0.0
09:00:00 16/10/2013,47.56,,0.0
09:00:00 17/10/2013,47.535,,0.0
09:00:00 18/10/2013,47.6,,0.0
09:00:00 19/10/2013,47.675,,0.0
09:00:00 20/10/2013,47.66,,0.0
09:00:00 21/10/2013,47.63,,0.0
09:00:00 22/10/2013,47.59,,0.0
09:00:00 23/10/2013,47.585,,4.1
09:00:00 24/10/2013,47.591,,0.0
09:00:00 25/10/2013,47.566,,0.0
09:00:00 26/10/2013,47.58,,0.0
09:00:00 27/10/2013,47.605,,0.0
09:00:00 28/10/2013,47.595,,0.0
09:00:00 29/10/2013,47.565,,0.0
09:00:00 30/10/2013,47.555,,0.0
09:00:00 31/10/2013,47.57,,0.0
09:00:00 01/11/2013,47.57,,0.0
09:00:00 02/11/2013,47.57,,0.0
09:00:00 03/11/2013,47.57,,0.0
09:00:00 04/11/2013,47.575,,0.0
09:00:00 05/11/2013,47.575,,0.0
09:00:00 06/11/2013,47.57,,0.0
09:00:00 07/11/2013,47.565,,0.0
09:00:00 08/11/2013,47.585,,0.0
09:00:00 09/11/2013,47.615,,0.0
09:00:00 10/11/2013,47.62,,0.0
09:00:00 11/11/2013,47.62,,0.0
09:00:00 12/11/2013,47.62,,0.0
09:00:00 13/11/2013,47.62,,0.0
09:00:00 14/11/2013,47.615,,0.0
09:00:00 15/11/2013,47.61,,0.0
09:00:00 16/11/2013,47.605,,0.0
09:00:00 17/11/2013,47.6,,0.0
09:00:00 18/11/2013,47.6,,0.0
09:00:00 19/11/2013,47.595,,0.0
09:00:00 20/11/2013,47.59,,0.0
09:00:00 21/11/2013,47.59,,0.0
09:00:00 22/11/2013,47.595,,0.0
09:00:00 23/11/2013,47.605,,0.0
09:00:00 24/11/2013,47.61,,0.0
09:00:00 25/11/2013,47.615,,0.0
09:00:00 26/11/2013,47.62,,0.0
09:00:00 27/11/2013,47.61,,0.0
09:00:00 28/11/2013,47.605,,0.0
09:00:00 29/11/2013,47.625,,0.0
09:00:00 30/11/2013,47.64,,0.0
09:00:00 01/12/2013,47.61,,0.0
09:00:00 02/12/2013,47.575,,0.0
09:00:00 03/12/2013,47.565,,0.0
09:00:00 04/12/2013,47.6,,28.3
09:00:00 05/12/2013,47.58,,14.5
09:00:00 06/12/2013,47.57,,0.0
09:00:00 07/12/2013,47.62,,0.0
09:00:00 08/12/2013,47.61,,0.0
09:00:00 09/12/2013,47.595,,0.0
09:00:00 10/12/2013,47.585,,0.1
09:00:00 11/12/2013,47.605,,0.0
09:00:00 12/12/2013,47.625,,0.0
09:00:00 13/12/2013,47.63,,0.0
09:00:00 14/12/2013,47.62,,0.0
09:00:00 15/12/2013,47.6,,0.0
09:00:00 16/12/2013,47.62,,0.0
09:00:00 17/12/2013,47.62,,0.0
09:00:00 18/12/2013,47.605,,0.0
09:00:00 19/12/2013,47.615,,0.0
09:00:00 20/12/2013,47.61,,0.0
09:00:00 21/12/2013,47.595,,0.0
09:00:00 22/12/2013,47.605,,0.0
09:00:00 23/12/2013,47.625,,14.4
09:00:00 24/12/2013,47.63,,0.0
09:00:00 25/12/2013,47.63,,0.0
09:00:00 26/12/2013,47.625,,0.0
09:00:00 27/12/2013,47.6,,0.0
09:00:00 28/12/2013,47.605,,0.0
09:00:00 29/12/2013,47.615,,0.0
09:00:00 30/12/2013,47.59,,0.0
09:00:00 31/12/2013,47.6,,0.0
09:00:00 01/01/2014,47.61,,0.0
09:00:00 02/01/2014,47.59,,0.0
09:00:00 03/01/2014,47.6,,0.0
09:00:00 04/01/2014,47.61,,0.0
09:00:00 05/01/2014,47.595,,0.0
09:00:00 06/01/2014,47.58,,0.0
09:00:00 07/01/2014,47.585,,0.0
09:00:00 08/01/2014,47.6,,0.0
09:00:00 09/01/2014,47.61,,0.0
09:00:00 10/01/2014,47.605,,0.0
09:00:00 11/01/2014,47.585,,0.0
09:00:00 12/01/2014,47.575,,0.0
09:00:00 13/01/2014,47.565,,0.0
09:00:00 14/01/2014,47.575,,0.0
09:00:00 15/01/2014,47.585,,0.0
09:00:00 16/01/2014,47.575,,0.0
09:00:00 17/01/2014,47.595,,0.0
09:00:00 18/01/2014,47.625,,0.0
09:00:00 19/01/2014,47.625,,0.0
09:00:00 20/01/2014,47.61,,0.0
09:00:00 21/01/2014,47.6,,0.0
09:00:00 22/01/2014,47.59,,0.0
09:00:00 23/01/2014,47.59,,0.0
09:00:00 24/01/2014,47.595,,0.0
09:00:00 25/01/2014,47.595,,0.0
09:00:00 26/01/2014,47.6,,0.0
09:00:00 27/01/2014,47.6,,0.0
09:00:00 28/01/2014,47.6,,0.0
09:00:00 29/01/2014,47.61,,0.0
09:00:00 30/01/2014,47.61,,0.0
09:00:00 31/01/2014,47.6,,0.0
09:00:00 01/02/2014,47.59,,0.0
09:00:00 02/02/2014,47.575,,0.0
09:00:00 03/02/2014,47.57,,0.0
09:00:00 04/02/2014,47.565,,0.0
09:00:00 05/02/2014,47.56,,0.0
09:00:00 06/02/2014,47.575,,0.0
09:00:00 07/02/2014,47.595,,0.0
09:00:00 08/02/2014,47.605,,0.0
09:00:00 09/02/2014,47.615,,0.0
09:00:00 10/02/2014,47.62,,0.0
09:00:00 11/02/2014,47.62,,0.0
09:00:00 12/02/2014,47.62,,0.0
09:00:00 13/02/2014,47.63,,0.0
09:00:00 14/02/2014,47.63,,15.2
09:00:00 15/02/2014,47.64,,45.7
09:00:00 16/02/2014,47.64,,1.1
09:00:00 17/02/2014,47.62,,0.0
09:00:00 18/02/2014,47.62,,0.0
09:00:00 19/02/2014,47.625,,0.0
09:00:00 20/02/2014,47.61,,0.0
09:00:00 21/02/2014,47.59,,0.0
09:00:00 22/02/2014,47.59,,0.0
09:00:00 23/02/2014,47.605,,0.0
09:00:00 24/02/2014,47.62,,0.0
09:00:00 25/02/2014,47.61,,0.0
09:00:00 26/02/2014,47.6,,0.0
09:00:00 27/02/2014,47.6,,0.0
09:00:00 28/02/2014,47.59,,0.0
09:00:00 01/03/2014,47.585,,0.0
09:00:00 02/03/2014,47.595,,0.0
09:00:00 03/03/2014,47.61,,0.0
09:00:00 04/03/2014,47.625,,0.0
09:00:00 05/03/2014,47.635,,5.7
09:00:00 06/03/2014,47.645,,0.0
09:00:00 07/03/2014,47.65,,0.0
09:00:00 08/03/2014,47.645,,0.0
09:00:00 09/03/2014,47.63,,0.0
09:00:00 10/03/2014,47.61,,0.0
09:00:00 11/03/2014,47.58,,0.0
09:00:00 12/03/2014,47.57,,2.4
09:00:00 13/03/2014,47.6,,0.0
09:00:00 14/03/2014,47.635,,0.0
09:00:00 15/03/2014,47.655,,0.0
09:00:00 16/03/2014,47.655,,0.0
09:00:00 17/03/2014,47.645,,0.0
09:00:00 18/03/2014,47.63,,0.0
09:00:00 19/03/2014,47.615,,0.0
09:00:00 20/03/2014,47.605,,0.0
09:00:00 21/03/2014,47.61,,0.0
09:00:00 22/03/2014,47.61,,0.0
09:00:00 23/03/2014,47.59,,0.0
09:00:00 24/03/2014,47.57,,0.0
09:00:00 25/03/2014,47.565,,0.0
09:00:00 26/03/2014,47.575,,10.6
09:00:00 27/03/2014,47.58,,5.5
09:00:00 28/03/2014,47.58,,0.0
09:00:00 29/03/2014,47.58,,0.0
09:00:00 30/03/2014,47.575,,0.2
09:00:00 31/03/2014,47.565,,0.0
09:00:00 01/04/2014,47.57,,0.0
09:00:00 02/04/2014,47.59,,0.0
09:00:00 03/04/2014,47.59,,4.6
09:00:00 04/04/2014,47.57,,0.0
09:00:00 05/04/2014,47.56,,0.0
09:00:00 06/04/2014,47.57,,0.0
09:00:00 07/04/2014,47.585,,0.0
09:00:00 08/04/2014,47.595,,0.0
09:00:00 09/04/2014,47.605,,0.6
09:00:00 10/04/2014,47.615,,15.7
09:00:00 11/04/2014,47.61,,17.1
09:00:00 12/04/2014,47.58,,0.0
09:00:00 13/04/2014,47.555,,0.0
09:00:00 14/04/2014,47.54,,0.0
09:00:00 15/04/2014,47.535,,0.0
09:00:00 16/04/2014,47.545,,0.0
09:00:00 17/04/2014,47.56,,0.0
09:00:00 18/04/2014,47.565,,0.0
09:00:00 19/04/2014,47.575,,0.0
09:00:00 20/04/2014,47.595,,0.0
09:00:00 21/04/2014,47.61,,0.0
09:00:00 22/04/2014,47.625,,0.0
09:00:00 23/04/2014,47.645,,0.0
09:00:00 24/04/2014,47.635,,0.0
09:00:00 25/04/2014,47.625,,0.0
09:00:00 26/04/2014,47.64,,0.0
09:00:00 27/04/2014,47.63,,0.0
09:00:00 28/04/2014,47.615,,0.0
09:00:00 29/04/2014,47.585,,0.0
09:00:00 30/04/2014,47.579,,12.7
09:00:00 01/05/2014,47.629,,0.0
09:00:00 02/05/2014,47.68,,3.8
09:00:00 03/05/2014,47.7,,11.3
09:00:00 04/05/2014,47.7,,1.5
09:00:00 05/05/2014,47.7,,0.0
09:00:00 06/05/2014,47.7,,0.6
09:00:00 07/05/2014,47.695,,0.0
09:00:00 08/05/2014,47.69,,0.0
09:00:00 09/05/2014,47.69,,0.0
09:00:00 10/05/2014,47.685,,1.0
09:00:00 11/05/2014,47.675,,0.1
09:00:00 12/05/2014,47.665,,0.0
09:00:00 13/05/2014,47.67,,0.0
09:00:00 14/05/2014,47.705,,0.0
09:00:00 15/05/2014,47.75,,0.0
09:00:00 16/05/2014,47.775,,0.0
09:00:00 17/05/2014,47.78,,0.0
09:00:00 18/05/2014,47.78,,0.0
09:00:00 19/05/2014,47.78,,0.0
09:00:00 20/05/2014,47.785,,0.0
09:00:00 21/05/2014,47.795,,0.0
09:00:00 22/05/2014,47.8,,0.0
09:00:00 23/05/2014,47.795,,0.0
09:00:00 24/05/2014,47.78,,0.0
09:00:00 25/05/2014,47.77,,0.0
09:00:00 26/05/2014,47.765,,0.0
09:00:00 27/05/2014,47.775,,8.3
09:00:00 28/05/2014,47.795,,2.7
09:00:00 29/05/2014,47.8,,0.2
09:00:00 30/05/2014,47.8,,0.0
09:00:00 31/05/2014,47.79,,0.0
09:00:00 01/06/2014,47.78,,2.7
09:00:00 02/06/2014,47.775,,0.0
09:00:00 03/06/2014,47.775,,0.4
09:00:00 04/06/2014,47.78,,0.4
09:00:00 05/06/2014,47.78,,0.0
09:00:00 06/06/2014,47.78,,0.0
09:00:00 07/06/2014,47.78,,0.0
09:00:00 08/06/2014,47.78,,0.0
09:00:00 09/06/2014,47.78,,0.0
09:00:00 10/06/2014,47.79,,0.0
09:00:00 11/06/2014,47.8,,0.0
09:00:00 12/06/2014,47.8,,0.0
09:00:00 13/06/2014,47.795,,0.5
09:00:00 14/06/2014,47.79,,0.0
09:00:00 15/06/2014,47.795,,0.1
09:00:00 16/06/2014,47.8,,0.0
09:00:00 17/06/2014,47.8,,0.1
09:00:00 18/06/2014,47.8,,0.0
09:00:00 19/06/2014,47.8,,0.0
09:00:00 20/06/2014,47.8,,0.0
09:00:00 21/06/2014,47.8,,0.2
09:00:00 22/06/2014,47.795,,1.5
09:00:00 23/06/2014,47.785,,1.7
09:00:00 24/06/2014,47.78,,0.0
09:00:00 25/06/2014,47.785,,4.9
09:00:00 26/06/2014,47.79,,0.0
09:00:00 27/06/2014,47.79,,0.0
09:00:00 28/06/2014,47.79,,0.2
09:00:00 29/06/2014,47.79,,1.6
09:00:00 30/06/2014,47.79,,0.0
09:00:00 01/07/2014,47.795,,0.0
09:00:00 02/07/2014,47.8,,0.0
09:00:00 03/07/2014,47.795,,0.0
09:00:00 04/07/2014,47.76,,0.2
09:00:00 05/07/2014,47.717,,0.0
09:00:00 06/07/2014,47.702,,0.9
09:00:00 07/07/2014,47.71,,0.4
09:00:00 08/07/2014,47.72,,0.0
09:00:00 09/07/2014,47.7,,0.0
09:00:00 10/07/2014,47.655,,0.1
09:00:00 11/07/2014,47.615,,0.4
09:00:00 12/07/2014,47.61,,0.0
09:00:00 13/07/2014,47.625,,0.1
09:00:00 14/07/2014,47.65,,0.0
09:00:00 15/07/2014,47.63,,2.1
09:00:00 16/07/2014,47.555,,1.3
09:00:00 17/07/2014,47.5,,0.0
09:00:00 18/07/2014,47.475,,5.2
09:00:00 19/07/2014,47.475,,0.0
09:00:00 20/07/2014,47.51,,0.0
09:00:00 21/07/2014,47.605,,0.0
09:00:00 22/07/2014,47.735,,0.0
09:00:00 23/07/2014,47.85,,0.2
09:00:00 24/07/2014,47.915,,0.3
09:00:00 25/07/2014,47.945,,0.0
09:00:00 26/07/2014,47.975,,0.7
09:00:00 27/07/2014,47.995,,0.0
09:00:00 28/07/2014,47.97,,0.0
09:00:00 29/07/2014,47.94,,0.0
09:00:00 30/07/2014,47.95,,0.0
09:00:00 31/07/2014,47.97,,1.1
09:00:00 01/08/2014,47.975,,1.2
09:00:00 02/08/2014,47.98,,0.0
09:00:00 03/08/2014,47.995,,0.0
09:00:00 04/08/2014,48.01,,0.0
09:00:00 05/08/2014,48.0,,0.0
09:00:00 06/08/2014,47.99,,0.0
09:00:00 07/08/2014,48.0,,0.0
09:00:00 08/08/2014,48.0,,0.0
09:00:00 09/08/2014,48.0,,0.0
09:00:00 10/08/2014,48.0,,0.0
09:00:00 11/08/2014,47.995,,0.0
09:00:00 12/08/2014,47.985,,0.0
09:00:00 13/08/2014,47.98,,0.0
09:00:00 14/08/2014,47.97,,0.0
09:00:00 15/08/2014,47.95,,0.0
09:00:00 16/08/2014,47.93,,6.6
09:00:00 17/08/2014,47.9,,1.2
09:00:00 18/08/2014,47.865,,0.0
09:00:00 19/08/2014,47.835,,0.0
09:00:00 20/08/2014,47.8,,0.0
09:00:00 21/08/2014,47.785,,0.0
09:00:00 22/08/2014,47.825,,0.0
09:00:00 23/08/2014,47.855,,0.0
09:00:00 24/08/2014,47.835,,0.0
09:00:00 25/08/2014,47.825,,0.0
09:00:00 26/08/2014,47.815,,0.0
09:00:00 27/08/2014,47.775,,0.0
09:00:00 28/08/2014,47.785,,0.0
09:00:00 29/08/2014,47.81,,0.0
09:00:00 30/08/2014,47.8,,0.0
09:00:00 31/08/2014,47.79,,0.0
09:00:00 01/09/2014,47.765,,0.0
09:00:00 02/09/2014,47.77,,9.8
09:00:00 03/09/2014,47.795,,0.0
09:00:00 04/09/2014,47.8,,0.0
09:00:00 05/09/2014,47.8,,0.0
09:00:00 06/09/2014,47.8,,0.0
09:00:00 07/09/2014,47.81,,0.0
09:00:00 08/09/2014,47.825,,0.0
09:00:00 09/09/2014,47.835,,0.0
09:00:00 10/09/2014,47.84,,0.0
09:00:00 11/09/2014,47.835,,0.0
09:00:00 12/09/2014,47.805,,0.0
09:00:00 13/09/2014,47.78,,0.0
09:00:00 14/09/2014,47.78,,0.0
09:00:00 15/09/2014,47.78,,0.0
09:00:00 16/09/2014,47.775,,0.0
09:00:00 17/09/2014,47.785,,0.0
09:00:00 18/09/2014,47.8,,0.0
09:00:00 19/09/2014,47.8,,0.0
09:00:00 20/09/2014,47.8,,0.0
09:00:00 21/09/2014,47.795,,0.0
09:00:00 22/09/2014,47.785,,0.0
09:00:00 23/09/2014,47.775,,0.0
09:00:00 24/09/2014,47.745,,0.5
09:00:00 25/09/2014,47.74,,3.7
09:00:00 26/09/2014,47.78,,3.8
09:00:00 27/09/2014,47.8,,0.0
09:00:00 28/09/2014,47.8,,0.0
09:00:00 29/09/2014,47.8,,0.0
09:00:00 30/09/2014,47.795,,0.0
09:00:00 01/10/2014,47.79,,0.0
09:00:00 02/10/2014,47.795,,0.0
09:00:00 03/10/2014,47.795,,0.0
09:00:00 04/10/2014,47.79,,0.0
09:00:00 05/10/2014,47.795,,0.0
09:00:00 06/10/2014,47.81,,0.1
09:00:00 07/10/2014,47.82,,0.7
09:00:00 08/10/2014,47.8,,0.0
09:00:00 09/10/2014,47.78,,0.0
09:00:00 10/10/2014,47.785,,0.0
09:00:00 11/10/2014,47.79,,0.0
09:00:00 12/10/2014,47.781,,0.0
09:00:00 13/10/2014,47.762,,0.0
09:00:00 14/10/2014,47.776,,0.0
09:00:00 15/10/2014,47.8,,0.0
09:00:00 16/10/2014,47.8,,0.0
09:00:00 17/10/2014,47.8,,0.0
09:00:00 18/10/2014,47.8,,0.0
09:00:00 19/10/2014,47.795,,0.0
09:00:00 20/10/2014,47.785,,0.0
09:00:00 21/10/2014,47.79,,0.0
09:00:00 22/10/2014,47.8,,0.0
09:00:00 23/10/2014,47.805,,0.0
09:00:00 24/10/2014,47.805,,0.0
09:00:00 25/10/2014,47.785,,0.0
09:00:00 26/10/2014,47.775,,0.0
09:00:00 27/10/2014,47.785,,0.2
09:00:00 28/10/2014,47.8,,0.0
09:00:00 29/10/2014,47.785,,0.0
09:00:00 30/10/2014,47.75,,0.0
09:00:00 31/10/2014,47.74,,0.0
09:00:00 01/11/2014,47.73,,0.2
09:00:00 02/11/2014,47.73,,0.0
09:00:00 03/11/2014,47.76,,0.0
09:00:00 04/11/2014,47.785,,0.0
09:00:00 05/11/2014,47.795,,0.0
09:00:00 06/11/2014,47.8,,0.0
09:00:00 07/11/2014,47.8,,0.0
09:00:00 08/11/2014,47.8,,0.0
09:00:00 09/11/2014,47.79,,0.0
09:00:00 10/11/2014,47.77,,0.0
09:00:00 11/11/2014,47.785,,0.0
09:00:00 12/11/2014,47.815,,0.0
09:00:00 13/11/2014,47.815,,0.0
09:00:00 14/11/2014,47.81,,0.0
09:00:00 15/11/2014,47.805,,7.9
09:00:00 16/11/2014,47.795,,2.4
09:00:00 17/11/2014,47.785,,0.0
09:00:00 18/11/2014,47.765,,0.0
09:00:00 19/11/2014,47.75,,0.0
09:00:00 20/11/2014,47.75,,0.0
09:00:00 21/11/2014,47.75,,0.0
09:00:00 22/11/2014,47.75,,0.0
09:00:00 23/11/2014,47.75,,0.0
09:00:00 24/11/2014,47.755,,0.2
09:00:00 25/11/2014,47.76,,0.0
09:00:00 26/11/2014,47.77,,0.0
09:00:00 27/11/2014,47.775,,0.0
09:00:00 28/11/2014,47.75,,0.0
09:00:00 29/11/2014,47.73,,0.0
09:00:00 30/11/2014,47.74,,0.0
09:00:00 01/12/2014,47.765,,0.0
09:00:00 02/12/2014,47.79,,0.0
09:00:00 03/12/2014,47.805,,0.0
09:00:00 04/12/2014,47.81,,6.9
09:00:00 05/12/2014,47.81,,0.0
09:00:00 06/12/2014,47.8,,0.0
09:00:00 07/12/2014,47.78,,0.0
09:00:00 08/12/2014,47.76,,0.0
09:00:00 09/12/2014,47.74,,0.0
09:00:00 10/12/2014,47.735,,0.0
09:00:00 11/12/2014,47.75,,0.8
09:00:00 12/12/2014,47.775,,0.0
09:00:00 13/12/2014,47.79,,0.0
09:00:00 14/12/2014,47.795,,0.0
09:00:00 15/12/2014,47.795,,0.0
09:00:00 16/12/2014,47.79,,0.0
09:00:00 17/12/2014,47.79,,0.0
09:00:00 18/12/2014,47.79,,0.0
09:00:00 19/12/2014,47.79,,0.0
09:00:00 20/12/2014,47.79,,0.0
09:00:00 21/12/2014,47.78,,0.0
09:00:00 22/12/2014,47.765,,0.0
09:00:00 23/12/2014,47.755,,0.6
09:00:00 24/12/2014,47.74,,0.0
09:00:00 25/12/2014,47.725,,0.0
09:00:00 26/12/2014,47.715,,0.0
09:00:00 27/12/2014,47.71,,0.0
09:00:00 28/12/2014,47.705,,0.0
09:00:00 29/12/2014,47.695,,0.0
09:00:00 30/12/2014,47.685,,0.0
09:00:00 31/12/2014,47.675,,0.0
09:00:00 01/01/2015,47.66,,0.0
09:00:00 02/01/2015,47.64,,0.0
09:00:00 03/01/2015,47.621,,0.0
09:00:00 04/01/2015,47.625,,2.8
09:00:00 05/01/2015,47.639,,0.0
09:00:00 06/01/2015,47.64,,0.0
09:00:00 07/01/2015,47.645,,0.0
09:00:00 08/01/2015,47.645,,0.0
09:00:00 09/01/2015,47.63,,4.7
09:00:00 10/01/2015,47.63,,6.6
09:00:00 11/01/2015,47.655,,7.7
09:00:00 12/01/2015,47.68,,0.0
09:00:00 13/01/2015,47.685,,14.1
09:00:00 14/01/2015,47.68,,2.1
09:00:00 15/01/2015,47.64,,0.0
09:00:00 16/01/2015,47.6,,0.0
09:00:00 17/01/2015,47.6,,0.0
09:00:00 18/01/2015,47.605,,0.0
09:00:00 19/01/2015,47.615,,0.0
09:00:00 20/01/2015,47.635,,0.0
09:00:00 21/01/2015,47.655,,0.0
09:00:00 22/01/2015,47.655,,0.0
09:00:00 23/01/2015,47.65,,0.0
09:00:00 24/01/2015,47.645,,0.0
09:00:00 25/01/2015,47.635,,0.0
09:00:00 26/01/2015,47.625,,0.0
09:00:00 27/01/2015,47.61,,0.0
09:00:00 28/01/2015,47.595,,0.0
09:00:00 29/01/2015,47.615,,0.0
09:00:00 30/01/2015,47.649,,0.0
09:00:00 31/01/2015,47.659,,0.0
09:00:00 01/02/2015,47.655,,0.0
09:00:00 02/02/2015,47.65,,0.0
09:00:00 03/02/2015,47.645,,0.0
09:00:00 04/02/2015,47.63,,0.0
09:00:00 05/02/2015,47.615,,0.0
09:00:00 06/02/2015,47.625,,0.0
09:00:00 07/02/2015,47.635,,0.0
09:00:00 08/02/2015,47.63,,0.0
09:00:00 09/02/2015,47.63,,0.0
09:00:00 10/02/2015,47.625,,0.0
09:00:00 11/02/2015,47.62,,0.0
09:00:00 12/02/2015,47.62,,0.0
09:00:00 13/02/2015,47.62,,0.0
09:00:00 14/02/2015,47.615,,3.5
09:00:00 15/02/2015,47.61,,0.0
09:00:00 16/02/2015,47.61,,0.0
09:00:00 17/02/2015,47.62,,0.0
09:00:00 18/02/2015,47.625,,0.0
09:00:00 19/02/2015,47.62,,0.0
09:00:00 20/02/2015,47.605,,0.0
09:00:00 21/02/2015,47.59,,0.0
09:00:00 22/02/2015,47.59,,0.0
09:00:00 23/02/2015,47.595,,0.0
09:00:00 24/02/2015,47.605,,0.0
09:00:00 25/02/2015,47.615,,0.0
09:00:00 26/02/2015,47.63,,0.0
09:00:00 27/02/2015,47.645,,0.0
09:00:00 28/02/2015,47.655,,0.0
09:00:00 01/03/2015,47.665,,0.0
09:00:00 02/03/2015,47.67,,0.0
09:00:00 03/03/2015,47.67,,0.0
09:00:00 04/03/2015,47.67,,0.0
09:00:00 05/03/2015,47.67,,0.0
09:00:00 06/03/2015,47.665,,0.0
09:00:00 07/03/2015,47.645,,0.0
09:00:00 08/03/2015,47.62,,0.0
09:00:00 09/03/2015,47.64,,0.0
09:00:00 10/03/2015,47.67,,0.0
09:00:00 11/03/2015,47.665,,0.0
09:00:00 12/03/2015,47.65,,0.0
09:00:00 13/03/2015,47.635,,0.0
09:00:00 14/03/2015,47.63,,0.0
09:00:00 15/03/2015,47.625,,0.0
09:00:00 16/03/2015,47.615,,0.0
09:00:00 17/03/2015,47.605,,0.0
09:00:00 18/03/2015,47.585,,0.0
09:00:00 19/03/2015,47.555,,0.0
09:00:00 20/03/2015,47.515,,0.0
09:00:00 21/03/2015,47.47,,0.0
09:00:00 22/03/2015,47.425,,0.0
09:00:00 23/03/2015,47.4,,0.0
09:00:00 24/03/2015,47.395,,0.0
09:00:00 25/03/2015,47.39,,0.0
09:00:00 26/03/2015,47.39,,0.0
09:00:00 27/03/2015,47.395,,0.0
09:00:00 28/03/2015,47.42,,0.0
09:00:00 29/03/2015,47.455,,0.0
09:00:00 30/03/2015,47.49,,0.0
09:00:00 31/03/2015,47.53,,0.0
09:00:00 01/04/2015,47.55,,0.0
09:00:00 02/04/2015,47.555,,0.0
09:00:00 03/04/2015,47.55,,0.0
09:00:00 04/04/2015,47.54,,0.0
09:00:00 05/04/2015,47.535,,0.0
09:00:00 06/04/2015,47.53,,0.0
09:00:00 07/04/2015,47.53,,6.0
09:00:00 08/04/2015,47.525,,0.1
09:00:00 09/04/2015,47.515,,0.0
09:00:00 10/04/2015,47.51,,0.0
09:00:00 11/04/2015,47.495,,0.0
09:00:00 12/04/2015,47.475,,0.0
09:00:00 13/04/2015,47.475,,0.0
09:00:00 14/04/2015,47.46,,0.0
09:00:00 15/04/2015,47.44,,0.0
09:00:00 16/04/2015,47.395,,0.0
09:00:00 17/04/2015,47.375,,11.2
09:00:00 18/04/2015,47.41,,16.3
09:00:00 19/04/2015,47.39,,21.1
09:00:00 20/04/2015,47.365,,0.0
09:00:00 21/04/2015,47.375,,0.0
09:00:00 22/04/2015,47.38,,0.0
09:00:00 23/04/2015,47.35,,0.0
09:00:00 24/04/2015,47.315,,0.0
09:00:00 25/04/2015,47.315,,7.7
09:00:00 26/04/2015,47.324,,1.3
09:00:00 27/04/2015,47.334,,0.0
09:00:00 28/04/2015,47.331,,0.0
09:00:00 29/04/2015,47.321,,0.0
09:00:00 30/04/2015,47.32,,0.0
09:00:00 01/05/2015,47.32,,0.0
09:00:00 02/05/2015,47.32,,0.0
09:00:00 03/05/2015,47.315,,0.0
09:00:00 04/05/2015,47.305,,0.0
09:00:00 05/05/2015,47.305,,0.0
09:00:00 06/05/2015,47.335,,0.0
09:00:00 07/05/2015,47.355,,0.0
09:00:00 08/05/2015,47.365,,0.0
09:00:00 09/05/2015,47.39,,0.0
09:00:00 10/05/2015,47.4,,0.1
09:00:00 11/05/2015,47.395,,0.0
09:00:00 12/05/2015,47.405,,0.6
09:00:00 13/05/2015,47.405,,0.0
09:00:00 14/05/2015,47.4,,0.0
09:00:00 15/05/2015,47.41,,0.0
09:00:00 16/05/2015,47.41,,0.0
09:00:00 17/05/2015,47.405,,0.0
09:00:00 18/05/2015,47.405,,0.0
09:00:00 19/05/2015,47.415,,4.2
09:00:00 20/05/2015,47.435,,1.6
09:00:00 21/05/2015,47.445,,0.0
09:00:00 22/05/2015,47.42,,0.0
09:00:00 23/05/2015,47.405,,0.0
09:00:00 24/05/2015,47.415,,0.0
09:00:00 25/05/2015,47.425,,0.0
09:00:00 26/05/2015,47.44,,0.0
09:00:00 27/05/2015,47.46,,0.0
09:00:00 28/05/2015,47.485,,0.7
09:00:00 29/05/2015,47.53,,0.1
09:00:00 30/05/2015,47.57,,0.0
09:00:00 31/05/2015,47.585,,0.1
09:00:00 01/06/2015,47.595,,0.1
09:00:00 02/06/2015,47.6,,0.0
09:00:00 03/06/2015,47.6,,0.0
09:00:00 04/06/2015,47.625,,0.0
09:00:00 05/06/2015,47.705,,4.4
09:00:00 06/06/2015,47.765,,0.0
09:00:00 07/06/2015,47.77,,0.0
09:00:00 08/06/2015,47.765,,0.0
09:00:00 09/06/2015,47.755,,0.0
09:00:00 10/06/2015,47.745,,0.0
09:00:00 11/06/2015,47.775,,0.0
09:00:00 12/06/2015,47.825,,0.0
09:00:00 13/06/2015,47.865,,0.0
09:00:00 14/06/2015,47.885,,0.0
09:00:00 15/06/2015,47.885,,16.3
09:00:00 16/06/2015,47.885,,6.3
09:00:00 17/06/2015,47.87,,0.5
09:00:00 18/06/2015,47.85,,0.1
09:00:00 19/06/2015,47.835,,0.1
09:00:00 20/06/2015,47.82,,0.1
09:00:00 21/06/2015,47.805,,0.1
09:00:00 22/06/2015,47.795,,0.0
09:00:00 23/06/2015,47.78,,0.0
09:00:00 24/06/2015,47.765,,0.0
09:00:00 25/06/2015,47.76,,0.0
09:00:00 26/06/2015,47.76,,0.0
09:00:00 27/06/2015,47.775,,0.0
09:00:00 28/06/2015,47.81,,0.0
09:00:00 29/06/2015,47.86,,0.0
09:00:00 30/06/2015,47.84,,0.0
09:00:00 01/07/2015,47.79,,0.0
09:00:00 02/07/2015,47.795,,0.0
09:00:00 03/07/2015,47.8,,0.0
09:00:00 04/07/2015,47.805,,0.0
09:00:00 05/07/2015,47.815,,0.0
09:00:00 06/07/2015,47.825,,0.5
09:00:00 07/07/2015,47.83,,0.0
09:00:00 08/07/2015,47.83,,0.0
09:00:00 09/07/2015,47.83,40.089,0.0
09:00:00 10/07/2015,47.835,40.166,0.0
09:00:00 11/07/2015,47.84,40.232,1.9
09:00:00 12/07/2015,47.84,40.232,9.8
09:00:00 13/07/2015,47.835,40.155,0.0
09:00:00 14/07/2015,47.825,40.011,0.0
09:00:00 15/07/2015,47.81,39.791,5.4
09:00:00 16/07/2015,47.795,39.584,0.5
09:00:00 17/07/2015,47.805,39.75,0.3
09:00:00 18/07/2015,47.815,39.869,0.0
09:00:00 19/07/2015,47.805,39.726,0.0
09:00:00 20/07/2015,47.795,39.584,0.0
09:00:00 21/07/2015,47.785,39.45,0.0
09:00:00 22/07/2015,47.78,39.385,0.0
09:00:00 23/07/2015,47.79,39.531,0.0
09:00:00 24/07/2015,47.8,39.66,0.3
09:00:00 25/07/2015,47.8,39.66,0.0
09:00:00 26/07/2015,47.8,39.66,0.0
09:00:00 27/07/2015,47.8,39.66,1.3
09:00:00 28/07/2015,47.81,39.815,0.0
09:00:00 29/07/2015,47.825,40.023,0.0
09:00:00 30/07/2015,47.82,39.934,0.0
09:00:00 31/07/2015,47.81,39.803,0.0
09:00:00 01/08/2015,47.805,39.726,0.1
09:00:00 02/08/2015,47.795,39.584,7.2
09:00:00 03/08/2015,47.785,39.443,0.0
09:00:00 04/08/2015,47.79,39.531,0.0
09:00:00 05/08/2015,47.805,39.737,0.6
09:00:00 06/08/2015,47.815,39.88,0.3
09:00:00 07/08/2015,47.825,40.023,0.0
09:00:00 08/08/2015,47.835,40.167,0.0
09:00:00 09/08/2015,47.85,40.387,0.0
09:00:00 10/08/2015,47.87,40.672,0.0
09:00:00 11/08/2015,47.86,40.495,0.0
09:00:00 12/08/2015,47.84,40.232,0.0
09:00:00 13/08/2015,47.845,40.309,0.0
09:00:00 14/08/2015,47.84,40.22,0.0
09:00:00 15/08/2015,47.83,40.089,0.0
09:00:00 16/08/2015,47.83,40.089,0.0
09:00:00 17/08/2015,47.835,40.166,0.0
09:00:00 18/08/2015,47.84,40.232,0.0
09:00:00 19/08/2015,47.85,40.387,0.0
09:00:00 20/08/2015,47.855,40.441,0.0
09:00:00 21/08/2015,47.845,40.298,0.0
09:00:00 22/08/2015,47.85,40.387,0.0
09:00:00 23/08/2015,47.865,40.595,0.0
09:00:00 24/08/2015,47.875,40.738,0.9
09:00:00 25/08/2015,47.885,40.881,0.0
09:00:00 26/08/2015,47.895,41.025,0.0
09:00:00 27/08/2015,47.91,41.248,0.0
09:00:00 28/08/2015,47.92,41.382,0.0
09:00:00 29/08/2015,47.93,41.54,0.0
09:00:00 30/08/2015,47.945,41.753,0.0
09:00:00 31/08/2015,47.955,41.899,0.0
09:00:00 01/09/2015,47.97,42.124,0.0
09:00:00 02/09/2015,48.0,42.426,0.3
09:00:00 03/09/2015,48.025,42.573,9.3
09:00:00 04/09/2015,48.045,42.592,1.1
09:00:00 05/09/2015,48.065,43.119,0.0
09:00:00 06/09/2015,48.07,43.558,0.0
09:00:00 07/09/2015,48.07,43.558,0.6
09:00:00 08/09/2015,48.085,43.792,0.0
09:00:00 09/09/2015,48.105,44.068,0.5
09:00:00 10/09/2015,48.105,44.056,0.0
09:00:00 11/09/2015,48.08,43.679,0.0
09:00:00 12/09/2015,48.065,43.492,0.0
09:00:00 13/09/2015,48.07,43.558,0.0
09:00:00 14/09/2015,48.075,43.636,0.0
09:00:00 15/09/2015,48.09,43.859,1.3
09:00:00 16/09/2015,48.135,44.537,0.0
09:00:00 17/09/2015,48.18,45.157,1.5
09:00:00 18/09/2015,48.185,45.212,0.0
09:00:00 19/09/2015,48.19,45.302,0.0
09:00:00 20/09/2015,48.2,45.435,0.0
09:00:00 21/09/2015,48.19,45.279,0.0
09:00:00 22/09/2015,48.19,45.302,0.0
09:00:00 23/09/2015,48.19,45.279,0.0
09:00:00 24/09/2015,48.195,45.38,0.0
09:00:00 25/09/2015,48.205,45.501,0.0
09:00:00 26/09/2015,48.18,45.123,0.0
09:00:00 27/09/2015,48.18,45.169,0.0
09:00:00 28/09/2015,48.19,45.279,0.0
09:00:00 29/09/2015,48.18,45.146,0.0
09:00:00 30/09/2015,48.195,45.38,0.0
09:00:00 01/10/2015,48.215,45.657,0.0
09:00:00 02/10/2015,48.21,45.568,0.0
09:00:00 03/10/2015,48.2,45.435,0.0
09:00:00 04/10/2015,48.195,45.356,0.0
09:00:00 05/10/2015,48.185,45.212,0.0
09:00:00 06/10/2015,48.19,45.302,0.0
09:00:00 07/10/2015,48.195,45.357,0.0
09:00:00 08/10/2015,48.19,45.29,0.0
09:00:00 09/10/2015,48.19,45.29,0.0
09:00:00 10/10/2015,48.19,45.29,0.0
09:00:00 11/10/2015,48.19,45.29,0.5
09:00:00 12/10/2015,48.195,45.369,0.0
09:00:00 13/10/2015,48.205,45.513,0.0
09:00:00 14/10/2015,48.225,45.813,0.0
09:00:00 15/10/2015,48.23,45.856,0.0
09:00:00 16/10/2015,48.2,45.412,0.0
09:00:00 17/10/2015,48.19,45.302,0.0
09:00:00 18/10/2015,48.175,45.045,2.5
09:00:00 19/10/2015,48.15,44.713,0.0
09:00:00 20/10/2015,48.165,44.947,0.0
09:00:00 21/10/2015,48.19,45.303,2.3
09:00:00 22/10/2015,48.21,45.591,0.0
09:00:00 23/10/2015,48.21,45.568,0.0
09:00:00 24/10/2015,48.205,45.513,0.0
09:00:00 25/10/2015,48.21,45.579,0.0
09:00:00 26/10/2015,48.215,45.657,0.0
09:00:00 27/10/2015,48.22,45.724,0.0
09:00:00 28/10/2015,48.22,45.724,0.0
09:00:00 29/10/2015,48.22,45.724,0.0
09:00:00 30/10/2015,48.21,45.568,0.0
09:00:00 31/10/2015,48.2,45.435,0.0
09:00:00 01/11/2015,48.195,45.356,0.0
09:00:00 02/11/2015,48.185,45.212,0.1
09:00:00 03/11/2015,48.185,45.224,0.0
09:00:00 04/11/2015,48.185,45.213,1.3
09:00:00 05/11/2015,48.195,45.38,6.9
09:00:00 06/11/2015,48.21,45.579,1.4
09:00:00 07/11/2015,48.21,45.579,0.0
09:00:00 08/11/2015,48.21,45.579,0.0
09:00:00 09/11/2015,48.215,45.657,0.0
09:00:00 10/11/2015,48.205,45.489,0.0
09:00:00 11/11/2015,48.16,44.822,0.0
09:00:00 12/11/2015,48.125,44.346,0.9
09:00:00 13/11/2015,48.12,44.278,1.1
09:00:00 14/11/2015,48.09,43.811,0.0
09:00:00 15/11/2015,48.045,43.18,0.0
09:00:00 16/11/2015,48.03,42.981,0.0
09:00:00 17/11/2015,48.01,42.669,0.0
09:00:00 18/11/2015,47.98,42.246,0.0
09:00:00 19/11/2015,47.985,42.349,0.0
09:00:00 20/11/2015,48.015,42.784,0.0
09:00:00 21/11/2015,48.025,42.904,0.0
09:00:00 22/11/2015,48.01,42.682,0.0
09:00:00 23/11/2015,47.99,42.392,0.0
09:00:00 24/11/2015,47.975,42.179,0.0
09:00:00 25/11/2015,47.96,41.954,0.0
09:00:00 26/11/2015,47.96,41.978,0.8
09:00:00 27/11/2015,47.965,42.033,0.0
09:00:00 28/11/2015,47.95,41.808,0.0
09:00:00 29/11/2015,47.925,41.437,0.0
09:00:00 30/11/2015,47.905,41.157,0.0
09:00:00 01/12/2015,47.9,41.09,0.0
09:00:00 02/12/2015,47.9,41.09,0.0
09:00:00 03/12/2015,47.9,41.09,0.0
09:00:00 04/12/2015,47.9,41.09,0.0
09:00:00 05/12/2015,47.905,41.169,0.0
09:00:00 06/12/2015,47.905,41.157,0.0
09:00:00 07/12/2015,47.9,41.09,0.0
09:00:00 08/12/2015,47.9,41.09,0.0
09:00:00 09/12/2015,47.9,41.09,0.0
09:00:00 10/12/2015,47.895,41.012,0.0
09:00:00 11/12/2015,47.865,40.56,0.0
09:00:00 12/12/2015,47.83,40.077,0.0
09:00:00 13/12/2015,47.825,40.023,0.0
09:00:00 14/12/2015,47.825,40.012,0.0
09:00:00 15/12/2015,47.82,39.946,0.0
09:00:00 16/12/2015,47.81,39.791,0.0
09:00:00 17/12/2015,47.78,39.354,0.0
09:00:00 18/12/2015,47.735,38.714,0.0
09:00:00 19/12/2015,47.695,38.164,0.0
09:00:00 20/12/2015,47.67,37.822,0.0
09:00:00 21/12/2015,47.655,37.619,0.0
09:00:00 22/12/2015,47.66,37.705,0.0
09:00:00 23/12/2015,47.645,37.457,0.0
09:00:00 24/12/2015,47.61,36.988,0.0
09:00:00 25/12/2015,47.605,36.935,0.0
09:00:00 26/12/2015,47.61,36.999,1.0
09:00:00 27/12/2015,47.615,37.074,0.0
09:00:00 28/12/2015,47.62,37.138,0.0
09:00:00 29/12/2015,47.62,37.138,0.0
09:00:00 30/12/2015,47.615,37.063,0.0
09:00:00 31/12/2015,47.605,36.924,0.0
09:00:00 01/01/2016,47.615,37.086,0.0
09:00:00 02/01/2016,47.63,37.277,0.0
09:00:00 03/01/2016,47.635,37.352,0.0
09:00:00 04/01/2016,47.645,37.491,4.0
09:00:00 05/01/2016,47.65,37.555,8.1
09:00:00 06/01/2016,47.635,37.329,0.0
09:00:00 07/01/2016,47.61,36.988,0.0
09:00:00 08/01/2016,47.625,37.236,0.0
09:00:00 09/01/2016,47.65,37.555,0.0
09:00:00 10/01/2016,47.65,37.555,0.0
09:00:00 11/01/2016,47.655,37.63,0.0
09:00:00 12/01/2016,47.655,37.619,0.0
09:00:00 13/01/2016,47.645,37.48,0.0
09:00:00 14/01/2016,47.635,37.341,0.0
09:00:00 15/01/2016,47.625,37.202,0.4
09:00:00 16/01/2016,47.615,37.063,0.0
09:00:00 17/01/2016,47.61,36.999,0.0
09:00:00 18/01/2016,47.61,36.999,0.0
09:00:00 19/01/2016,47.595,36.778,0.0
09:00:00 20/01/2016,47.59,36.736,0.0
09:00:00 21/01/2016,47.6,36.86,0.1
09:00:00 22/01/2016,47.6,36.86,5.6
09:00:00 23/01/2016,47.62,37.16,10.9
09:00:00 24/01/2016,47.62,37.115,0.0
09:00:00 25/01/2016,47.595,36.787,0.0
09:00:00 26/01/2016,47.585,36.652,0.0
09:00:00 27/01/2016,47.575,36.517,0.0
09:00:00 28/01/2016,47.575,36.528,0.0
09:00:00 29/01/2016,47.58,36.59,0.0
09:00:00 30/01/2016,47.59,36.736,0.0
09:00:00 31/01/2016,47.6,36.86,0.0
09:00:00 01/02/2016,47.615,37.085,0.6
09:00:00 02/02/2016,47.625,37.202,0.0
09:00:00 03/02/2016,47.61,36.988,0.0
09:00:00 04/02/2016,47.61,37.01,0.0
09:00:00 05/02/2016,47.6,36.842,0.0
09:00:00 06/02/2016,47.575,36.517,0.0
09:00:00 07/02/2016,47.57,36.455,0.0
09:00:00 08/02/2016,47.565,36.383,0.0
09:00:00 09/02/2016,47.595,36.838,0.0
09:00:00 10/02/2016,47.64,37.427,0.0
09:00:00 11/02/2016,47.635,37.329,0.0
09:00:00 12/02/2016,47.605,36.915,0.0
09:00:00 13/02/2016,47.59,36.725,0.0
09:00:00 14/02/2016,47.59,36.725,0.0
09:00:00 15/02/2016,47.575,36.507,0.0
09:00:00 16/02/2016,47.6,36.912,0.0
09:00:00 17/02/2016,47.63,37.266,0.0
09:00:00 18/02/2016,47.615,37.063,0.0
09:00:00 19/02/2016,47.605,36.924,0.0
09:00:00 20/02/2016,47.59,36.714,0.0
09:00:00 21/02/2016,47.6,36.886,0.0
09:00:00 22/02/2016,47.615,37.063,0.0
09:00:00 23/02/2016,47.605,36.924,0.0
09:00:00 24/02/2016,47.59,36.714,0.0
09:00:00 25/02/2016,47.585,36.663,0.0
09:00:00 26/02/2016,47.605,36.948,0.0
09:00:00 27/02/2016,47.62,37.138,0.0
09:00:00 28/02/2016,47.62,37.138,0.0
09:00:00 29/02/2016,47.62,37.138,0.0
09:00:00 01/03/2016,47.615,37.063,0.0
09:00:00 02/03/2016,47.61,36.999,0.0
09:00:00 03/03/2016,47.61,36.999,0.0
09:00:00 04/03/2016,47.625,37.225,0.0
09:00:00 05/03/2016,47.64,37.416,0.0
09:00:00 06/03/2016,47.64,37.416,0.0
09:00:00 07/03/2016,47.64,37.416,0.0
09:00:00 08/03/2016,47.625,37.19,0.0
09:00:00 09/03/2016,47.605,36.924,0.0
09:00:00 10/03/2016,47.61,37.01,0.0
09:00:00 11/03/2016,47.62,37.138,0.0
09:00:00 12/03/2016,47.615,37.063,0.0
09:00:00 13/03/2016,47.61,36.999,0.0
09:00:00 14/03/2016,47.605,36.924,0.0
09:00:00 15/03/2016,47.6,36.86,0.0
09:00:00 16/03/2016,47.615,37.085,0.0
09:00:00 17/03/2016,47.615,37.051,0.0
09:00:00 18/03/2016,47.6,36.86,0.0
09:00:00 19/03/2016,47.6,36.86,0.0
09:00:00 20/03/2016,47.6,36.86,0.0
09:00:00 21/03/2016,47.6,36.86,0.0
09:00:00 22/03/2016,47.6,36.86,0.0
09:00:00 23/03/2016,47.605,36.935,0.0
09:00:00 24/03/2016,47.605,36.924,0.0
09:00:00 25/03/2016,47.59,36.714,0.0
09:00:00 26/03/2016,47.585,36.663,0.0
09:00:00 27/03/2016,47.595,36.798,0.0
09:00:00 28/03/2016,47.61,37.01,0.0
09:00:00 29/03/2016,47.61,36.988,0.0
09:00:00 30/03/2016,47.61,37.01,0.0
09:00:00 31/03/2016,47.62,37.138,0.0
09:00:00 01/04/2016,47.62,37.138,0.0
09:00:00 02/04/2016,47.615,37.063,0.0
09:00:00 03/04/2016,47.6,36.851,0.0
09:00:00 04/04/2016,47.58,36.579,0.0
09:00:00 05/04/2016,47.555,36.236,0.0
09:00:00 06/04/2016,47.525,35.831,0.0
09:00:00 07/04/2016,47.5,35.499,0.0
09:00:00 08/04/2016,47.485,35.303,0.3
09:00:00 09/04/2016,47.475,35.169,0.0
09:00:00 10/04/2016,47.465,35.035,0.0
09:00:00 11/04/2016,47.45,34.829,0.0
09:00:00 12/04/2016,47.43,34.561,0.0
09:00:00 13/04/2016,47.41,34.293,0.0
09:00:00 14/04/2016,47.405,34.242,0.0
09:00:00 15/04/2016,47.405,34.231,0.0
09:00:00 16/04/2016,47.39,34.03,0.0
09:00:00 17/04/2016,47.385,33.98,0.0
09:00:00 18/04/2016,47.39,34.04,0.0
09:00:00 19/04/2016,47.385,33.97,0.0
09:00:00 20/04/2016,47.385,33.981,0.0
09:00:00 21/04/2016,47.405,34.255,0.0
09:00:00 22/04/2016,47.415,34.366,0.1
09:00:00 23/04/2016,47.41,34.304,0.0
09:00:00 24/04/2016,47.415,34.377,0.0
09:00:00 25/04/2016,47.425,34.51,0.0
09:00:00 26/04/2016,47.43,34.572,0.0
09:00:00 27/04/2016,47.435,34.644,0.0
09:00:00 28/04/2016,47.435,34.633,0.0
09:00:00 29/04/2016,47.425,34.5,2.7
09:00:00 30/04/2016,47.42,34.438,2.3
09:00:00 01/05/2016,47.4,34.152,5.8
09:00:00 02/05/2016,47.38,33.91,0.0
09:00:00 03/05/2016,47.365,33.699,0.0
09:00:00 04/05/2016,47.355,33.59,0.9
09:00:00 05/05/2016,47.36,33.649,0.0
09:00:00 06/05/2016,47.335,33.299,0.0
09:00:00 07/05/2016,47.315,33.07,0.0
09:00:00 08/05/2016,47.305,32.92,0.2
09:00:00 09/05/2016,47.305,32.951,23.4
09:00:00 10/05/2016,47.3,32.85,1.1
09:00:00 11/05/2016,47.285,32.682,0.0
09:00:00 12/05/2016,47.29,32.741,0.0
09:00:00 13/05/2016,47.295,32.811,0.0
09:00:00 14/05/2016,47.3,32.87,0.0
09:00:00 15/05/2016,47.3,32.87,0.0
09:00:00 16/05/2016,47.3,32.87,0.0
09:00:00 17/05/2016,47.31,33.01,1.0
09:00:00 18/05/2016,47.315,33.06,0.0
09:00:00 19/05/2016,47.305,32.93,0.0
09:00:00 20/05/2016,47.305,32.94,0.0
09:00:00 21/05/2016,47.31,33.0,0.0
09:00:00 22/05/2016,47.315,33.07,0.0
09:00:00 23/05/2016,47.325,33.2,0.8
09:00:00 24/05/2016,47.33,33.26,0.0
09:00:00 25/05/2016,47.33,33.26,0.0
09:00:00 26/05/2016,47.33,33.26,12.6
09:00:00 27/05/2016,47.315,33.049,0.5
09:00:00 28/05/2016,47.31,33.011,2.9
09:00:00 29/05/2016,47.335,33.341,0.0
09:00:00 30/05/2016,47.34,33.379,0.0
09:00:00 31/05/2016,47.33,33.26,0.0
09:00:00 01/06/2016,47.33,33.26,0.0
09:00:00 02/06/2016,47.33,33.26,0.0
09:00:00 03/06/2016,47.325,33.19,0.0
09:00:00 04/06/2016,47.32,33.13,1.6
09:00:00 05/06/2016,47.315,33.06,0.6
09:00:00 06/06/2016,47.305,32.929,0.0
09:00:00 07/06/2016,47.29,32.73,2.6
09:00:00 08/06/2016,47.28,32.612,0.1
09:00:00 09/06/2016,47.285,32.682,1.1
09:00:00 10/06/2016,47.295,32.811,0.1
09:00:00 11/06/2016,47.3,32.87,0.0
09:00:00 12/06/2016,47.3,32.87,0.0
09:00:00 13/06/2016,47.3,32.87,0.0
09:00:00 14/06/2016,47.3,32.87,0.0
09:00:00 15/06/2016,47.3,32.87,0.0
09:00:00 16/06/2016,47.295,32.8,0.1
09:00:00 17/06/2016,47.29,32.741,4.6
09:00:00 18/06/2016,47.29,32.741,0.0
09:00:00 19/06/2016,47.29,32.741,0.3
09:00:00 20/06/2016,47.29,32.741,0.0
09:00:00 21/06/2016,47.295,32.811,0.0
09:00:00 22/06/2016,47.31,33.01,2.7
09:00:00 23/06/2016,47.31,32.989,0.0
09:00:00 24/06/2016,47.295,32.8,5.0
09:00:00 25/06/2016,47.285,32.671,0.0
09:00:00 26/06/2016,47.29,32.751,0.0
09:00:00 27/06/2016,47.295,32.801,0.4
09:00:00 28/06/2016,47.32,33.164,1.8
09:00:00 29/06/2016,47.405,34.308,1.8
09:00:00 30/06/2016,47.52,35.85,1.3
09:00:00 01/07/2016,47.68,38.098,1.4
09:00:00 02/07/2016,47.785,39.454,0.0
09:00:00 03/07/2016,47.795,39.595,0.0
09:00:00 04/07/2016,47.805,39.737,0.0
09:00:00 05/07/2016,47.815,39.88,2.9
09:00:00 06/07/2016,47.805,39.715,0.0
09:00:00 07/07/2016,47.785,39.443,0.0
09:00:00 08/07/2016,47.79,39.53,13.1
09:00:00 09/07/2016,47.78,39.355,0.0
09:00:00 10/07/2016,47.755,39.02,0.9
09:00:00 11/07/2016,47.755,39.031,5.9
09:00:00 12/07/2016,47.76,39.096,0.2
09:00:00 13/07/2016,47.765,39.172,0.0
09:00:00 14/07/2016,47.78,39.389,0.2
09:00:00 15/07/2016,47.78,39.367,0.0
09:00:00 16/07/2016,47.775,39.313,0.0
09:00:00 17/07/2016,47.785,39.454,0.0
09:00:00 18/07/2016,47.8,39.672,0.0
09:00:00 19/07/2016,47.805,39.725,0.0
09:00:00 20/07/2016,47.79,39.507,0.6
09:00:00 21/07/2016,47.78,39.378,0.0
09:00:00 22/07/2016,47.775,39.302,1.0
09:00:00 23/07/2016,47.775,39.314,1.7
09:00:00 24/07/2016,47.795,39.608,0.9
09:00:00 25/07/2016,47.8,39.649,1.9
09:00:00 26/07/2016,47.775,39.289,0.6
09:00:00 27/07/2016,47.725,38.562,3.0
09:00:00 28/07/2016,47.63,37.215,0.0
09:00:00 29/07/2016,47.535,35.944,0.0
09:00:00 30/07/2016,47.51,35.656,0.0
09:00:00 31/07/2016,47.52,35.78,0.0
09:00:00 01/08/2016,47.52,35.78,8.7
09:00:00 02/08/2016,47.5,35.489,5.7
09:00:00 03/08/2016,47.485,35.314,0.0
09:00:00 04/08/2016,47.48,35.231,0.0
09:00:00 05/08/2016,47.475,35.181,0.0
09:00:00 06/08/2016,47.52,35.825,0.0
09:00:00 07/08/2016,47.58,36.611,0.0
09:00:00 08/08/2016,47.555,36.203,0.0
09:00:00 09/08/2016,47.515,35.718,0.0
09:00:00 10/08/2016,47.53,35.926,0.5
09:00:00 11/08/2016,47.53,35.904,0.5
09:00:00 12/08/2016,47.5,35.489,0.0
09:00:00 13/08/2016,47.485,35.315,0.0
09:00:00 14/08/2016,47.495,35.449,0.0
09:00:00 15/08/2016,47.51,35.656,0.0
09:00:00 16/08/2016,47.515,35.706,0.0
09:00:00 17/08/2016,47.485,35.282,0.5
09:00:00 18/08/2016,47.46,34.974,0.0
09:00:00 19/08/2016,47.47,35.118,5.7
09:00:00 20/08/2016,47.42,34.381,4.1
09:00:00 21/08/2016,47.36,33.65,0.0
09:00:00 22/08/2016,47.37,33.789,0.0
09:00:00 23/08/2016,47.32,33.068,0.0
09:00:00 24/08/2016,47.235,32.005,0.0
09:00:00 25/08/2016,47.21,31.709,0.0
09:00:00 26/08/2016,47.215,31.779,1.0
09:00:00 27/08/2016,47.22,31.838,0.0
09:00:00 28/08/2016,47.235,32.048,0.0
09:00:00 29/08/2016,47.265,32.435,0.0
09:00:00 30/08/2016,47.29,32.752,0.7
09:00:00 31/08/2016,47.325,33.222,9.0
09:00:00 01/09/2016,47.355,33.591,0.0
09:00:00 02/09/2016,47.375,33.861,0.1
09:00:00 03/09/2016,47.39,34.04,0.0
09:00:00 04/09/2016,47.385,33.969,2.2
09:00:00 05/09/2016,47.37,33.769,0.0
09:00:00 06/09/2016,47.34,33.369,0.0
09:00:00 07/09/2016,47.335,33.341,0.0
09:00:00 08/09/2016,47.36,33.66,0.0
09:00:00 09/09/2016,47.345,33.429,6.1
09:00:00 10/09/2016,47.335,33.341,11.4
09:00:00 11/09/2016,47.34,33.379,0.0
09:00:00 12/09/2016,47.325,33.19,0.0
09:00:00 13/09/2016,47.32,33.13,6.5
09:00:00 14/09/2016,47.325,33.2,9.5
09:00:00 15/09/2016,47.32,33.12,4.5
09:00:00 16/09/2016,47.32,33.141,0.1
09:00:00 17/09/2016,47.33,33.26,0.0
09:00:00 18/09/2016,47.345,33.471,8.1
09:00:00 19/09/2016,47.375,33.861,0.3
09:00:00 20/09/2016,47.375,33.829,0.0
09:00:00 21/09/2016,47.335,33.299,22.6
09:00:00 22/09/2016,47.325,33.21,3.6
09:00:00 23/09/2016,47.32,33.109,0.0
09:00:00 24/09/2016,47.305,32.941,0.0
09:00:00 25/09/2016,47.325,33.211,4.4
09:00:00 26/09/2016,47.36,33.672,0.0
09:00:00 27/09/2016,47.4,34.195,0.0
09:00:00 28/09/2016,47.39,34.012,0.0
09:00:00 29/09/2016,47.385,34.003,15.4
09:00:00 30/09/2016,47.375,33.81,14.4
09:00:00 01/10/2016,47.35,33.531,8.5
09:00:00 02/10/2016,47.38,33.932,0.0
09:00:00 03/10/2016,47.43,34.606,10.9
09:00:00 04/10/2016,47.49,35.41,1.0
09:00:00 05/10/2016,47.535,36.0,1.9
09:00:00 06/10/2016,47.575,36.551,0.0
09:00:00 07/10/2016,47.625,37.237,0.0
09:00:00 08/10/2016,47.685,38.084,0.0
09:00:00 09/10/2016,47.745,38.914,0.0
09:00:00 10/10/2016,47.795,39.621,0.1
09:00:00 11/10/2016,47.85,40.411,0.0
09:00:00 12/10/2016,47.915,41.354,0.0
09:00:00 13/10/2016,47.98,42.294,0.0
09:00:00 14/10/2016,48.05,43.318,0.0
09:00:00 15/10/2016,48.13,44.472,0.0
09:00:00 16/10/2016,48.215,45.706,0.0
09:00:00 17/10/2016,48.3,46.928,3.4
09:00:00 18/10/2016,48.385,48.162,0.0
09:00:00 19/10/2016,48.485,49.619,0.0
09:00:00 20/10/2016,48.585,51.053,0.0
09:00:00 21/10/2016,48.67,52.275,0.0
09:00:00 22/10/2016,48.745,53.352,0.3
09:00:00 23/10/2016,48.815,54.364,0.0
09:00:00 24/10/2016,48.895,55.505,0.0
09:00:00 25/10/2016,48.99,,0.0
09:00:00 26/10/2016,49.085,,0.0
09:00:00 27/10/2016,49.17,,0.0
09:00:00 28/10/2016,49.255,,0.0
09:00:00 29/10/2016,49.345,,0.0
09:00:00 30/10/2016,49.44,,0.0
09:00:00 31/10/2016,49.535,,0.0
09:00:00 01/11/2016,49.63,,0.0
09:00:00 02/11/2016,49.735,,0.0
09:00:00 03/11/2016,49.855,,0.0
09:00:00 04/11/2016,49.985,,0.0
09:00:00 05/11/2016,50.115,,0.0
09:00:00 06/11/2016,50.25,,0.0
09:00:00 07/11/2016,50.385,,0.0
09:00:00 08/11/2016,50.51,,0.0
09:00:00 09/11/2016,50.62,,0.0
09:00:00 10/11/2016,50.715,,0.0
09:00:00 11/11/2016,50.8,,0.0
09:00:00 12/11/2016,50.87,,17.1
09:00:00 13/11/2016,50.92,,0.0
09:00:00 14/11/2016,50.94,,1.0
09:00:00 15/11/2016,50.935,,0.0
09:00:00 16/11/2016,50.925,,0.0
09:00:00 17/11/2016,50.915,,0.0
09:00:00 18/11/2016,50.885,,0.0
09:00:00 19/11/2016,50.84,,0.0
09:00:00 20/11/2016,50.79,,0.0
09:00:00 21/11/2016,50.73,,0.5
09:00:00 22/11/2016,50.67,,6.0
09:00:00 23/11/2016,50.615,,12.9
09:00:00 24/11/2016,50.55,,0.0
09:00:00 25/11/2016,50.47,,0.0
09:00:00 26/11/2016,50.38,,0.0
09:00:00 27/11/2016,50.285,,0.0
09:00:00 28/11/2016,50.19,,0.0
09:00:00 29/11/2016,50.08,,0.0
09:00:00 30/11/2016,49.96,,0.0
09:00:00 01/12/2016,49.83,,0.0
09:00:00 02/12/2016,49.685,,0.0
09:00:00 03/12/2016,49.525,,0.0
09:00:00 04/12/2016,49.36,,0.0
09:00:00 05/12/2016,49.18,,1.1
09:00:00 06/12/2016,48.96,54.611,0.1
09:00:00 07/12/2016,48.72,52.804,0.0
09:00:00 08/12/2016,48.465,49.102,1.4
09:00:00 09/12/2016,48.185,45.047,0.9
09:00:00 10/12/2016,47.97,42.025,0.0
09:00:00 11/12/2016,47.895,41.012,0.0
09:00:00 12/12/2016,47.85,40.328,0.0
09:00:00 13/12/2016,47.805,39.727,0.0
09:00:00 14/12/2016,47.84,40.278,0.0
09:00:00 15/12/2016,47.85,40.339,0.2
09:00:00 16/12/2016,47.78,39.335,0.0
09:00:00 17/12/2016,47.805,39.812,0.0
09:00:00 18/12/2016,47.85,40.351,0.0
09:00:00 19/12/2016,47.805,39.704,0.0
09:00:00 20/12/2016,47.745,38.844,0.0
09:00:00 21/12/2016,47.68,37.94,0.0
09:00:00 22/12/2016,47.68,38.007,0.0
09:00:00 23/12/2016,47.69,38.089,0.0
09:00:00 24/12/2016,47.65,37.533,0.0
09:00:00 25/12/2016,47.655,37.653,0.0
09:00:00 26/12/2016,47.67,37.822,0.0
09:00:00 27/12/2016,47.655,37.619,0.4
09:00:00 28/12/2016,47.65,37.555,0.6
09:00:00 29/12/2016,47.64,37.405,1.7
09:00:00 30/12/2016,47.63,37.277,0.0
09:00:00 31/12/2016,47.62,37.126,0.0
09:00:00 01/01/2017,47.595,36.778,0.0
09:00:00 02/01/2017,47.6,36.886,0.0
09:00:00 03/01/2017,47.625,37.213,0.0
09:00:00 04/01/2017,47.63,37.277,0.0
09:00:00 05/01/2017,47.625,37.202,0.0
09:00:00 06/01/2017,47.62,37.137,0.5
09:00:00 07/01/2017,47.595,36.769,0.0
09:00:00 08/01/2017,47.6,36.899,0.0
09:00:00 09/01/2017,47.62,37.126,0.0
09:00:00 10/01/2017,47.595,36.777,1.0
09:00:00 11/01/2017,47.565,36.371,0.0
09:00:00 12/01/2017,47.57,36.477,0.0
09:00:00 13/01/2017,47.605,36.949,0.0
09:00:00 14/01/2017,47.64,37.439,7.0
09:00:00 15/01/2017,47.655,37.619,0.0
09:00:00 16/01/2017,47.645,37.479,0.0
09:00:00 17/01/2017,47.615,37.042,0.0
09:00:00 18/01/2017,47.595,36.798,0.0
09:00:00 19/01/2017,47.62,37.161,0.0
09:00:00 20/01/2017,47.64,37.416,14.1
09:00:00 21/01/2017,47.645,37.491,0.0
09:00:00 22/01/2017,47.645,37.48,0.0
09:00:00 23/01/2017,47.635,37.341,0.0
09:00:00 24/01/2017,47.625,37.202,1.4
09:00:00 25/01/2017,47.61,36.988,0.0
09:00:00 26/01/2017,47.62,37.161,0.0
09:00:00 27/01/2017,47.635,37.341,0.0
09:00:00 28/01/2017,47.625,37.202,0.0
09:00:00 29/01/2017,47.615,37.063,0.0
09:00:00 30/01/2017,47.615,37.074,0.0
09:00:00 31/01/2017,47.62,37.138,0.0
09:00:00 01/02/2017,47.63,37.288,0.0
09:00:00 02/02/2017,47.635,37.341,0.0
09:00:00 03/02/2017,47.63,37.277,0.0
09:00:00 04/02/2017,47.63,37.277,0.0
09:00:00 05/02/2017,47.63,37.277,0.4
09:00:00 06/02/2017,47.63,37.277,0.7
09:00:00 07/02/2017,47.64,37.427,5.3
09:00:00 08/02/2017,47.655,37.63,0.0
09:00:00 09/02/2017,47.65,37.544,0.0
09:00:00 10/02/2017,47.635,37.341,0.0
09:00:00 11/02/2017,47.63,37.277,0.4
09:00:00 12/02/2017,47.625,37.202,0.1
09:00:00 13/02/2017,47.62,37.138,0.0
09:00:00 14/02/2017,47.62,37.138,0.0
09:00:00 15/02/2017,47.625,37.213,0.0
09:00:00 16/02/2017,47.625,37.201,0.0
09:00:00 17/02/2017,47.585,36.622,0.0
09:00:00 18/02/2017,47.54,36.039,0.0
09:00:00 19/02/2017,47.525,35.842,0.0
09:00:00 20/02/2017,47.525,35.853,0.0
09:00:00 21/02/2017,47.53,35.915,0.0
09:00:00 22/02/2017,47.52,35.769,0.0
09:00:00 23/02/2017,47.505,35.572,0.0
09:00:00 24/02/2017,47.49,35.365,0.0
09:00:00 25/02/2017,47.48,35.242,0.0
09:00:00 26/02/2017,47.48,35.242,0.0
09:00:00 27/02/2017,47.48,35.242,0.0
09:00:00 28/02/2017,47.47,35.097,0.0
09:00:00 01/03/2017,47.45,34.829,0.0
09:00:00 02/03/2017,47.435,34.634,0.0
09:00:00 03/03/2017,47.455,34.935,0.0
09:00:00 04/03/2017,47.49,35.387,0.0
09:00:00 05/03/2017,47.505,35.583,0.0
09:00:00 06/03/2017,47.505,35.572,0.0
09:00:00 07/03/2017,47.515,35.73,0.0
09:00:00 08/03/2017,47.565,36.426,0.0
09:00:00 09/03/2017,47.605,36.935,0.0
09:00:00 10/03/2017,47.61,36.999,0.0
09:00:00 11/03/2017,47.605,36.924,0.0
09:00:00 12/03/2017,47.595,36.787,0.0
09:00:00 13/03/2017,47.595,36.798,1.3
09:00:00 14/03/2017,47.605,36.935,0.0
09:00:00 15/03/2017,47.6,36.851,0.0
09:00:00 16/03/2017,47.58,36.579,0.0
09:00:00 17/03/2017,47.56,36.309,0.0
09:00:00 18/03/2017,47.55,36.185,0.0
09:00:00 19/03/2017,47.545,36.112,0.0
09:00:00 20/03/2017,47.54,36.05,0.0
09:00:00 21/03/2017,47.54,36.05,0.0
09:00:00 22/03/2017,47.535,35.977,11.7
09:00:00 23/03/2017,47.525,35.842,0.0
09:00:00 24/03/2017,47.51,35.634,0.0
09:00:00 25/03/2017,47.49,35.365,0.0
09:00:00 26/03/2017,47.48,35.242,0.0
09:00:00 27/03/2017,47.475,35.169,0.0
09:00:00 28/03/2017,47.46,34.963,0.0
09:00:00 29/03/2017,47.445,34.767,0.0
09:00:00 30/03/2017,47.42,34.416,0.0
09:00:00 31/03/2017,47.395,34.1,0.0
09:00:00 01/04/2017,47.39,34.04,0.0
09:00:00 02/04/2017,47.39,34.04,0.0
09:00:00 03/04/2017,47.39,34.04,0.0
09:00:00 04/04/2017,47.4,34.183,0.0
09:00:00 05/04/2017,47.415,34.376,0.0
09:00:00 06/04/2017,47.42,34.438,0.0
09:00:00 07/04/2017,47.42,34.438,0.0
09:00:00 08/04/2017,47.42,34.438,0.0
09:00:00 09/04/2017,47.42,34.438,1.4
09:00:00 10/04/2017,47.41,34.293,0.0
09:00:00 11/04/2017,47.4,34.17,0.0
09:00:00 12/04/2017,47.41,34.315,0.0
09:00:00 13/04/2017,47.415,34.365,0.0
09:00:00 14/04/2017,47.395,34.091,0.0
09:00:00 15/04/2017,47.39,34.051,0.0
09:00:00 16/04/2017,47.425,34.532,0.0
09:00:00 17/04/2017,47.455,34.912,0.0
09:00:00 18/04/2017,47.445,34.757,0.0
09:00:00 19/04/2017,47.455,34.934,0.0
09:00:00 20/04/2017,47.465,35.025,0.0
09:00:00 21/04/2017,47.465,35.057,52.8
09:00:00 22/04/2017,47.455,34.88,0.8
09:00:00 23/04/2017,47.43,34.572,0.0
09:00:00 24/04/2017,47.43,34.572,0.0
09:00:00 25/04/2017,47.43,34.572,8.9
09:00:00 26/04/2017,47.42,34.427,2.6
09:00:00 27/04/2017,47.4,34.161,0.6
09:00:00 28/04/2017,47.395,34.111,0.0
09:00:00 29/04/2017,47.415,34.387,0.0
09:00:00 30/04/2017,47.41,34.284,0.0
09:00:00 01/05/2017,47.39,34.04,0.0
09:00:00 02/05/2017,47.395,34.11,0.0
09:00:00 03/05/2017,47.405,34.243,0.0
09:00:00 04/05/2017,47.43,34.595,0.0
09:00:00 05/05/2017,47.485,35.349,0.0
09:00:00 06/05/2017,47.53,35.926,0.0
09:00:00 07/05/2017,47.555,36.269,0.0
09:00:00 08/05/2017,47.58,36.601,0.0
09:00:00 09/05/2017,47.59,36.725,0.0
09:00:00 10/05/2017,47.595,36.798,0.0
09:00:00 11/05/2017,47.605,36.936,0.0
09:00:00 12/05/2017,47.625,37.224,0.0
09:00:00 13/05/2017,47.635,37.34,0.0
09:00:00 14/05/2017,47.615,37.051,0.0
09:00:00 15/05/2017,47.595,36.787,0.0
09:00:00 16/05/2017,47.595,36.798,0.0
09:00:00 17/05/2017,47.595,36.787,0.0
09:00:00 18/05/2017,47.595,36.798,0.0
09:00:00 19/05/2017,47.605,36.935,9.0
09:00:00 20/05/2017,47.61,36.999,0.0
09:00:00 21/05/2017,47.605,36.924,0.0
09:00:00 22/05/2017,47.6,36.86,0.0
09:00:00 23/05/2017,47.61,37.01,1.1
09:00:00 24/05/2017,47.625,37.213,0.0
09:00:00 25/05/2017,47.63,37.277,0.0
09:00:00 26/05/2017,47.63,37.277,0.0
09:00:00 27/05/2017,47.625,37.202,0.0
09:00:00 28/05/2017,47.62,37.138,2.0
09:00:00 29/05/2017,47.615,37.063,2.3
09:00:00 30/05/2017,47.61,36.999,0.4
09:00:00 31/05/2017,47.605,36.924,0.0
09:00:00 01/06/2017,47.595,36.787,0.0
09:00:00 02/06/2017,47.6,36.873,0.0
09:00:00 03/06/2017,47.61,36.999,0.0
09:00:00 04/06/2017,47.61,36.999,0.0
09:00:00 05/06/2017,47.615,37.074,0.0
09:00:00 06/06/2017,47.615,37.063,0.0
09:00:00 07/06/2017,47.61,36.999,0.0
09:00:00 08/06/2017,47.605,36.924,0.0
09:00:00 09/06/2017,47.6,36.86,0.0
09:00:00 10/06/2017,47.6,36.86,0.0
09:00:00 11/06/2017,47.6,36.86,0.0
09:00:00 12/06/2017,47.595,36.787,0.0
09:00:00 13/06/2017,47.59,36.725,0.0
09:00:00 14/06/2017,47.59,36.725,0.8
09:00:00 15/06/2017,47.595,36.798,0.0
09:00:00 16/06/2017,47.6,36.86,0.0
09:00:00 17/06/2017,47.6,36.86,0.1
09:00:00 18/06/2017,47.585,36.641,0.0
09:00:00 19/06/2017,47.56,36.308,0.0
09:00:00 20/06/2017,47.525,35.82,0.0
09:00:00 21/06/2017,47.495,35.437,0.0
09:00:00 22/06/2017,47.465,35.014,0.0
09:00:00 23/06/2017,47.44,34.706,0.0
09:00:00 24/06/2017,47.435,34.633,0.0
09:00:00 25/06/2017,47.425,34.5,0.0
09:00:00 26/06/2017,47.42,34.438,0.0
09:00:00 27/06/2017,47.415,34.365,0.0
09:00:00 28/06/2017,47.405,34.231,0.0
09:00:00 29/06/2017,47.38,33.889,0.0
09:00:00 30/06/2017,47.355,33.579,0.0
09:00:00 01/07/2017,47.325,33.168,0.0
09:00:00 02/07/2017,47.295,32.8,0.0
09:00:00 03/07/2017,47.29,32.74,0.1
09:00:00 04/07/2017,47.255,32.252,0.1
09:00:00 05/07/2017,47.205,31.63,2.1
09:00:00 06/07/2017,47.17,31.185,0.6
09:00:00 07/07/2017,47.165,31.158,1.3
09:00:00 08/07/2017,47.195,31.535,0.0
09:00:00 09/07/2017,47.23,31.989,2.6
09:00:00 10/07/2017,47.27,32.504,0.1
09:00:00 11/07/2017,47.27,32.462,0.0
09:00:00 12/07/2017,47.235,32.016,0.0
09:00:00 13/07/2017,47.23,31.978,0.7
09:00:00 14/07/2017,47.25,32.236,0.0
09:00:00 15/07/2017,47.26,32.354,0.0
09:00:00 16/07/2017,47.265,32.424,0.0
09:00:00 17/07/2017,47.27,32.484,0.0
09:00:00 18/07/2017,47.295,32.833,0.8
09:00:00 19/07/2017,47.335,33.341,2.5
09:00:00 20/07/2017,47.355,33.591,0.0
09:00:00 21/07/2017,47.39,34.076,0.0
09:00:00 22/07/2017,47.42,34.438,0.0
09:00:00 23/07/2017,47.415,34.366,0.0
09:00:00 24/07/2017,47.41,34.304,0.0
09:00:00 25/07/2017,47.405,34.231,0.0
09:00:00 26/07/2017,47.38,33.89,0.4
09:00:00 27/07/2017,47.395,34.148,0.0
09:00:00 28/07/2017,47.42,34.427,0.4
09:00:00 29/07/2017,47.425,34.521,0.0
09:00:00 30/07/2017,47.43,34.561,0.0
09:00:00 31/07/2017,47.41,34.293,0.0
09:00:00 01/08/2017,47.405,34.242,0.0
09:00:00 02/08/2017,47.405,34.231,0.0
09:00:00 03/08/2017,47.395,34.1,11.7
09:00:00 04/08/2017,47.395,34.11,11.2
09:00:00 05/08/2017,47.4,34.17,2.1
09:00:00 06/08/2017,47.4,34.17,0.0
09:00:00 07/08/2017,47.4,34.17,2.9
09:00:00 08/08/2017,47.405,34.242,0.8
09:00:00 09/08/2017,47.405,34.232,0.0
09:00:00 10/08/2017,47.4,34.17,0.0
09:00:00 11/08/2017,47.4,34.17,0.0
09:00:00 12/08/2017,47.39,34.03,0.0
09:00:00 13/08/2017,47.41,34.34,0.0
09:00:00 14/08/2017,47.425,34.489,0.0
09:00:00 15/08/2017,47.425,34.521,0.0
09:00:00 16/08/2017,47.41,34.276,14.3
09:00:00 17/08/2017,47.38,33.91,0.0
09:00:00 18/08/2017,47.385,33.98,1.7
09:00:00 19/08/2017,47.395,34.111,0.0
09:00:00 20/08/2017,47.42,34.46,0.0
09:00:00 21/08/2017,47.46,34.996,1.0
09:00:00 22/08/2017,47.495,35.46,0.0
09:00:00 23/08/2017,47.53,35.937,0.0
09:00:00 24/08/2017,47.56,36.331,0.8
09:00:00 25/08/2017,47.57,36.455,0.0
09:00:00 26/08/2017,47.58,36.601,0.0
09:00:00 27/08/2017,47.595,36.798,0.0
09:00:00 28/08/2017,47.61,37.01,0.0
09:00:00 29/08/2017,47.605,36.915,0.0
09:00:00 30/08/2017,47.625,37.25,0.0
09:00:00 31/08/2017,47.69,38.148,0.0
09:00:00 01/09/2017,47.755,39.066,0.0
09:00:00 02/09/2017,47.795,39.595,0.0
09:00:00 03/09/2017,47.785,39.431,0.0
09:00:00 04/09/2017,47.76,39.085,1.2
09:00:00 05/09/2017,47.77,39.262,0.9
09:00:00 06/09/2017,47.87,40.763,1.2
09:00:00 07/09/2017,47.94,41.662,1.0
09:00:00 08/09/2017,47.915,41.291,0.6
09:00:00 09/09/2017,47.89,40.935,0.0
09:00:00 10/09/2017,47.88,40.804,0.0
09:00:00 11/09/2017,47.885,40.881,0.0
09:00:00 12/09/2017,47.89,40.947,0.0
09:00:00 13/09/2017,47.885,40.87,0.0
09:00:00 14/09/2017,47.88,40.805,0.0
09:00:00 15/09/2017,47.905,41.195,0.0
09:00:00 16/09/2017,47.925,41.449,0.0
09:00:00 17/09/2017,47.91,41.224,0.0
09:00:00 18/09/2017,47.89,40.936,0.0
09:00:00 19/09/2017,47.895,41.037,2.1
09:00:00 20/09/2017,47.905,41.157,0.0
09:00:00 21/09/2017,47.89,40.936,0.0
09:00:00 22/09/2017,47.9,41.116,0.0
09:00:00 23/09/2017,47.9,41.07,0.0
09:00:00 24/09/2017,47.9,41.116,0.0
09:00:00 25/09/2017,47.905,41.147,0.0
09:00:00 26/09/2017,47.895,41.024,0.0
09:00:00 27/09/2017,47.895,41.013,0.0
09:00:00 28/09/2017,47.885,40.869,0.0
09:00:00 29/09/2017,47.865,40.572,0.0
09:00:00 30/09/2017,47.845,40.298,0.0
09:00:00 01/10/2017,47.855,40.464,0.0
09:00:00 02/10/2017,47.875,40.739,0.0
09:00:00 03/10/2017,47.895,41.037,0.0
09:00:00 04/10/2017,47.9,41.08,0.0
09:00:00 05/10/2017,47.9,41.103,0.0
09:00:00 06/10/2017,47.915,41.315,0.0
09:00:00 07/10/2017,47.915,41.303,0.0
09:00:00 08/10/2017,47.915,41.315,0.0
09:00:00 09/10/2017,47.92,41.382,0.0
09:00:00 10/10/2017,47.92,41.382,0.0
09:00:00 11/10/2017,47.915,41.303,0.0
09:00:00 12/10/2017,47.91,41.236,9.1
09:00:00 13/10/2017,47.915,41.315,0.0
09:00:00 14/10/2017,47.915,41.303,0.0
09:00:00 15/10/2017,47.905,41.157,0.0
09:00:00 16/10/2017,47.89,40.935,0.0
09:00:00 17/10/2017,47.87,40.65,0.0
09:00:00 18/10/2017,47.87,40.673,0.0
09:00:00 19/10/2017,47.88,40.804,0.0
09:00:00 20/10/2017,47.88,40.804,0.4
09:00:00 21/10/2017,47.88,40.804,0.0
09:00:00 22/10/2017,47.875,40.727,0.0
09:00:00 23/10/2017,47.87,40.661,0.0
09:00:00 24/10/2017,47.88,40.816,0.0
09:00:00 25/10/2017,47.905,41.182,2.4
09:00:00 26/10/2017,47.9,41.07,1.0
09:00:00 27/10/2017,47.885,40.881,0.3
09:00:00 28/10/2017,47.875,40.715,1.6
09:00:00 29/10/2017,47.865,40.595,0.4
09:00:00 30/10/2017,47.865,40.584,1.9
09:00:00 31/10/2017,47.865,40.595,0.7
09:00:00 01/11/2017,47.875,40.738,0.0
09:00:00 02/11/2017,47.88,40.804,0.0
09:00:00 03/11/2017,47.88,40.804,0.0
09:00:00 04/11/2017,47.88,40.804,0.0
09:00:00 05/11/2017,47.88,40.804,0.0
09:00:00 06/11/2017,47.875,40.727,0.0
09:00:00 07/11/2017,47.865,40.584,0.0
09:00:00 08/11/2017,47.855,40.441,0.0
09:00:00 09/11/2017,47.845,40.298,0.0
09:00:00 10/11/2017,47.835,40.154,0.0
09:00:00 11/11/2017,47.82,39.934,0.0
09:00:00 12/11/2017,47.805,39.726,0.0
09:00:00 13/11/2017,47.8,39.66,0.0
09:00:00 14/11/2017,47.815,39.892,0.0
09:00:00 15/11/2017,47.84,40.244,0.0
09:00:00 16/11/2017,47.875,40.761,42.6
09:00:00 17/11/2017,47.87,40.626,0.6
09:00:00 18/11/2017,47.84,40.232,0.0
09:00:00 19/11/2017,47.84,40.232,0.0
09:00:00 20/11/2017,47.84,40.231,0.0
09:00:00 21/11/2017,47.815,39.846,0.0
09:00:00 22/11/2017,47.78,39.366,0.0
09:00:00 23/11/2017,47.755,39.008,0.0
09:00:00 24/11/2017,47.725,38.585,0.0
09:00:00 25/11/2017,47.71,38.391,1.9
09:00:00 26/11/2017,47.71,38.391,0.2
09:00:00 27/11/2017,47.705,38.315,0.0
09:00:00 28/11/2017,47.69,38.099,0.0
09:00:00 29/11/2017,47.655,37.596,0.0
09:00:00 30/11/2017,47.625,37.202,0.0
09:00:00 01/12/2017,47.63,37.288,7.4
09:00:00 02/12/2017,47.625,37.19,43.2
09:00:00 03/12/2017,47.6,36.851,20.9
09:00:00 04/12/2017,47.59,36.725,0.0
09:00:00 05/12/2017,47.59,36.725,0.0
09:00:00 06/12/2017,47.585,36.652,0.0
09:00:00 07/12/2017,47.585,36.663,0.0
09:00:00 08/12/2017,47.61,37.024,9.3
09:00:00 09/12/2017,47.63,37.277,0.0
09:00:00 10/12/2017,47.635,37.352,0.0
09:00:00 11/12/2017,47.62,37.115,0.0
09:00:00 12/12/2017,47.595,36.787,0.0
09:00:00 13/12/2017,47.595,36.799,0.0
09:00:00 14/12/2017,47.64,37.462,0.0
09:00:00 15/12/2017,47.705,38.351,0.0
09:00:00 16/12/2017,47.745,38.902,0.0
09:00:00 17/12/2017,47.775,39.325,0.0
09:00:00 18/12/2017,47.795,39.595,0.0
09:00:00 19/12/2017,47.8,39.66,0.0
09:00:00 20/12/2017,47.815,39.892,6.6
09:00:00 21/12/2017,47.825,40.012,0.0
09:00:00 22/12/2017,47.825,40.023,0.0
09:00:00 23/12/2017,47.805,39.705,0.0
09:00:00 24/12/2017,47.815,39.917,0.0
09:00:00 25/12/2017,47.85,40.375,0.0
09:00:00 26/12/2017,47.84,40.22,0.0
09:00:00 27/12/2017,47.815,39.858,0.0
09:00:00 28/12/2017,47.825,40.047,0.0
09:00:00 29/12/2017,47.85,40.375,0.0
09:00:00 30/12/2017,47.84,40.22,0.0
09:00:00 31/12/2017,47.82,39.934,0.0
09:00:00 01/01/2018,47.8,39.65,0.0
09:00:00 02/01/2018,47.795,39.595,0.0
09:00:00 03/01/2018,47.79,39.508,0.0
09:00:00 04/01/2018,47.79,39.531,0.0
09:00:00 05/01/2018,47.81,39.815,0.0
09:00:00 06/01/2018,47.815,39.869,0.0
09:00:00 07/01/2018,47.805,39.725,0.0
09:00:00 08/01/2018,47.79,39.508,0.0
09:00:00 09/01/2018,47.795,39.608,0.0
09:00:00 10/01/2018,47.815,39.88,0.0
09:00:00 11/01/2018,47.825,40.023,0.0
09:00:00 12/01/2018,47.83,40.089,0.0
09:00:00 13/01/2018,47.83,40.089,0.1
09:00:00 14/01/2018,47.83,40.089,0.0
09:00:00 15/01/2018,47.825,40.012,0.0
09:00:00 16/01/2018,47.815,39.869,0.0
09:00:00 17/01/2018,47.805,39.726,0.0
09:00:00 18/01/2018,47.795,39.584,0.0
09:00:00 19/01/2018,47.795,39.595,0.0
09:00:00 20/01/2018,47.8,39.66,0.0
09:00:00 21/01/2018,47.795,39.584,0.0
09:00:00 22/01/2018,47.79,39.519,0.0
09:00:00 23/01/2018,47.79,39.519,0.0
09:00:00 24/01/2018,47.78,39.366,0.0
09:00:00 25/01/2018,47.76,39.084,0.0
09:00:00 26/01/2018,47.75,38.955,0.0
09:00:00 27/01/2018,47.73,38.65,0.0
09:00:00 28/01/2018,47.705,38.315,0.0
09:00:00 29/01/2018,47.7,38.25,0.0
09:00:00 30/01/2018,47.7,38.25,5.3
09:00:00 31/01/2018,47.72,38.555,0.0
09:00:00 01/02/2018,47.74,38.814,1.3
09:00:00 02/02/2018,47.735,38.737,0.0
09:00:00 03/02/2018,47.715,38.444,0.0
09:00:00 04/02/2018,47.695,38.175,0.0
09:00:00 05/02/2018,47.69,38.111,0.0
09:00:00 06/02/2018,47.695,38.186,0.0
09:00:00 07/02/2018,47.7,38.25,0.0
09:00:00 08/02/2018,47.7,38.25,0.0
09:00:00 09/02/2018,47.705,38.326,0.0
09:00:00 10/02/2018,47.71,38.391,0.0
09:00:00 11/02/2018,47.705,38.315,0.0
09:00:00 12/02/2018,47.705,38.326,0.0
09:00:00 13/02/2018,47.715,38.467,31.2
09:00:00 14/02/2018,47.72,38.532,0.0
09:00:00 15/02/2018,47.72,38.532,0.0
09:00:00 16/02/2018,47.72,38.532,0.0
09:00:00 17/02/2018,47.725,38.608,0.0
09:00:00 18/02/2018,47.73,38.673,0.0
09:00:00 19/02/2018,47.73,38.673,0.0
09:00:00 20/02/2018,47.73,38.673,0.0
09:00:00 21/02/2018,47.73,38.673,0.0
09:00:00 22/02/2018,47.72,38.521,0.0
09:00:00 23/02/2018,47.72,38.544,0.0
09:00:00 24/02/2018,47.73,38.673,0.0
09:00:00 25/02/2018,47.725,38.597,0.0
09:00:00 26/02/2018,47.715,38.456,0.0
09:00:00 27/02/2018,47.71,38.391,0.0
09:00:00 28/02/2018,47.71,38.391,0.0
09:00:00 01/03/2018,47.695,38.165,0.0
09:00:00 02/03/2018,47.685,38.047,0.0
09:00:00 03/03/2018,47.69,38.111,0.0
09:00:00 04/03/2018,47.685,38.036,0.0
09:00:00 05/03/2018,47.68,37.972,0.0
09:00:00 06/03/2018,47.68,37.972,0.0
09:00:00 07/03/2018,47.7,38.275,0.0
09:00:00 08/03/2018,47.72,38.532,0.0
09:00:00 09/03/2018,47.72,38.532,0.0
09:00:00 10/03/2018,47.72,38.532,0.0
09:00:00 11/03/2018,47.72,38.532,0.0
09:00:00 12/03/2018,47.715,38.456,0.0
09:00:00 13/03/2018,47.705,38.315,0.0
09:00:00 14/03/2018,47.7,38.25,0.0
09:00:00 15/03/2018,47.7,38.25,0.0
09:00:00 16/03/2018,47.695,38.174,0.0
09:00:00 17/03/2018,47.675,37.885,0.0
09:00:00 18/03/2018,47.65,37.544,0.0
09:00:00 19/03/2018,47.64,37.416,0.0
09:00:00 20/03/2018,47.63,37.266,0.0
09:00:00 21/03/2018,47.615,37.062,0.0
09:00:00 22/03/2018,47.595,36.777,0.3
09:00:00 23/03/2018,47.56,36.298,0.0
09:00:00 24/03/2018,47.535,35.977,0.0
09:00:00 25/03/2018,47.53,35.915,0.0
09:00:00 26/03/2018,47.535,35.988,0.1
09:00:00 27/03/2018,47.535,35.977,0.0
09:00:00 28/03/2018,47.525,35.842,0.0
09:00:00 29/03/2018,47.52,35.78,0.0
09:00:00 30/03/2018,47.52,35.78,0.0
09:00:00 31/03/2018,47.52,35.78,0.0
09:00:00 01/04/2018,47.52,35.78,0.0
09:00:00 02/04/2018,47.52,35.78,0.0
09:00:00 03/04/2018,47.52,35.78,0.0
09:00:00 04/04/2018,47.52,35.78,0.0
09:00:00 05/04/2018,47.525,35.853,0.0
09:00:00 06/04/2018,47.53,35.915,0.0
09:00:00 07/04/2018,47.53,35.915,0.0
09:00:00 08/04/2018,47.53,35.915,0.0
09:00:00 09/04/2018,47.53,35.915,0.0
09:00:00 10/04/2018,47.53,35.915,0.0
09:00:00 11/04/2018,47.535,35.988,0.0
09:00:00 12/04/2018,47.535,35.977,0.0
09:00:00 13/04/2018,47.53,35.915,0.0
09:00:00 14/04/2018,47.54,36.061,0.0
09:00:00 15/04/2018,47.55,36.185,0.0
09:00:00 16/04/2018,47.555,36.258,0.0
09:00:00 17/04/2018,47.56,36.32,0.0
09:00:00 18/04/2018,47.555,36.247,0.0
09:00:00 19/04/2018,47.545,36.112,0.0
09:00:00 20/04/2018,47.535,35.977,0.0
09:00:00 21/04/2018,47.535,35.988,0.0
09:00:00 22/04/2018,47.54,36.05,0.0
09:00:00 23/04/2018,47.54,36.05,0.0
09:00:00 24/04/2018,47.535,35.977,0.0
09:00:00 25/04/2018,47.525,35.842,0.0
09:00:00 26/04/2018,47.52,35.78,0.0
09:00:00 27/04/2018,47.51,35.634,0.0
09:00:00 28/04/2018,47.5,35.51,0.0
09:00:00 29/04/2018,47.5,35.51,0.0
09:00:00 30/04/2018,47.5,35.51,0.0
09:00:00 01/05/2018,47.505,35.583,0.0
09:00:00 02/05/2018,47.515,35.718,0.0
09:00:00 03/05/2018,47.51,35.634,0.0
09:00:00 04/05/2018,47.5,35.51,6.3
09:00:00 05/05/2018,47.505,35.583,0.0
09:00:00 06/05/2018,47.515,35.718,0.0
09:00:00 07/05/2018,47.525,35.853,0.0
09:00:00 08/05/2018,47.52,35.769,0.0
09:00:00 09/05/2018,47.51,35.645,0.0
09:00:00 10/05/2018,47.5,35.5,0.0
09:00:00 11/05/2018,47.49,35.376,1.7
09:00:00 12/05/2018,47.5,35.522,0.0
09:00:00 13/05/2018,47.515,35.718,0.0
09:00:00 14/05/2018,47.52,35.78,0.0
09:00:00 15/05/2018,47.5,35.489,0.0
09:00:00 16/05/2018,47.485,35.314,0.0
09:00:00 17/05/2018,47.455,34.868,0.0
09:00:00 18/05/2018,47.4,34.152,0.0
09:00:00 19/05/2018,47.38,33.91,0.0
09:00:00 20/05/2018,47.37,33.769,0.0
09:00:00 21/05/2018,47.355,33.58,0.0
09:00:00 22/05/2018,47.345,33.45,0.0
09:00:00 23/05/2018,47.34,33.39,0.0
09:00:00 24/05/2018,47.34,33.389,0.0
09:00:00 25/05/2018,47.315,33.039,0.0
09:00:00 26/05/2018,47.285,32.671,0.0
09:00:00 27/05/2018,47.28,32.612,0.0
09:00:00 28/05/2018,47.285,32.682,0.1
09:00:00 29/05/2018,47.29,32.741,4.9
09:00:00 30/05/2018,47.295,32.81,0.1
09:00:00 31/05/2018,47.275,32.521,0.0
09:00:00 01/06/2018,47.245,32.155,0.0
09:00:00 02/06/2018,47.235,32.026,0.0
09:00:00 03/06/2018,47.23,31.967,0.0
09:00:00 04/06/2018,47.225,31.897,0.0
09:00:00 05/06/2018,47.215,31.769,0.0
09:00:00 06/06/2018,47.245,32.198,0.0
09:00:00 07/06/2018,47.3,32.892,0.0
09:00:00 08/06/2018,47.325,33.2,2.9
09:00:00 09/06/2018,47.33,33.26,1.6
09:00:00 10/06/2018,47.335,33.33,0.4
09:00:00 11/06/2018,47.34,33.39,0.3
09:00:00 12/06/2018,47.34,33.39,5.0
09:00:00 13/06/2018,47.34,33.39,1.7
09:00:00 14/06/2018,47.335,33.32,1.1
09:00:00 15/06/2018,47.325,33.19,1.1
09:00:00 16/06/2018,47.315,33.06,0.0
09:00:00 17/06/2018,47.305,32.929,0.1
09:00:00 18/06/2018,47.29,32.73,0.0
09:00:00 19/06/2018,47.27,32.472,0.3
09:00:00 20/06/2018,47.255,32.284,0.0
09:00:00 21/06/2018,47.24,32.085,0.0
09:00:00 22/06/2018,47.225,31.897,0.0
09:00:00 23/06/2018,47.215,31.768,0.0
09:00:00 24/06/2018,47.21,31.709,0.0
09:00:00 25/06/2018,47.205,31.639,0.0
09:00:00 26/06/2018,47.2,31.58,0.0
09:00:00 27/06/2018,47.2,31.58,0.6
09:00:00 28/06/2018,47.205,31.65,0.4
09:00:00 29/06/2018,47.21,31.709,0.0
09:00:00 30/06/2018,47.21,31.709,0.2
09:00:00 01/07/2018,47.21,31.709,0.0
09:00:00 02/07/2018,47.21,31.709,0.0
09:00:00 03/07/2018,47.22,31.849,0.0
09:00:00 04/07/2018,47.24,32.106,0.0
09:00:00 05/07/2018,47.245,32.155,0.0
09:00:00 06/07/2018,47.21,31.682,0.0
09:00:00 07/07/2018,47.195,31.536,0.0
09:00:00 08/07/2018,47.235,32.058,0.0
09:00:00 09/07/2018,47.285,32.703,0.0
09:00:00 10/07/2018,47.285,32.651,0.0
09:00:00 11/07/2018,47.27,32.494,1.1
09:00:00 12/07/2018,47.29,32.751,0.2
09:00:00 13/07/2018,47.27,32.451,0.4
09:00:00 14/07/2018,47.23,31.956,0.0
09:00:00 15/07/2018,47.22,31.838,0.0
09:00:00 16/07/2018,47.22,31.838,0.0
09:00:00 17/07/2018,47.22,31.838,0.0
09:00:00 18/07/2018,47.215,31.769,0.0
09:00:00 19/07/2018,47.225,31.918,0.0
09:00:00 20/07/2018,47.235,32.026,0.2
09:00:00 21/07/2018,47.23,31.967,0.0
09:00:00 22/07/2018,47.225,31.897,0.0
09:00:00 23/07/2018,47.21,31.698,0.0
09:00:00 24/07/2018,47.195,31.513,0.3
09:00:00 25/07/2018,47.195,31.522,1.6
09:00:00 26/07/2018,47.19,31.445,4.8
09:00:00 27/07/2018,47.21,31.744,4.6
09:00:00 28/07/2018,47.245,32.166,0.2
09:00:00 29/07/2018,47.24,32.085,0.0
09:00:00 30/07/2018,47.225,31.898,0.2
09:00:00 31/07/2018,47.235,32.048,4.9
09:00:00 01/08/2018,47.26,32.365,0.0
09:00:00 02/08/2018,47.29,32.762,0.0
09:00:00 03/08/2018,47.29,32.721,0.4
09:00:00 04/08/2018,47.305,32.973,0.2
09:00:00 05/08/2018,47.335,33.32,0.0
09:00:00 06/08/2018,47.325,33.19,0.0
09:00:00 07/08/2018,47.32,33.13,0.1
09:00:00 08/08/2018,47.335,33.341,0.0
09:00:00 09/08/2018,47.365,33.731,0.0
09:00:00 10/08/2018,47.385,33.98,0.0
09:00:00 11/08/2018,47.39,34.04,0.1
09:00:00 12/08/2018,47.395,34.11,0.2
09:00:00 13/08/2018,47.4,34.17,0.0
09:00:00 14/08/2018,47.405,34.242,0.0
09:00:00 15/08/2018,47.41,34.304,0.0
09:00:00 16/08/2018,47.43,34.594,0.0
09:00:00 17/08/2018,47.465,35.057,3.4
09:00:00 18/08/2018,47.48,35.242,1.5
09:00:00 19/08/2018,47.49,35.387,0.5
09:00:00 20/08/2018,47.51,35.656,0.0
09:00:00 21/08/2018,47.53,35.926,0.0
09:00:00 22/08/2018,47.55,36.196,0.0
09:00:00 23/08/2018,47.57,36.466,0.0
09:00:00 24/08/2018,47.57,36.444,0.0
09:00:00 25/08/2018,47.56,36.32,0.0
09:00:00 26/08/2018,47.56,36.32,0.0
09:00:00 27/08/2018,47.56,36.32,0.0
09:00:00 28/08/2018,47.56,36.32,0.0
09:00:00 29/08/2018,47.56,36.32,0.0
09:00:00 30/08/2018,47.565,36.393,0.0
09:00:00 31/08/2018,47.575,36.528,1.6
09:00:00 01/09/2018,47.585,36.663,0.0
09:00:00 02/09/2018,47.595,36.798,0.0
09:00:00 03/09/2018,47.61,37.011,0.0
09:00:00 04/09/2018,47.63,37.289,0.4
09:00:00 05/09/2018,47.65,37.566,0.0
09:00:00 06/09/2018,47.645,37.468,0.0
09:00:00 07/09/2018,47.61,36.978,0.0
09:00:00 08/09/2018,47.59,36.725,0.0
09:00:00 09/09/2018,47.59,36.725,0.0
09:00:00 10/09/2018,47.59,36.725,0.0
09:00:00 11/09/2018,47.58,36.579,0.0
09:00:00 12/09/2018,47.575,36.528,0.0
09:00:00 13/09/2018,47.58,36.59,0.0
09:00:00 14/09/2018,47.585,36.663,0.0
09:00:00 15/09/2018,47.585,36.652,0.0
09:00:00 16/09/2018,47.58,36.59,0.1
09:00:00 17/09/2018,47.585,36.663,0.0
09:00:00 18/09/2018,47.585,36.652,0.0
09:00:00 19/09/2018,47.575,36.517,0.0
09:00:00 20/09/2018,47.57,36.455,0.0
09:00:00 21/09/2018,47.57,36.455,0.0
09:00:00 22/09/2018,47.57,36.455,0.0
09:00:00 23/09/2018,47.57,36.455,0.0
09:00:00 24/09/2018,47.575,36.528,0.0
09:00:00 25/09/2018,47.59,36.736,0.0
09:00:00 26/09/2018,47.59,36.714,0.0
09:00:00 27/09/2018,47.59,36.736,0.0
09:00:00 28/09/2018,47.585,36.641,0.0
09:00:00 29/09/2018,47.57,36.455,0.0
09:00:00 30/09/2018,47.575,36.528,0.0
09:00:00 01/10/2018,47.58,36.59,0.0
09:00:00 02/10/2018,47.58,36.59,0.0
09:00:00 03/10/2018,47.58,36.59,0.5
09:00:00 04/10/2018,47.585,36.663,2.5
09:00:00 05/10/2018,47.585,36.652,0.0
09:00:00 06/10/2018,47.58,36.59,0.0
09:00:00 07/10/2018,47.58,36.59,0.0
09:00:00 08/10/2018,47.585,36.663,0.0
09:00:00 09/10/2018,47.595,36.798,3.1
09:00:00 10/10/2018,47.59,36.714,2.3
09:00:00 11/10/2018,47.585,36.663,0.0
09:00:00 12/10/2018,47.595,36.798,0.0
09:00:00 13/10/2018,47.605,36.935,0.0
09:00:00 14/10/2018,47.62,37.149,0.0
09:00:00 15/10/2018,47.615,37.052,0.0
09:00:00 16/10/2018,47.615,37.085,6.3
09:00:00 17/10/2018,47.6,36.832,0.0
09:00:00 18/10/2018,47.57,36.455,0.0
09:00:00 19/10/2018,47.575,36.528,0.0
09:00:00 20/10/2018,47.585,36.663,1.1
09:00:00 21/10/2018,47.6,36.873,0.0
09:00:00 22/10/2018,47.615,37.074,0.0
09:00:00 23/10/2018,47.6,36.842,0.0
09:00:00 24/10/2018,47.58,36.59,0.0
09:00:00 25/10/2018,47.585,36.663,0.0
09:00:00 26/10/2018,47.59,36.725,0.0
09:00:00 27/10/2018,47.585,36.652,0.0
09:00:00 28/10/2018,47.58,36.59,0.0
09:00:00 29/10/2018,47.575,36.517,0.0
09:00:00 30/10/2018,47.57,36.455,0.0
09:00:00 31/10/2018,47.56,36.309,0.0
09:00:00 01/11/2018,47.56,36.331,0.0
09:00:00 02/11/2018,47.565,36.382,0.0
09:00:00 03/11/2018,47.57,36.466,0.0
09:00:00 04/11/2018,47.575,36.517,0.0
09:00:00 05/11/2018,47.565,36.382,0.1
09:00:00 06/11/2018,47.565,36.393,15.1
09:00:00 07/11/2018,47.575,36.528,0.0
09:00:00 08/11/2018,47.575,36.517,0.4
09:00:00 09/11/2018,47.575,36.528,0.0
09:00:00 10/11/2018,47.58,36.59,0.0
09:00:00 11/11/2018,47.575,36.517,0.0
09:00:00 12/11/2018,47.565,36.382,0.0
09:00:00 13/11/2018,47.57,36.466,0.0
09:00:00 14/11/2018,47.575,36.517,0.6
09:00:00 15/11/2018,47.565,36.382,0.0
09:00:00 16/11/2018,47.565,36.393,0.0
09:00:00 17/11/2018,47.57,36.455,0.0
09:00:00 18/11/2018,47.57,36.455,0.0
09:00:00 19/11/2018,47.57,36.455,0.0
09:00:00 20/11/2018,47.57,36.455,0.0
09:00:00 21/11/2018,47.575,36.528,0.2
09:00:00 22/11/2018,47.58,36.59,0.0
09:00:00 23/11/2018,47.58,36.59,0.1
09:00:00 24/11/2018,47.58,36.59,0.0
09:00:00 25/11/2018,47.58,36.59,0.0
09:00:00 26/11/2018,47.58,36.59,0.0
09:00:00 27/11/2018,47.58,36.59,0.0
09:00:00 28/11/2018,47.58,36.59,0.2
09:00:00 29/11/2018,47.58,36.59,0.0
09:00:00 30/11/2018,47.58,36.59,0.0
09:00:00 01/12/2018,47.58,36.59,0.9
09:00:00 02/12/2018,47.575,36.517,0.0
09:00:00 03/12/2018,47.575,36.528,0.0
09:00:00 04/12/2018,47.58,36.59,0.0
09:00:00 05/12/2018,47.58,36.59,0.0
09:00:00 06/12/2018,47.58,36.59,0.0
09:00:00 07/12/2018,47.575,36.517,0.0
09:00:00 08/12/2018,47.565,36.382,0.0
09:00:00 09/12/2018,47.56,36.32,0.0
09:00:00 10/12/2018,47.56,36.32,0.0
09:00:00 11/12/2018,47.56,36.32,0.0
09:00:00 12/12/2018,47.56,36.32,0.0
09:00:00 13/12/2018,47.56,36.32,5.1
09:00:00 14/12/2018,47.575,36.539,37.6
09:00:00 15/12/2018,47.575,36.506,2.4
09:00:00 16/12/2018,47.56,36.32,0.0
09:00:00 17/12/2018,47.55,36.174,0.0
09:00:00 18/12/2018,47.56,36.341,0.0
09:00:00 19/12/2018,47.55,36.152,0.0
09:00:00 20/12/2018,47.525,35.853,0.0
09:00:00 21/12/2018,47.55,36.207,0.0
09:00:00 22/12/2018,47.575,36.528,0.0
09:00:00 23/12/2018,47.58,36.59,0.0
09:00:00 24/12/2018,47.58,36.59,0.0
09:00:00 25/12/2018,47.6,36.886,0.0
09:00:00 26/12/2018,47.625,37.213,0.0
09:00:00 27/12/2018,47.63,37.278,0.0
09:00:00 28/12/2018,47.66,37.728,0.0
09:00:00 29/12/2018,47.695,38.186,0.0
09:00:00 30/12/2018,47.71,38.403,0.0
09:00:00 31/12/2018,47.725,38.608,0.1
09:00:00 01/01/2019,47.73,38.673,0.0
09:00:00 02/01/2019,47.73,38.673,0.0
09:00:00 03/01/2019,47.72,38.521,0.0
09:00:00 04/01/2019,47.725,38.62,0.0
09:00:00 05/01/2019,47.73,38.661,0.0
09:00:00 06/01/2019,47.72,38.532,0.0
09:00:00 07/01/2019,47.715,38.456,0.0
09:00:00 08/01/2019,47.7,38.24,0.0
09:00:00 09/01/2019,47.71,38.415,0.0
09:00:00 10/01/2019,47.745,38.902,0.0
09:00:00 11/01/2019,47.76,39.096,0.0
09:00:00 12/01/2019,47.775,39.325,0.0
09:00:00 13/01/2019,47.79,39.519,0.0
09:00:00 14/01/2019,47.785,39.443,0.0
09:00:00 15/01/2019,47.78,39.378,0.0
09:00:00 16/01/2019,47.78,39.378,0.0
09:00:00 17/01/2019,47.79,39.531,0.0
09:00:00 18/01/2019,47.8,39.66,0.0
09:00:00 19/01/2019,47.8,39.66,0.0
09:00:00 20/01/2019,47.795,39.584,0.0
09:00:00 21/01/2019,47.79,39.519,0.0
09:00:00 22/01/2019,47.785,39.443,0.0
09:00:00 23/01/2019,47.79,39.531,0.0
09:00:00 24/01/2019,47.8,39.66,0.0
09:00:00 25/01/2019,47.8,39.66,0.0
09:00:00 26/01/2019,47.8,39.66,0.2
09:00:00 27/01/2019,47.8,39.66,2.7
09:00:00 28/01/2019,47.8,39.66,0.0
09:00:00 29/01/2019,47.81,39.815,0.0
09:00:00 30/01/2019,47.82,39.946,0.0
09:00:00 31/01/2019,47.82,39.946,0.0
09:00:00 01/02/2019,47.825,40.023,0.0
09:00:00 02/02/2019,47.835,40.166,0.0
09:00:00 03/02/2019,47.835,40.155,0.0
09:00:00 04/02/2019,47.83,40.089,0.0
09:00:00 05/02/2019,47.835,40.166,3.4
09:00:00 06/02/2019,47.835,40.155,0.1
09:00:00 07/02/2019,47.825,40.012,0.9
09:00:00 08/02/2019,47.82,39.946,0.0
09:00:00 09/02/2019,47.81,39.791,0.0
09:00:00 10/02/2019,47.8,39.66,0.0
09:00:00 11/02/2019,47.8,39.66,0.0
09:00:00 12/02/2019,47.8,39.66,0.0
09:00:00 13/02/2019,47.795,39.584,0.0
09:00:00 14/02/2019,47.785,39.443,0.0
09:00:00 15/02/2019,47.8,39.685,0.0
09:00:00 16/02/2019,47.82,39.946,0.0
09:00:00 17/02/2019,47.82,39.946,0.0
09:00:00 18/02/2019,47.82,39.946,0.0
09:00:00 19/02/2019,47.805,39.715,0.0
09:00:00 20/02/2019,47.785,39.443,0.0
09:00:00 21/02/2019,47.785,39.454,0.0
09:00:00 22/02/2019,47.775,39.29,0.0
09:00:00 23/02/2019,47.745,38.867,0.0
09:00:00 24/02/2019,47.73,38.673,0.0
09:00:00 25/02/2019,47.72,38.52,0.0
09:00:00 26/02/2019,47.685,38.014,0.0
09:00:00 27/02/2019,47.65,37.544,0.0
09:00:00 28/02/2019,47.64,37.416,0.0
09:00:00 01/03/2019,47.635,37.341,0.0
09:00:00 02/03/2019,47.625,37.202,0.0
09:00:00 03/03/2019,47.615,37.063,0.0
09:00:00 04/03/2019,47.6,36.851,0.0
09:00:00 05/03/2019,47.605,36.948,0.9
09:00:00 06/03/2019,47.61,36.988,0.0
09:00:00 07/03/2019,47.61,37.01,0.0
09:00:00 08/03/2019,47.625,37.213,0.0
09:00:00 09/03/2019,47.63,37.277,0.0
09:00:00 10/03/2019,47.625,37.202,0.0
09:00:00 11/03/2019,47.615,37.063,0.0
09:00:00 12/03/2019,47.605,36.924,0.0
09:00:00 13/03/2019,47.6,36.86,0.0
09:00:00 14/03/2019,47.595,36.787,0.0
09:00:00 15/03/2019,47.595,36.798,0.0
09:00:00 16/03/2019,47.6,36.86,0.0
09:00:00 17/03/2019,47.595,36.787,0.0
09:00:00 18/03/2019,47.585,36.652,0.0
09:00:00 19/03/2019,47.59,36.736,0.0
09:00:00 20/03/2019,47.6,36.86,0.0
09:00:00 21/03/2019,47.6,36.86,0.0
09:00:00 22/03/2019,47.6,36.86,1.5
09:00:00 23/03/2019,47.605,36.935,1.0
09:00:00 24/03/2019,47.615,37.074,1.1
09:00:00 25/03/2019,47.63,37.288,0.0
09:00:00 26/03/2019,47.62,37.115,0.0
09:00:00 27/03/2019,47.6,36.86,0.0
09:00:00 28/03/2019,47.58,36.568,0.0
09:00:00 29/03/2019,47.575,36.539,0.0
09:00:00 30/03/2019,47.585,36.652,0.0
09:00:00 31/03/2019,47.58,36.59,0.0
09:00:00 01/04/2019,47.58,36.59,0.0
09:00:00 02/04/2019,47.58,36.59,0.0
09:00:00 03/04/2019,47.565,36.372,0.0
09:00:00 04/04/2019,47.575,36.55,0.0
09:00:00 05/04/2019,47.595,36.787,0.0
09:00:00 06/04/2019,47.595,36.798,0.0
09:00:00 07/04/2019,47.6,36.86,0.0
09:00:00 08/04/2019,47.6,36.86,0.0
09:00:00 09/04/2019,47.6,36.86,0.0
09:00:00 10/04/2019,47.6,36.86,0.0
09:00:00 11/04/2019,47.6,36.86,0.0
09:00:00 12/04/2019,47.605,36.935,0.0
09:00:00 13/04/2019,47.61,36.999,0.0
09:00:00 14/04/2019,47.61,36.999,0.0
09:00:00 15/04/2019,47.605,36.924,0.0
09:00:00 16/04/2019,47.595,36.787,0.0
09:00:00 17/04/2019,47.585,36.652,0.0
09:00:00 18/04/2019,47.58,36.59,0.0
09:00:00 19/04/2019,47.59,36.736,0.0
09:00:00 20/04/2019,47.6,36.86,0.0
09:00:00 21/04/2019,47.6,36.86,0.0
09:00:00 22/04/2019,47.6,36.86,0.0
09:00:00 23/04/2019,47.6,36.86,0.0
09:00:00 24/04/2019,47.61,37.01,0.3
09:00:00 25/04/2019,47.62,37.138,0.0
09:00:00 26/04/2019,47.61,36.988,0.0
09:00:00 27/04/2019,47.6,36.86,0.0
09:00:00 28/04/2019,47.605,36.935,0.0
09:00:00 29/04/2019,47.61,36.999,0.0
09:00:00 30/04/2019,47.61,36.999,0.0
09:00:00 01/05/2019,47.615,37.074,4.9
09:00:00 02/05/2019,47.615,37.063,5.6
09:00:00 03/05/2019,47.61,36.999,1.3
09:00:00 04/05/2019,47.61,36.999,0.0
09:00:00 05/05/2019,47.615,37.074,0.0
09:00:00 06/05/2019,47.62,37.138,0.0
09:00:00 07/05/2019,47.625,37.213,0.0
09:00:00 08/05/2019,47.63,37.277,0.1
09:00:00 09/05/2019,47.625,37.202,0.0
09:00:00 10/05/2019,47.62,37.138,9.3
09:00:00 11/05/2019,47.625,37.213,0.0
09:00:00 12/05/2019,47.63,37.277,0.0
09:00:00 13/05/2019,47.63,37.277,0.0
09:00:00 14/05/2019,47.63,37.277,0.0
09:00:00 15/05/2019,47.63,37.276,0.0
09:00:00 16/05/2019,47.605,36.905,0.0
09:00:00 17/05/2019,47.57,36.444,0.0
09:00:00 18/05/2019,47.555,36.247,0.0
09:00:00 19/05/2019,47.54,36.039,0.0
09:00:00 20/05/2019,47.525,35.842,0.4
09:00:00 21/05/2019,47.5,35.489,0.0
09:00:00 22/05/2019,47.48,35.242,0.0
09:00:00 23/05/2019,47.465,35.025,0.0
09:00:00 24/05/2019,47.45,34.84,0.0
09:00:00 25/05/2019,47.445,34.768,0.0
09:00:00 26/05/2019,47.44,34.706,2.8
09:00:00 27/05/2019,47.44,34.706,0.4
09:00:00 28/05/2019,47.435,34.634,0.0
09:00:00 29/05/2019,47.43,34.572,3.2
09:00:00 30/05/2019,47.425,34.499,1.6
09:00:00 31/05/2019,47.4,34.152,0.0
09:00:00 01/06/2019,47.37,33.769,0.2
09:00:00 02/06/2019,47.35,33.509,0.0
09:00:00 03/06/2019,47.325,33.179,0.5
09:00:00 04/06/2019,47.305,32.93,0.0
09:00:00 05/06/2019,47.295,32.8,0.0
09:00:00 06/06/2019,47.3,32.881,0.0
09:00:00 07/06/2019,47.31,33.0,0.0
09:00:00 08/06/2019,47.305,32.93,0.0
09:00:00 09/06/2019,47.3,32.87,0.0
09:00:00 10/06/2019,47.3,32.87,0.5
09:00:00 11/06/2019,47.3,32.87,0.0
09:00:00 12/06/2019,47.295,32.8,0.2
09:00:00 13/06/2019,47.295,32.811,1.9
09:00:00 14/06/2019,47.305,32.94,0.0
09:00:00 15/06/2019,47.31,33.0,0.0
09:00:00 16/06/2019,47.31,33.0,0.1
09:00:00 17/06/2019,47.31,33.0,0.0
09:00:00 18/06/2019,47.315,33.07,0.0
09:00:00 19/06/2019,47.325,33.2,0.0
09:00:00 20/06/2019,47.325,33.19,0.0
09:00:00 21/06/2019,47.325,33.2,0.0
09:00:00 22/06/2019,47.33,33.26,0.0
09:00:00 23/06/2019,47.335,33.33,0.0
09:00:00 24/06/2019,47.34,33.39,0.0
09:00:00 25/06/2019,47.33,33.25,0.0
09:00:00 26/06/2019,47.325,33.2,0.0
09:00:00 27/06/2019,47.33,33.26,0.0
09:00:00 28/06/2019,47.315,33.049,0.0
09:00:00 29/06/2019,47.3,32.87,3.0
09:00:00 30/06/2019,47.305,32.94,1.8
09:00:00 01/07/2019,47.315,33.071,5.1
09:00:00 02/07/2019,47.33,33.271,0.0
09:00:00 03/07/2019,47.35,33.531,0.0
09:00:00 04/07/2019,47.36,33.65,0.0
09:00:00 05/07/2019,47.375,33.861,0.0
09:00:00 06/07/2019,47.395,34.11,0.0
09:00:00 07/07/2019,47.405,34.243,5.3
09:00:00 08/07/2019,47.42,34.449,7.3
09:00:00 09/07/2019,47.43,34.572,0.0
09:00:00 10/07/2019,47.43,34.572,0.0
09:00:00 11/07/2019,47.415,34.354,1.0
09:00:00 12/07/2019,47.385,33.959,0.0
09:00:00 13/07/2019,47.36,33.639,3.3
09:00:00 14/07/2019,47.345,33.45,0.0
09:00:00 15/07/2019,47.345,33.46,0.4
09:00:00 16/07/2019,47.345,33.449,0.4
09:00:00 17/07/2019,47.31,32.969,0.0
09:00:00 18/07/2019,47.275,32.543,0.0
09:00:00 19/07/2019,47.285,32.692,0.0
09:00:00 20/07/2019,47.285,32.661,0.0
09:00:00 21/07/2019,47.28,32.623,0.0
09:00:00 22/07/2019,47.305,32.951,0.0
09:00:00 23/07/2019,47.32,33.13,0.0
09:00:00 24/07/2019,47.315,33.059,0.5
09:00:00 25/07/2019,47.295,32.79,0.0
09:00:00 26/07/2019,47.28,32.612,0.0
09:00:00 27/07/2019,47.285,32.682,0.1
09:00:00 28/07/2019,47.295,32.811,0.0
09:00:00 29/07/2019,47.3,32.87,7.0
09:00:00 30/07/2019,47.305,32.94,3.9
09:00:00 31/07/2019,47.31,33.0,0.0
09:00:00 01/08/2019,47.305,32.93,0.0
09:00:00 02/08/2019,47.3,32.87,0.0
09:00:00 03/08/2019,47.32,33.152,0.0
09:00:00 04/08/2019,47.365,33.742,0.0
09:00:00 05/08/2019,47.405,34.256,0.0
09:00:00 06/08/2019,47.46,35.019,0.0
09:00:00 07/08/2019,47.54,36.094,0.0
09:00:00 08/08/2019,47.595,36.811,0.1
09:00:00 09/08/2019,47.605,36.924,0.5
09:00:00 10/08/2019,47.61,37.01,5.6
09:00:00 11/08/2019,47.615,37.063,1.7
09:00:00 12/08/2019,47.605,36.924,0.4
09:00:00 13/08/2019,47.61,37.01,0.0
09:00:00 14/08/2019,47.62,37.138,0.0
09:00:00 15/08/2019,47.635,37.364,0.0
09:00:00 16/08/2019,47.66,37.705,0.0
09:00:00 17/08/2019,47.665,37.758,0.0
09:00:00 18/08/2019,47.66,37.694,0.7
09:00:00 19/08/2019,47.655,37.62,1.0
09:00:00 20/08/2019,47.7,38.312,0.0
09:00:00 21/08/2019,47.755,39.032,0.0
09:00:00 22/08/2019,47.78,39.401,0.0
09:00:00 23/08/2019,47.8,39.66,0.0
09:00:00 24/08/2019,47.79,39.507,0.0
09:00:00 25/08/2019,47.78,39.378,0.0
09:00:00 26/08/2019,47.785,39.454,0.0
09:00:00 27/08/2019,47.79,39.519,0.0
09:00:00 28/08/2019,47.795,39.595,0.0
09:00:00 29/08/2019,47.8,39.66,0.2
09:00:00 30/08/2019,47.8,39.66,0.0
09:00:00 31/08/2019,47.8,39.66,0.0
09:00:00 01/09/2019,47.795,39.584,0.0
09:00:00 02/09/2019,47.78,39.367,0.0
09:00:00 03/09/2019,47.795,39.62,0.0
09:00:00 04/09/2019,47.82,39.946,0.0
09:00:00 05/09/2019,47.82,39.946,0.0
09:00:00 06/09/2019,47.815,39.869,0.9
09:00:00 07/09/2019,47.81,39.803,2.5
09:00:00 08/09/2019,47.81,39.803,0.2
09:00:00 09/09/2019,47.81,39.803,1.3
09:00:00 10/09/2019,47.81,39.803,0.0
09:00:00 11/09/2019,47.795,39.573,0.0
09:00:00 12/09/2019,47.79,39.531,0.0
09:00:00 13/09/2019,47.8,39.66,0.0
09:00:00 14/09/2019,47.8,39.66,0.0
09:00:00 15/09/2019,47.815,39.892,0.0
09:00:00 16/09/2019,47.825,40.008,0.0
09:00:00 17/09/2019,47.65,37.406,8.4
09:00:00 18/09/2019,47.66,37.941,0.0
09:00:00 19/09/2019,47.845,40.309,0.0
09:00:00 20/09/2019,47.845,40.298,0.0
09:00:00 21/09/2019,47.835,40.155,1.3
09:00:00 22/09/2019,47.83,40.089,0.0
09:00:00 23/09/2019,47.835,40.166,0.0
09:00:00 24/09/2019,47.84,40.232,0.0
09:00:00 25/09/2019,47.85,40.387,0.0
09:00:00 26/09/2019,47.875,40.75,0.0
09:00:00 27/09/2019,47.905,41.183,0.0
09:00:00 28/09/2019,47.93,41.54,0.0
09:00:00 29/09/2019,47.95,41.832,0.0
09:00:00 30/09/2019,47.98,42.282,0.0
09:00:00 01/10/2019,48.01,42.706,0.0
09:00:00 02/10/2019,48.035,43.072,0.0
09:00:00 03/10/2019,48.06,43.426,0.0
09:00:00 04/10/2019,48.075,43.636,0.0
09:00:00 05/10/2019,48.09,43.858,0.0
09:00:00 06/10/2019,48.12,44.303,0.0
09:00:00 07/10/2019,48.16,44.88,0.0
09:00:00 08/10/2019,48.155,44.756,0.0
09:00:00 09/10/2019,48.135,44.502,0.0
09:00:00 10/10/2019,48.15,44.724,0.0
09:00:00 11/10/2019,48.16,44.857,0.0
09:00:00 12/10/2019,48.165,44.935,0.0
09:00:00 13/10/2019,48.175,45.079,0.0
09:00:00 14/10/2019,48.18,45.146,0.0
09:00:00 15/10/2019,48.18,45.146,0.0
09:00:00 16/10/2019,48.175,45.068,0.0
09:00:00 17/10/2019,48.17,45.001,0.7
09:00:00 18/10/2019,48.165,44.923,0.0
09:00:00 19/10/2019,48.155,44.779,0.0
09:00:00 20/10/2019,48.145,44.635,0.0
09:00:00 21/10/2019,48.165,44.958,0.0
09:00:00 22/10/2019,48.19,45.29,0.0
09:00:00 23/10/2019,48.185,45.212,0.0
09:00:00 24/10/2019,48.17,44.99,0.0
09:00:00 25/10/2019,48.17,45.013,0.0
09:00:00 26/10/2019,48.175,45.067,0.0
09:00:00 27/10/2019,48.165,44.923,0.0
09:00:00 28/10/2019,48.16,44.857,0.0
09:00:00 29/10/2019,48.155,44.779,0.0
09:00:00 30/10/2019,48.145,44.633,0.0
09:00:00 31/10/2019,48.095,43.866,0.0
09:00:00 01/11/2019,48.065,43.503,0.0
09:00:00 02/11/2019,48.07,43.547,7.5
09:00:00 03/11/2019,48.08,43.726,3.1
09:00:00 04/11/2019,48.1,43.99,0.7
09:00:00 05/11/2019,48.11,44.146,1.5
09:00:00 06/11/2019,48.12,44.279,0.0
09:00:00 07/11/2019,48.125,44.358,0.0
09:00:00 08/11/2019,48.15,44.736,0.0
09:00:00 09/11/2019,48.18,45.157,0.9
09:00:00 10/11/2019,48.19,45.29,0.0
09:00:00 11/11/2019,48.195,45.368,0.0
09:00:00 12/11/2019,48.2,45.435,0.0
09:00:00 13/11/2019,48.205,45.513,0.0
09:00:00 14/11/2019,48.21,45.579,0.0
09:00:00 15/11/2019,48.21,45.579,0.0
09:00:00 16/11/2019,48.21,45.579,0.0
09:00:00 17/11/2019,48.205,45.501,0.0
09:00:00 18/11/2019,48.195,45.356,0.0
09:00:00 19/11/2019,48.155,44.743,0.0
09:00:00 20/11/2019,48.105,44.044,0.0
09:00:00 21/11/2019,48.065,43.456,0.0
09:00:00 22/11/2019,48.015,42.735,0.0
09:00:00 23/11/2019,47.965,42.009,0.0
09:00:00 24/11/2019,47.93,41.516,0.0
09:00:00 25/11/2019,47.91,41.224,0.0
09:00:00 26/11/2019,47.895,41.012,0.0
09:00:00 27/11/2019,47.875,40.714,0.0
09:00:00 28/11/2019,47.82,39.9,0.0
09:00:00 29/11/2019,47.735,38.693,0.0
09:00:00 30/11/2019,47.68,37.96,0.8
09:00:00 01/12/2019,47.66,37.683,6.3
09:00:00 02/12/2019,47.65,37.555,5.4
09:00:00 03/12/2019,47.66,37.705,0.0
09:00:00 04/12/2019,47.665,37.758,0.0
09:00:00 05/12/2019,47.655,37.619,0.0
09:00:00 06/12/2019,47.645,37.48,0.0
09:00:00 07/12/2019,47.635,37.341,0.0
09:00:00 08/12/2019,47.625,37.202,0.0
09:00:00 09/12/2019,47.62,37.138,0.0
09:00:00 10/12/2019,47.61,36.988,0.0
09:00:00 11/12/2019,47.605,36.935,0.0
09:00:00 12/12/2019,47.605,36.924,0.0
09:00:00 13/12/2019,47.605,36.935,0.0
09:00:00 14/12/2019,47.615,37.074,0.0
09:00:00 15/12/2019,47.62,37.138,0.0
09:00:00 16/12/2019,47.615,37.063,0.0
09:00:00 17/12/2019,47.6,36.851,0.0
09:00:00 18/12/2019,47.58,36.579,0.0
09:00:00 19/12/2019,47.575,36.528,0.0
09:00:00 20/12/2019,47.595,36.811,0.0
09:00:00 21/12/2019,47.61,36.999,0.0
09:00:00 22/12/2019,47.62,37.149,0.0
09:00:00 23/12/2019,47.635,37.352,0.0
09:00:00 24/12/2019,47.645,37.491,0.0
09:00:00 25/12/2019,47.63,37.255,0.0
09:00:00 26/12/2019,47.62,37.149,0.0
09:00:00 27/12/2019,47.63,37.277,0.0
09:00:00 28/12/2019,47.63,37.277,0.0
09:00:00 29/12/2019,47.63,37.277,0.0
09:00:00 30/12/2019,47.625,37.202,0.0
09:00:00 31/12/2019,47.615,37.063,0.0
09:00:00 01/01/2020,47.605,36.924,0.0
09:00:00 02/01/2020,47.605,36.935,0.0
09:00:00 03/01/2020,47.605,36.924,0.0
09:00:00 04/01/2020,47.6,36.86,0.0
09:00:00 05/01/2020,47.595,36.787,0.0
09:00:00 06/01/2020,47.595,36.798,0.2
09:00:00 07/01/2020,47.605,36.935,0.9
09:00:00 08/01/2020,47.61,36.999,0.0
09:00:00 09/01/2020,47.615,37.074,0.0
09:00:00 10/01/2020,47.61,36.988,0.0
09:00:00 11/01/2020,47.6,36.86,0.1
09:00:00 12/01/2020,47.6,36.86,0.0
09:00:00 13/01/2020,47.6,36.86,0.0
09:00:00 14/01/2020,47.605,36.935,0.0
09:00:00 15/01/2020,47.61,36.999,0.0
09:00:00 16/01/2020,47.615,37.074,0.0
09:00:00 17/01/2020,47.6,36.842,0.0
09:00:00 18/01/2020,47.58,36.59,0.0
09:00:00 19/01/2020,47.58,36.59,0.0
09:00:00 20/01/2020,47.585,36.663,0.0
09:00:00 21/01/2020,47.59,36.725,2.6
09:00:00 22/01/2020,47.595,36.798,0.1
09:00:00 23/01/2020,47.6,36.86,1.5
09:00:00 24/01/2020,47.6,36.86,0.0
09:00:00 25/01/2020,47.605,36.935,0.0
09:00:00 26/01/2020,47.61,36.999,0.0
09:00:00 27/01/2020,47.605,36.924,0.0
09:00:00 28/01/2020,47.6,36.86,0.0
09:00:00 29/01/2020,47.6,36.86,0.0
09:00:00 30/01/2020,47.6,36.86,0.0
09:00:00 31/01/2020,47.595,36.787,0.0
09:00:00 01/02/2020,47.605,36.948,0.6
09:00:00 02/02/2020,47.615,37.063,3.9
09:00:00 03/02/2020,47.61,36.999,0.5
09:00:00 04/02/2020,47.61,36.999,0.0
09:00:00 05/02/2020,47.61,36.999,0.0
09:00:00 06/02/2020,47.61,36.999,0.0
09:00:00 07/02/2020,47.61,36.999,3.2
09:00:00 08/02/2020,47.61,36.999,0.0
09:00:00 09/02/2020,47.61,36.999,0.6
09:00:00 10/02/2020,47.6,36.851,0.0
09:00:00 11/02/2020,47.6,36.873,0.0
09:00:00 12/02/2020,47.615,37.074,0.0
09:00:00 13/02/2020,47.6,36.841,0.0
09:00:00 14/02/2020,47.57,36.444,0.0
09:00:00 15/02/2020,47.58,36.612,2.8
09:00:00 16/02/2020,47.6,36.86,0.0
09:00:00 17/02/2020,47.6,36.86,0.0
09:00:00 18/02/2020,47.6,36.86,0.0
09:00:00 19/02/2020,47.59,36.714,0.0
09:00:00 20/02/2020,47.585,36.663,0.0
09:00:00 21/02/2020,47.595,36.798,0.0
09:00:00 22/02/2020,47.6,36.86,0.0
09:00:00 23/02/2020,47.605,36.935,0.0
09:00:00 24/02/2020,47.615,37.074,0.0
09:00:00 25/02/2020,47.625,37.213,0.0
09:00:00 26/02/2020,47.63,37.277,0.0
09:00:00 27/02/2020,47.63,37.277,0.0
09:00:00 28/02/2020,47.63,37.277,0.0
09:00:00 29/02/2020,47.63,37.277,0.0
09:00:00 01/03/2020,47.625,37.202,0.0
09:00:00 02/03/2020,47.615,37.063,0.0
09:00:00 03/03/2020,47.605,36.924,0.0
09:00:00 04/03/2020,47.595,36.787,0.3
09:00:00 05/03/2020,47.605,36.948,5.2
09:00:00 06/03/2020,47.615,37.063,0.0
09:00:00 07/03/2020,47.61,36.999,0.0
09:00:00 08/03/2020,47.605,36.924,0.0
09:00:00 09/03/2020,47.59,36.714,0.0
09:00:00 10/03/2020,47.575,36.517,0.0
09:00:00 11/03/2020,47.58,36.601,0.0
09:00:00 12/03/2020,47.595,36.798,0.1
09:00:00 13/03/2020,47.615,37.086,0.0
09:00:00 14/03/2020,47.63,37.277,0.0
09:00:00 15/03/2020,47.635,37.352,0.0
09:00:00 16/03/2020,47.64,37.416,0.0
09:00:00 17/03/2020,47.64,37.416,0.0
09:00:00 18/03/2020,47.64,37.416,0.0
09:00:00 19/03/2020,47.64,37.416,0.0
09:00:00 20/03/2020,47.63,37.266,0.0
09:00:00 21/03/2020,47.615,37.063,0.0
09:00:00 22/03/2020,47.61,36.999,0.0
09:00:00 23/03/2020,47.6,36.851,0.0
09:00:00 24/03/2020,47.59,36.725,0.0
09:00:00 25/03/2020,47.595,36.798,0.0
09:00:00 26/03/2020,47.605,36.935,0.0
09:00:00 27/03/2020,47.61,36.999,0.0
09:00:00 28/03/2020,47.605,36.924,0.0
09:00:00 29/03/2020,47.595,36.787,0.0
09:00:00 30/03/2020,47.585,36.652,0.0
09:00:00 31/03/2020,47.59,36.736,0.0
09:00:00 01/04/2020,47.6,36.86,0.0
09:00:00 02/04/2020,47.61,37.01,13.5
09:00:00 03/04/2020,47.61,36.988,0.0
09:00:00 04/04/2020,47.6,36.86,9.2
09:00:00 05/04/2020,47.61,37.01,0.0
09:00:00 06/04/2020,47.62,37.138,0.0
09:00:00 07/04/2020,47.625,37.213,0.0
09:00:00 08/04/2020,47.63,37.277,0.0
09:00:00 09/04/2020,47.635,37.352,1.7
09:00:00 10/04/2020,47.635,37.341,0.0
09:00:00 11/04/2020,47.63,37.277,0.0
09:00:00 12/04/2020,47.63,37.277,0.0
09:00:00 13/04/2020,47.63,37.277,0.0
09:00:00 14/04/2020,47.635,37.351,0.0
09:00:00 15/04/2020,47.61,36.969,0.0
09:00:00 16/04/2020,47.565,36.37,0.0
09:00:00 17/04/2020,47.52,35.747,0.0
09:00:00 18/04/2020,47.47,35.086,0.0
09:00:00 19/04/2020,47.425,34.478,0.0
09:00:00 20/04/2020,47.395,34.099,0.0
09:00:00 21/04/2020,47.37,33.759,0.0
09:00:00 22/04/2020,47.34,33.379,0.0
09:00:00 23/04/2020,47.32,33.119,0.0
09:00:00 24/04/2020,47.31,33.0,0.4
09:00:00 25/04/2020,47.33,33.281,0.0
09:00:00 26/04/2020,47.355,33.59,7.4
09:00:00 27/04/2020,47.35,33.509,0.2
09:00:00 28/04/2020,47.335,33.32,0.0
09:00:00 29/04/2020,47.325,33.19,2.4
09:00:00 30/04/2020,47.315,33.06,13.0
09:00:00 01/05/2020,47.305,32.93,0.5
09:00:00 02/05/2020,47.3,32.87,2.5
09:00:00 03/05/2020,47.3,32.87,0.1
09:00:00 04/05/2020,47.305,32.94,0.0
09:00:00 05/05/2020,47.31,33.0,0.0
09:00:00 06/05/2020,47.32,33.14,0.0
09:00:00 07/05/2020,47.32,33.119,0.0
09:00:00 08/05/2020,47.31,33.0,0.0
09:00:00 09/05/2020,47.31,33.0,0.1
09:00:00 10/05/2020,47.32,33.141,0.0
09:00:00 11/05/2020,47.355,33.612,0.0
09:00:00 12/05/2020,47.38,33.91,0.0
09:00:00 13/05/2020,47.365,33.699,0.0
09:00:00 14/05/2020,47.325,33.168,0.0
09:00:00 15/05/2020,47.3,32.87,0.0
09:00:00 16/05/2020,47.305,32.94,0.0
09:00:00 17/05/2020,47.315,33.07,0.0
09:00:00 18/05/2020,47.325,33.2,0.0
09:00:00 19/05/2020,47.33,33.26,0.0
09:00:00 20/05/2020,47.315,33.049,0.3
09:00:00 21/05/2020,47.315,33.081,1.5
09:00:00 22/05/2020,47.345,33.471,0.0
09:00:00 23/05/2020,47.36,33.65,0.0
09:00:00 24/05/2020,47.36,33.65,0.0
09:00:00 25/05/2020,47.365,33.72,0.0
09:00:00 26/05/2020,47.375,33.85,0.0
09:00:00 27/05/2020,47.38,33.91,0.0
09:00:00 28/05/2020,47.38,33.91,0.0
09:00:00 29/05/2020,47.38,33.91,0.0
09:00:00 30/05/2020,47.375,33.84,0.0
09:00:00 31/05/2020,47.37,33.78,0.1
09:00:00 01/06/2020,47.36,33.639,1.3
09:00:00 02/06/2020,47.35,33.52,0.0
09:00:00 03/06/2020,47.35,33.52,0.0
09:00:00 04/06/2020,47.345,33.449,0.0
09:00:00 05/06/2020,47.33,33.249,0.0
09:00:00 06/06/2020,47.315,33.06,0.0
09:00:00 07/06/2020,47.305,32.93,0.0
09:00:00 08/06/2020,47.295,32.801,0.0
09:00:00 09/06/2020,47.315,33.092,0.0
09:00:00 10/06/2020,47.335,33.32,0.0
09:00:00 11/06/2020,47.33,33.26,0.0
09:00:00 12/06/2020,47.33,33.26,0.0
09:00:00 13/06/2020,47.325,33.19,0.0
09:00:00 14/06/2020,47.32,33.13,2.7
09:00:00 15/06/2020,47.33,33.271,0.0
09:00:00 16/06/2020,47.355,33.601,0.0
09:00:00 17/06/2020,47.365,33.71,0.0
09:00:00 18/06/2020,47.36,33.65,0.0
09:00:00 19/06/2020,47.35,33.509,0.0
09:00:00 20/06/2020,47.335,33.32,0.0
09:00:00 21/06/2020,47.325,33.189,7.5
09:00:00 22/06/2020,47.31,32.99,1.2
09:00:00 23/06/2020,47.31,33.011,0.0
09:00:00 24/06/2020,47.32,33.13,0.1
09:00:00 25/06/2020,47.315,33.06,0.1
09:00:00 26/06/2020,47.31,33.0,0.0
09:00:00 27/06/2020,47.305,32.93,0.0
09:00:00 28/06/2020,47.305,32.941,0.0
09:00:00 29/06/2020,47.32,33.14,0.0
09:00:00 30/06/2020,47.32,33.12,0.0
09:00:00 01/07/2020,47.315,33.07,0.0
09:00:00 02/07/2020,47.325,33.2,0.0
09:00:00 03/07/2020,47.325,33.19,0.0
09:00:00 04/07/2020,47.33,33.271,0.5
09:00:00 05/07/2020,47.35,33.531,0.3
09:00:00 06/07/2020,47.37,33.79,0.0
09:00:00 07/07/2020,47.35,33.488,0.0
09:00:00 08/07/2020,47.32,33.13,0.0
09:00:00 09/07/2020,47.32,33.13,0.0
09:00:00 10/07/2020,47.32,33.13,0.0
09:00:00 11/07/2020,47.315,33.06,1.2
09:00:00 12/07/2020,47.31,33.0,0.8
09:00:00 13/07/2020,47.31,33.0,0.0
09:00:00 14/07/2020,47.3,32.86,0.0
09:00:00 15/07/2020,47.295,32.811,0.0
09:00:00 16/07/2020,47.3,32.87,0.0
09:00:00 17/07/2020,47.305,32.94,0.0
09:00:00 18/07/2020,47.315,33.07,0.0
09:00:00 19/07/2020,47.325,33.2,0.0
09:00:00 20/07/2020,47.33,33.26,0.0
09:00:00 21/07/2020,47.335,33.33,0.0
09:00:00 22/07/2020,47.34,33.39,0.0
09:00:00 23/07/2020,47.33,33.249,0.0
09:00:00 24/07/2020,47.31,32.989,0.0
09:00:00 25/07/2020,47.3,32.87,0.3
09:00:00 26/07/2020,47.305,32.94,1.6
09:00:00 27/07/2020,47.315,33.07,0.0
09:00:00 28/07/2020,47.32,33.13,0.0
09:00:00 29/07/2020,47.31,32.99,0.0
09:00:00 30/07/2020,47.33,33.291,0.0
09:00:00 31/07/2020,47.345,33.439,0.0
09:00:00 01/08/2020,47.315,33.049,0.0
09:00:00 02/08/2020,47.31,33.01,0.0
09:00:00 03/08/2020,47.31,32.989,0.0
09:00:00 04/08/2020,47.3,32.871,0.0
09:00:00 05/08/2020,47.33,33.293,0.0
09:00:00 06/08/2020,47.39,34.076,0.0
09:00:00 07/08/2020,47.42,34.438,8.4
09:00:00 08/08/2020,47.425,34.51,14.1
09:00:00 09/08/2020,47.425,34.499,0.0
09:00:00 10/08/2020,47.41,34.293,1.9
09:00:00 11/08/2020,47.405,34.243,0.0
09:00:00 12/08/2020,47.44,34.739,2.1
09:00:00 13/08/2020,47.49,35.399,1.1
09:00:00 14/08/2020,47.515,35.718,1.0
09:00:00 15/08/2020,47.52,35.78,2.5
09:00:00 16/08/2020,47.52,35.78,0.0
09:00:00 17/08/2020,47.52,35.78,0.0
09:00:00 18/08/2020,47.54,36.072,1.1
09:00:00 19/08/2020,47.57,36.466,0.1
09:00:00 20/08/2020,47.59,36.736,1.2
09:00:00 21/08/2020,47.59,36.714,0.0
09:00:00 22/08/2020,47.59,36.736,0.8
09:00:00 23/08/2020,47.615,37.086,0.1
09:00:00 24/08/2020,47.64,37.427,0.2
09:00:00 25/08/2020,47.645,37.479,0.0
09:00:00 26/08/2020,47.625,37.19,0.0
09:00:00 27/08/2020,47.61,36.999,0.0
09:00:00 28/08/2020,47.6,36.851,0.0
09:00:00 29/08/2020,47.595,36.798,0.0
09:00:00 30/08/2020,47.595,36.787,0.0
09:00:00 31/08/2020,47.595,36.798,0.0
09:00:00 01/09/2020,47.61,37.01,0.0
09:00:00 02/09/2020,47.61,36.988,0.0
09:00:00 03/09/2020,47.6,36.86,0.0
09:00:00 04/09/2020,47.6,36.86,0.0
09:00:00 05/09/2020,47.59,36.714,0.0
09:00:00 06/09/2020,47.59,36.736,0.0
09:00:00 07/09/2020,47.615,37.085,0.0
09:00:00 08/09/2020,47.62,37.126,0.0
09:00:00 09/09/2020,47.6,36.851,1.2
09:00:00 10/09/2020,47.59,36.725,0.0
09:00:00 11/09/2020,47.6,36.873,0.0
09:00:00 12/09/2020,47.595,36.778,0.0
09:00:00 13/09/2020,47.585,36.663,4.4
09:00:00 14/09/2020,47.6,36.873,0.0
09:00:00 15/09/2020,47.61,36.999,0.0
09:00:00 16/09/2020,47.6,36.851,0.0
09:00:00 17/09/2020,47.585,36.653,0.0
09:00:00 18/09/2020,47.61,37.037,0.0
09:00:00 19/09/2020,47.64,37.416,0.0
09:00:00 20/09/2020,47.645,37.491,15.0
09:00:00 21/09/2020,47.635,37.329,0.1
09:00:00 22/09/2020,47.615,37.063,0.0
09:00:00 23/09/2020,47.605,36.924,0.0
09:00:00 24/09/2020,47.6,36.86,0.1
09:00:00 25/09/2020,47.6,36.86,3.9
09:00:00 26/09/2020,47.61,37.01,1.8
09:00:00 27/09/2020,47.625,37.213,0.0
09:00:00 28/09/2020,47.62,37.127,0.0
09:00:00 29/09/2020,47.605,36.924,3.3
09:00:00 30/09/2020,47.6,36.86,0.2
09:00:00 01/10/2020,47.59,36.714,0.0
09:00:00 02/10/2020,47.6,36.886,0.0
09:00:00 03/10/2020,47.62,37.138,0.0
09:00:00 04/10/2020,47.615,37.063,0.0
09:00:00 05/10/2020,47.6,36.851,1.6
09:00:00 06/10/2020,47.6,36.873,0.0
09:00:00 07/10/2020,47.61,36.999,0.9
09:00:00 08/10/2020,47.605,36.924,0.9
09:00:00 09/10/2020,47.605,36.935,0.0
09:00:00 10/10/2020,47.61,36.999,0.0
09:00:00 11/10/2020,47.61,36.999,0.0
09:00:00 12/10/2020,47.615,37.074,0.0
09:00:00 13/10/2020,47.61,36.988,0.0
09:00:00 14/10/2020,47.6,36.86,0.0
09:00:00 15/10/2020,47.62,37.16,0.1
09:00:00 16/10/2020,47.615,37.042,0.0
09:00:00 17/10/2020,47.585,36.652,14.7
09:00:00 18/10/2020,47.59,36.736,0.0
09:00:00 19/10/2020,47.595,36.787,0.0
09:00:00 20/10/2020,47.6,36.873,0.0
09:00:00 21/10/2020,47.6,36.851,0.0
09:00:00 22/10/2020,47.595,36.798,0.0
09:00:00 23/10/2020,47.61,37.01,0.0
09:00:00 24/10/2020,47.61,36.988,1.2
09:00:00 25/10/2020,47.6,36.86,0.0
09:00:00 26/10/2020,47.6,36.86,0.0
09:00:00 27/10/2020,47.6,36.86,12.1
09:00:00 28/10/2020,47.59,36.714,3.2
09:00:00 29/10/2020,47.58,36.59,0.0
09:00:00 30/10/2020,47.58,36.59,4.2
09:00:00 31/10/2020,47.585,36.663,3.9
09:00:00 01/11/2020,47.595,36.798,0.0
09:00:00 02/11/2020,47.605,36.935,0.2
09:00:00 03/11/2020,47.62,37.149,0.0
09:00:00 04/11/2020,47.61,36.978,0.0
09:00:00 05/11/2020,47.585,36.652,0.0
09:00:00 06/11/2020,47.58,36.59,0.0
09:00:00 07/11/2020,47.58,36.59,0.0
09:00:00 08/11/2020,47.57,36.444,0.0
09:00:00 09/11/2020,47.58,36.612,0.0
09:00:00 10/11/2020,47.61,37.01,0.0
09:00:00 11/11/2020,47.615,37.063,5.9
09:00:00 12/11/2020,47.615,37.074,0.0
09:00:00 13/11/2020,47.61,36.988,0.0
09:00:00 14/11/2020,47.605,36.935,0.0
09:00:00 15/11/2020,47.61,36.999,0.0
09:00:00 16/11/2020,47.61,36.999,0.0
09:00:00 17/11/2020,47.615,37.074,0.0
09:00:00 18/11/2020,47.62,37.138,0.0
09:00:00 19/11/2020,47.61,36.987,0.0
09:00:00 20/11/2020,47.59,36.714,0.0
09:00:00 21/11/2020,47.59,36.736,0.0
09:00:00 22/11/2020,47.615,37.085,0.0
09:00:00 23/11/2020,47.625,37.202,10.6
09:00:00 24/11/2020,47.615,37.063,0.0
09:00:00 25/11/2020,47.61,36.999,0.0
09:00:00 26/11/2020,47.605,36.924,0.0
09:00:00 27/11/2020,47.6,36.86,0.0
09:00:00 28/11/2020,47.605,36.935,0.0
09:00:00 29/11/2020,47.61,36.999,0.0
09:00:00 30/11/2020,47.63,37.3,0.0
09:00:00 01/12/2020,47.645,37.48,0.0
09:00:00 02/12/2020,47.64,37.416,0.0
09:00:00 03/12/2020,47.655,37.641,0.0
09:00:00 04/12/2020,47.66,37.683,0.0
09:00:00 05/12/2020,47.645,37.48,2.1
09:00:00 06/12/2020,47.635,37.341,2.4
09:00:00 07/12/2020,47.625,37.202,0.8
09:00:00 08/12/2020,47.61,36.988,0.8
09:00:00 09/12/2020,47.605,36.935,0.0
09:00:00 10/12/2020,47.605,36.924,0.0
09:00:00 11/12/2020,47.605,36.935,0.0
09:00:00 12/12/2020,47.61,36.999,0.0
09:00:00 13/12/2020,47.605,36.924,0.0
09:00:00 14/12/2020,47.595,36.787,0.0
09:00:00 15/12/2020,47.585,36.652,0.0
09:00:00 16/12/2020,47.58,36.59,0.0
09:00:00 17/12/2020,47.585,36.663,0.0
09:00:00 18/12/2020,47.595,36.798,0.0
09:00:00 19/12/2020,47.605,36.935,0.0
09:00:00 20/12/2020,47.615,37.074,0.0
09:00:00 21/12/2020,47.63,37.288,0.0
09:00:00 22/12/2020,47.645,37.491,0.4
09:00:00 23/12/2020,47.645,37.48,0.0
09:00:00 24/12/2020,47.64,37.416,0.0
09:00:00 25/12/2020,47.64,37.416,0.0
09:00:00 26/12/2020,47.635,37.341,0.0
09:00:00 27/12/2020,47.62,37.126,0.0
09:00:00 28/12/2020,47.595,36.778,0.0
09:00:00 29/12/2020,47.6,36.886,0.0
09:00:00 30/12/2020,47.62,37.138,0.0
09:00:00 31/12/2020,47.61,36.988,0.0
09:00:00 01/01/2021,47.615,37.086,0.0
09:00:00 02/01/2021,47.64,37.427,0.9
09:00:00 03/01/2021,47.655,37.63,0.4
09:00:00 04/01/2021,47.635,37.318,0.0
09:00:00 05/01/2021,47.6,36.851,0.0
09:00:00 06/01/2021,47.585,36.652,0.0
09:00:00 07/01/2021,47.58,36.59,0.0
09:00:00 08/01/2021,47.58,36.59,2.1
09:00:00 09/01/2021,47.59,36.736,0.0
09:00:00 10/01/2021,47.6,36.86,0.0
09:00:00 11/01/2021,47.6,36.86,0.0
09:00:00 12/01/2021,47.595,36.787,0.0
09:00:00 13/01/2021,47.6,36.873,0.0
09:00:00 14/01/2021,47.61,36.999,0.0
09:00:00 15/01/2021,47.62,37.15,0.0
09:00:00 16/01/2021,47.64,37.427,0.0
09:00:00 17/01/2021,47.655,37.63,0.0
09:00:00 18/01/2021,47.66,37.694,0.0
09:00:00 19/01/2021,47.66,37.694,0.0
09:00:00 20/01/2021,47.655,37.619,0.0
09:00:00 21/01/2021,47.64,37.404,0.0
09:00:00 22/01/2021,47.62,37.127,0.0
09:00:00 23/01/2021,47.61,36.999,0.0
09:00:00 24/01/2021,47.6,36.851,0.0
09:00:00 25/01/2021,47.605,36.948,0.0
09:00:00 26/01/2021,47.62,37.138,1.4
09:00:00 27/01/2021,47.63,37.288,0.2
09:00:00 28/01/2021,47.645,37.491,0.0
09:00:00 29/01/2021,47.645,37.48,0.0
09:00:00 30/01/2021,47.635,37.341,1.4
09:00:00 31/01/2021,47.63,37.277,0.0
09:00:00 01/02/2021,47.635,37.352,5.5
09:00:00 02/02/2021,47.635,37.341,0.0
09:00:00 03/02/2021,47.63,37.277,0.0
09:00:00 04/02/2021,47.62,37.126,0.0
09:00:00 05/02/2021,47.595,36.778,0.0
09:00:00 06/02/2021,47.585,36.663,0.0
09:00:00 07/02/2021,47.6,36.873,0.0
09:00:00 08/02/2021,47.62,37.149,0.0
09:00:00 09/02/2021,47.63,37.277,0.0
09:00:00 10/02/2021,47.635,37.352,0.0
09:00:00 11/02/2021,47.62,37.115,0.0
09:00:00 12/02/2021,47.595,36.787,0.0
09:00:00 13/02/2021,47.595,36.798,0.0
09:00:00 14/02/2021,47.6,36.86,0.0
09:00:00 15/02/2021,47.595,36.787,0.0
09:00:00 16/02/2021,47.605,36.948,0.0
09:00:00 17/02/2021,47.615,37.063,0.0
09:00:00 18/02/2021,47.6,36.851,0.0
09:00:00 19/02/2021,47.6,36.874,0.0
09:00:00 20/02/2021,47.63,37.3,0.0
09:00:00 21/02/2021,47.65,37.555,0.0
09:00:00 22/02/2021,47.645,37.48,0.0
09:00:00 23/02/2021,47.63,37.266,0.0
09:00:00 24/02/2021,47.615,37.063,0.0
09:00:00 25/02/2021,47.615,37.074,0.0
09:00:00 26/02/2021,47.61,36.987,0.0
09:00:00 27/02/2021,47.59,36.714,0.0
09:00:00 28/02/2021,47.595,36.811,0.0
09:00:00 01/03/2021,47.6,36.851,0.0
09:00:00 02/03/2021,47.595,36.798,0.0
09:00:00 03/03/2021,47.6,36.86,0.0
09:00:00 04/03/2021,47.605,36.935,0.0
09:00:00 05/03/2021,47.615,37.074,0.0
09:00:00 06/03/2021,47.61,36.988,0.0
09:00:00 07/03/2021,47.6,36.86,0.0
09:00:00 08/03/2021,47.61,37.01,0.1
09:00:00 09/03/2021,47.625,37.213,0.2
09:00:00 10/03/2021,47.625,37.202,0.0
09:00:00 11/03/2021,47.615,37.063,2.1
09:00:00 12/03/2021,47.605,36.924,0.0
09:00:00 13/03/2021,47.591,36.722,0.0
09:00:00 14/03/2021,47.591,36.743,4.1
09:00:00 15/03/2021,47.605,36.935,0.1
09:00:00 16/03/2021,47.62,37.149,0.0
09:00:00 17/03/2021,47.615,37.051,0.0
09:00:00 18/03/2021,47.595,36.787,0.0
09:00:00 19/03/2021,47.59,36.725,0.0
09:00:00 20/03/2021,47.59,36.725,0.0
09:00:00 21/03/2021,47.585,36.652,0.0
09:00:00 22/03/2021,47.58,36.59,1.5
09:00:00 23/03/2021,47.58,36.59,0.0
09:00:00 24/03/2021,47.585,36.663,0.0
09:00:00 25/03/2021,47.59,36.725,0.0
09:00:00 26/03/2021,47.595,36.798,0.0
09:00:00 27/03/2021,47.6,36.86,0.0
09:00:00 28/03/2021,47.6,36.86,0.0
09:00:00 29/03/2021,47.6,36.86,0.0
09:00:00 30/03/2021,47.6,36.86,0.0
09:00:00 31/03/2021,47.6,36.86,0.0
09:00:00 01/04/2021,47.59,36.714,0.0
09:00:00 02/04/2021,47.575,36.517,0.0
09:00:00 03/04/2021,47.57,36.455,0.0
09:00:00 04/04/2021,47.565,36.382,0.0
09:00:00 05/04/2021,47.56,36.32,0.0
09:00:00 06/04/2021,47.565,36.393,0.0
09:00:00 07/04/2021,47.565,36.382,0.0
09:00:00 08/04/2021,47.57,36.466,0.0
09:00:00 09/04/2021,47.59,36.736,0.0
09:00:00 10/04/2021,47.59,36.714,0.0
09:00:00 11/04/2021,47.575,36.517,0.0
09:00:00 12/04/2021,47.565,36.382,0.0
09:00:00 13/04/2021,47.575,36.539,0.0
09:00:00 14/04/2021,47.585,36.652,0.0
09:00:00 15/04/2021,47.59,36.736,0.0
09:00:00 16/04/2021,47.6,36.86,0.0
09:00:00 17/04/2021,47.6,36.86,0.0
09:00:00 18/04/2021,47.595,36.787,0.0
09:00:00 19/04/2021,47.59,36.725,0.0
09:00:00 20/04/2021,47.595,36.798,0.0
09:00:00 21/04/2021,47.59,36.714,3.8
09:00:00 22/04/2021,47.585,36.663,0.0
09:00:00 23/04/2021,47.57,36.433,0.0
09:00:00 24/04/2021,47.545,36.112,0.0
09:00:00 25/04/2021,47.54,36.05,0.0
09:00:00 26/04/2021,47.54,36.05,0.0
09:00:00 27/04/2021,47.53,35.904,0.0
09:00:00 28/04/2021,47.505,35.561,0.0
09:00:00 29/04/2021,47.48,35.23,0.0
09:00:00 30/04/2021,47.44,34.673,0.0
09:00:00 01/05/2021,47.39,34.021,0.0
09:00:00 02/05/2021,47.37,33.78,0.0
09:00:00 03/05/2021,47.36,33.639,0.0
09:00:00 04/05/2021,47.335,33.309,0.0
09:00:00 05/05/2021,47.3,32.85,2.6
09:00:00 06/05/2021,47.29,32.751,0.0
09:00:00 07/05/2021,47.295,32.8,0.0
09:00:00 08/05/2021,47.29,32.741,0.1
09:00:00 09/05/2021,47.295,32.811,2.0
09:00:00 10/05/2021,47.325,33.221,0.0
09:00:00 11/05/2021,47.335,33.308,1.4
09:00:00 12/05/2021,47.29,32.711,0.0
09:00:00 13/05/2021,47.27,32.494,0.0
09:00:00 14/05/2021,47.28,32.612,0.0
09:00:00 15/05/2021,47.3,32.892,0.0
09:00:00 16/05/2021,47.32,33.13,0.0
09:00:00 17/05/2021,47.32,33.13,0.0
09:00:00 18/05/2021,47.315,33.06,0.0
09:00:00 19/05/2021,47.315,33.071,0.0
09:00:00 20/05/2021,47.33,33.27,0.0
09:00:00 21/05/2021,47.33,33.249,0.0
09:00:00 22/05/2021,47.31,32.99,0.0
09:00:00 23/05/2021,47.31,33.01,0.0
09:00:00 24/05/2021,47.31,32.99,0.0
09:00:00 25/05/2021,47.31,33.01,0.0
09:00:00 26/05/2021,47.31,32.99,7.0
09:00:00 27/05/2021,47.31,33.01,0.0
09:00:00 28/05/2021,47.31,32.99,0.0
09:00:00 29/05/2021,47.31,33.011,0.0
09:00:00 30/05/2021,47.32,33.13,0.0
09:00:00 31/05/2021,47.32,33.13,0.0
09:00:00 01/06/2021,47.32,33.13,0.0
09:00:00 02/06/2021,47.325,33.2,5.9
09:00:00 03/06/2021,47.335,33.331,4.7
09:00:00 04/06/2021,47.35,33.53,0.1
09:00:00 05/06/2021,47.33,33.228,0.0
09:00:00 06/06/2021,47.3,32.87,0.0
09:00:00 07/06/2021,47.3,32.87,0.0
09:00:00 08/06/2021,47.3,32.87,3.9
09:00:00 09/06/2021,47.29,32.731,3.3
09:00:00 10/06/2021,47.29,32.752,0.2
09:00:00 11/06/2021,47.305,32.944,0.1
09:00:00 12/06/2021,47.46,35.159,0.5
09:00:00 13/06/2021,47.46,34.836,0.0
09:00:00 14/06/2021,47.31,33.0,0.0
09:00:00 15/06/2021,47.31,33.0,1.8
09:00:00 16/06/2021,47.31,33.0,2.1
09:00:00 17/06/2021,47.305,32.93,0.1
09:00:00 18/06/2021,47.315,33.081,8.0
09:00:00 19/06/2021,47.33,33.26,0.1
09:00:00 20/06/2021,47.33,33.26,0.0
09:00:00 21/06/2021,47.335,33.33,0.0
09:00:00 22/06/2021,47.345,33.46,0.0
09:00:00 23/06/2021,47.34,33.38,7.2
09:00:00 24/06/2021,47.335,33.33,1.4
09:00:00 25/06/2021,47.325,33.179,0.4
09:00:00 26/06/2021,47.31,33.0,2.2
09:00:00 27/06/2021,47.31,33.0,1.0
09:00:00 28/06/2021,47.315,33.07,0.9
09:00:00 29/06/2021,47.31,32.989,0.4
09:00:00 30/06/2021,47.3,32.87,0.1
09:00:00 01/07/2021,47.3,32.87,0.0
09:00:00 02/07/2021,47.285,32.661,0.0
09:00:00 03/07/2021,47.275,32.553,0.2
09:00:00 04/07/2021,47.295,32.822,0.3
09:00:00 05/07/2021,47.33,33.28,0.2
09:00:00 06/07/2021,47.31,32.959,0.0
09:00:00 07/07/2021,47.275,32.553,0.0
09:00:00 08/07/2021,47.29,32.744,0.0
09:00:00 09/07/2021,47.295,32.794,0.0
09:00:00 10/07/2021,47.3,32.882,0.0
09:00:00 11/07/2021,47.33,33.282,0.0
09:00:00 12/07/2021,47.365,33.731,0.0
09:00:00 13/07/2021,47.395,34.123,0.0
09:00:00 14/07/2021,47.42,34.449,10.8
09:00:00 15/07/2021,47.435,34.645,3.0
09:00:00 16/07/2021,47.45,34.851,1.1
09:00:00 17/07/2021,47.465,35.047,2.9
09:00:00 18/07/2021,47.475,35.181,0.6
09:00:00 19/07/2021,47.485,35.315,0.2
09:00:00 20/07/2021,47.495,35.449,1.0
09:00:00 21/07/2021,47.505,35.583,3.0
09:00:00 22/07/2021,47.515,35.718,4.1
09:00:00 23/07/2021,47.52,35.78,0.4
09:00:00 24/07/2021,47.525,35.853,0.0
09:00:00 25/07/2021,47.53,35.915,2.5
09:00:00 26/07/2021,47.53,35.915,0.0
09:00:00 27/07/2021,47.54,36.061,0.0
09:00:00 28/07/2021,47.565,36.404,0.1
09:00:00 29/07/2021,47.58,36.59,0.0
09:00:00 30/07/2021,47.575,36.517,0.0
09:00:00 31/07/2021,47.585,36.674,0.0
09:00:00 01/08/2021,47.59,36.714,0.7
09:00:00 02/08/2021,47.6,36.886,0.0
09:00:00 03/08/2021,47.585,36.623,11.2
09:00:00 04/08/2021,47.555,36.258,1.3
09:00:00 05/08/2021,47.57,36.466,0.0
09:00:00 06/08/2021,47.565,36.371,0.0
09:00:00 07/08/2021,47.555,36.258,0.0
09:00:00 08/08/2021,47.57,36.466,0.0
09:00:00 09/08/2021,47.56,36.298,0.0
09:00:00 10/08/2021,47.545,36.123,0.0
09:00:00 11/08/2021,47.55,36.185,0.0
09:00:00 12/08/2021,47.555,36.255,2.3
09:00:00 13/08/2021,47.535,35.968,0.0
09:00:00 14/08/2021,47.51,35.645,0.0
09:00:00 15/08/2021,47.51,35.645,0.0
09:00:00 16/08/2021,47.515,35.715,0.0
09:00:00 17/08/2021,47.525,35.85,0.6
09:00:00 18/08/2021,47.54,36.056,0.0
09:00:00 19/08/2021,47.525,35.833,0.0
09:00:00 20/08/2021,47.505,35.58,0.0
09:00:00 21/08/2021,47.515,35.718,0.1
09:00:00 22/08/2021,47.53,35.926,0.0
09:00:00 23/08/2021,47.54,36.05,2.6
09:00:00 24/08/2021,47.545,36.12,3.4
09:00:00 25/08/2021,47.55,36.185,0.0
09:00:00 26/08/2021,47.55,36.185,0.1
09:00:00 27/08/2021,47.545,36.115,0.0
09:00:00 28/08/2021,47.53,35.909,0.0
09:00:00 29/08/2021,47.505,35.57,0.0
09:00:00 30/08/2021,47.485,35.306,0.0
09:00:00 31/08/2021,47.485,35.312,0.0
09:00:00 01/09/2021,47.5,35.516,0.0
09:00:00 02/09/2021,47.525,35.856,0.0
09:00:00 03/09/2021,47.55,36.191,0.0
09:00:00 04/09/2021,47.56,36.357,13.7
09:00:00 05/09/2021,47.565,36.423,2.1
09:00:00 06/09/2021,47.57,36.455,0.0
09:00:00 07/09/2021,47.565,36.385,0.0
09:00:00 08/09/2021,47.56,36.32,0.0
09:00:00 09/09/2021,47.55,36.179,0.0
09:00:00 10/09/2021,47.545,36.12,0.0
09:00:00 11/09/2021,47.545,36.115,0.0
09:00:00 12/09/2021,47.525,35.839,0.0
09:00:00 13/09/2021,47.505,35.575,0.1
09:00:00 14/09/2021,47.515,35.721,0.0
09:00:00 15/09/2021,47.535,35.985,0.0
09:00:00 16/09/2021,47.54,36.05,0.0
09:00:00 17/09/2021,47.545,36.12,0.0
09:00:00 18/09/2021,47.57,36.466,0.5
09:00:00 19/09/2021,47.59,36.725,0.0
09:00:00 20/09/2021,47.6,36.868,0.8
09:00:00 21/09/2021,47.59,36.716,0.2
09:00:00 22/09/2021,47.57,36.455,0.0
09:00:00 23/09/2021,47.57,36.455,0.0
09:00:00 24/09/2021,47.565,36.385,0.0
09:00:00 25/09/2021,47.55,36.179,0.0
09:00:00 26/09/2021,47.54,36.05,0.0
09:00:00 27/09/2021,47.55,36.191,0.0
09:00:00 28/09/2021,47.54,36.028,0.0
09:00:00 29/09/2021,47.525,35.85,3.7
09:00:00 30/09/2021,47.53,35.915,2.5
09:00:00 01/10/2021,47.54,36.056,2.0
09:00:00 02/10/2021,47.535,35.974,1.1
09:00:00 03/10/2021,47.53,35.921,0.9
09:00:00 04/10/2021,47.555,36.261,0.7
09:00:00 05/10/2021,47.555,36.244,1.4
09:00:00 06/10/2021,47.55,36.191,0.0
09:00:00 07/10/2021,47.565,36.39,0.0
09:00:00 08/10/2021,47.57,36.455,0.0
09:00:00 09/10/2021,47.575,36.525,0.0
09:00:00 10/10/2021,47.585,36.66,3.6
09:00:00 11/10/2021,47.6,36.868,0.0
09:00:00 12/10/2021,47.615,37.071,0.0
09:00:00 13/10/2021,47.625,37.21,0.0
09:00:00 14/10/2021,47.605,36.919,0.3
09:00:00 15/10/2021,47.575,36.52,11.3
09:00:00 16/10/2021,47.535,35.963,0.0
09:00:00 17/10/2021,47.505,35.58,0.0
09:00:00 18/10/2021,47.52,35.786,0.0
09:00:00 19/10/2021,47.52,35.774,0.0
09:00:00 20/10/2021,47.515,35.715,0.0
09:00:00 21/10/2021,47.52,35.78,0.0
09:00:00 22/10/2021,47.53,35.921,0.0
09:00:00 23/10/2021,47.54,36.05,0.0
09:00:00 24/10/2021,47.54,36.05,0.0
09:00:00 25/10/2021,47.55,36.191,0.0
09:00:00 26/10/2021,47.565,36.39,0.0
09:00:00 27/10/2021,47.575,36.525,0.0
09:00:00 28/10/2021,47.585,36.66,0.0
09:00:00 29/10/2021,47.595,36.795,0.4
09:00:00 30/10/2021,47.61,37.005,0.0
09:00:00 31/10/2021,47.625,37.21,0.0
09:00:00 01/11/2021,47.635,37.349,0.0
09:00:00 02/11/2021,47.64,37.416,0.0
09:00:00 03/11/2021,47.66,37.706,0.2
09:00:00 04/11/2021,47.695,38.19,11.7
09:00:00 05/11/2021,47.705,38.318,0.0
09:00:00 06/11/2021,47.69,38.1,4.8
09:00:00 07/11/2021,47.68,37.972,1.8
09:00:00 08/11/2021,47.68,37.972,0.0
09:00:00 09/11/2021,47.675,37.897,0.0
09:00:00 10/11/2021,47.665,37.758,0.0
09:00:00 11/11/2021,47.67,37.845,0.1
09:00:00 12/11/2021,47.7,38.275,19.7
09:00:00 13/11/2021,47.71,38.379,6.4
09:00:00 14/11/2021,47.685,38.025,0.1
09:00:00 15/11/2021,47.675,37.908,6.5
09:00:00 16/11/2021,47.68,37.972,0.0
09:00:00 17/11/2021,47.685,38.047,0.0
09:00:00 18/11/2021,47.68,37.961,0.0
09:00:00 19/11/2021,47.665,37.758,0.9
09:00:00 20/11/2021,47.655,37.619,1.7
09:00:00 21/11/2021,47.645,37.48,1.0
09:00:00 22/11/2021,47.63,37.266,0.0
09:00:00 23/11/2021,47.63,37.288,0.0
09:00:00 24/11/2021,47.64,37.416,8.6
09:00:00 25/11/2021,47.645,37.488,0.2
09:00:00 26/11/2021,47.65,37.555,0.0
09:00:00 27/11/2021,47.635,37.338,0.0
09:00:00 28/11/2021,47.625,37.21,0.0
09:00:00 29/11/2021,47.63,37.277,0.0
09:00:00 30/11/2021,47.63,37.277,0.0
09:00:00 01/12/2021,47.625,37.205,0.0
09:00:00 02/12/2021,47.62,37.138,0.4
09:00:00 03/12/2021,47.615,37.066,0.0
09:00:00 04/12/2021,47.61,36.999,0.0
09:00:00 05/12/2021,47.61,36.999,0.0
09:00:00 06/12/2021,47.61,36.999,0.0
09:00:00 07/12/2021,47.605,36.927,0.0
09:00:00 08/12/2021,47.595,36.79,0.0
09:00:00 09/12/2021,47.585,36.655,0.0
09:00:00 10/12/2021,47.58,36.59,0.0
09:00:00 11/12/2021,47.58,36.59,0.0
09:00:00 12/12/2021,47.58,36.59,0.0
09:00:00 13/12/2021,47.575,36.52,0.0
09:00:00 14/12/2021,47.575,36.525,0.0
09:00:00 15/12/2021,47.58,36.59,0.0
09:00:00 16/12/2021,47.58,36.59,0.4
09:00:00 17/12/2021,47.55,36.168,0.0
09:00:00 18/12/2021,47.52,35.78,0.0
09:00:00 19/12/2021,47.53,35.921,2.6
09:00:00 20/12/2021,47.55,36.191,0.0
09:00:00 21/12/2021,47.565,36.39,0.0
09:00:00 22/12/2021,47.565,36.385,0.0
09:00:00 23/12/2021,47.565,36.39,0.0
09:00:00 24/12/2021,47.565,36.385,0.0
09:00:00 25/12/2021,47.56,36.32,0.0
09:00:00 26/12/2021,47.555,36.25,0.0
09:00:00 27/12/2021,47.545,36.115,0.0
09:00:00 28/12/2021,47.56,36.331,0.0
09:00:00 29/12/2021,47.6,36.875,0.0
09:00:00 30/12/2021,47.64,37.428,0.0
09:00:00 31/12/2021,47.65,37.549,0.0
09:00:00 01/01/2022,47.65,37.561,0.0
09:00:00 02/01/2022,47.65,37.549,0.0
09:00:00 03/01/2022,47.625,37.199,0.0
09:00:00 04/01/2022,47.6,36.856,0.0
09:00:00 05/01/2022,47.575,36.514,0.0
09:00:00 06/01/2022,47.575,36.531,0.0
09:00:00 07/01/2022,47.615,37.085,0.0
09:00:00 08/01/2022,47.635,37.344,0.0
09:00:00 09/01/2022,47.625,37.205,0.0
09:00:00 10/01/2022,47.61,36.993,0.0
09:00:00 11/01/2022,47.595,36.79,0.0
09:00:00 12/01/2022,47.58,36.584,0.0
09:00:00 13/01/2022,47.6,36.883,0.0
09:00:00 14/01/2022,47.65,37.567,19.1
09:00:00 15/01/2022,47.67,37.833,0.0
09:00:00 16/01/2022,47.665,37.758,0.0
09:00:00 17/01/2022,47.66,37.694,0.0
09:00:00 18/01/2022,47.665,37.766,0.0
09:00:00 19/01/2022,47.675,37.905,0.0
09:00:00 20/01/2022,47.66,37.682,0.0
09:00:00 21/01/2022,47.63,37.271,0.0
09:00:00 22/01/2022,47.61,36.987,0.0
09:00:00 23/01/2022,47.59,36.714,0.0
09:00:00 24/01/2022,47.58,36.59,0.0
09:00:00 25/01/2022,47.57,36.449,0.0
09:00:00 26/01/2022,47.585,36.688,0.4
09:00:00 27/01/2022,47.635,37.361,30.1
09:00:00 28/01/2022,47.655,37.622,9.9
09:00:00 29/01/2022,47.655,37.63,0.8
09:00:00 30/01/2022,47.665,37.769,0.0
09:00:00 31/01/2022,47.67,37.833,0.0
09:00:00 01/02/2022,47.67,37.833,0.0
09:00:00 02/02/2022,47.665,37.761,0.0
09:00:00 03/02/2022,47.655,37.622,0.0
09:00:00 04/02/2022,47.645,37.483,0.0
09:00:00 05/02/2022,47.64,37.416,0.0
09:00:00 06/02/2022,47.635,37.341,0.0
09:00:00 07/02/2022,47.63,37.277,0.0
09:00:00 08/02/2022,47.63,37.277,0.0
09:00:00 09/02/2022,47.635,37.349,0.0
09:00:00 10/02/2022,47.635,37.344,0.0
09:00:00 11/02/2022,47.63,37.277,0.0
09:00:00 12/02/2022,47.63,30.524,0.0
09:00:00 13/02/2022,47.63,31.533,0.0
09:00:00 14/02/2022,47.625,37.205,0.0
09:00:00 15/02/2022,47.62,37.138,0.0
09:00:00 16/02/2022,47.62,37.138,0.0
09:00:00 17/02/2022,47.62,37.138,0.0
09:00:00 18/02/2022,47.62,37.138,0.0
09:00:00 19/02/2022,47.625,27.071,0.0
09:00:00 20/02/2022,47.625,18.479,0.0
09:00:00 21/02/2022,47.62,18.4,0.0
09:00:00 22/02/2022,47.615,28.069,0.0
09:00:00 23/02/2022,47.625,37.216,0.0
09:00:00 24/02/2022,47.66,37.706,0.0
09:00:00 25/02/2022,47.67,37.827,0.0
09:00:00 26/02/2022,47.655,37.619,0.0
09:00:00 27/02/2022,47.655,37.63,0.0
09:00:00 28/02/2022,47.66,37.694,0.0
09:00:00 01/03/2022,47.68,37.984,17.3
09:00:00 02/03/2022,47.65,37.526,0.3
09:00:00 03/03/2022,47.625,37.222,1.2
09:00:00 04/03/2022,47.655,37.627,0.0
09:00:00 05/03/2022,47.66,37.694,0.0
09:00:00 06/03/2022,47.675,37.919,0.0
09:00:00 07/03/2022,47.685,38.036,0.0
09:00:00 08/03/2022,47.675,37.897,0.0
09:00:00 09/03/2022,47.67,37.833,0.0
09:00:00 10/03/2022,47.67,37.833,0.0
09:00:00 11/03/2022,47.67,37.833,0.0
09:00:00 12/03/2022,47.67,37.833,0.0
09:00:00 13/03/2022,47.665,37.758,0.0
09:00:00 14/03/2022,47.67,37.844,2.5
09:00:00 15/03/2022,47.67,37.822,2.6
09:00:00 16/03/2022,47.66,37.694,0.0
09:00:00 17/03/2022,47.66,37.694,0.0
09:00:00 18/03/2022,47.655,37.619,3.2
09:00:00 19/03/2022,47.65,37.555,0.0
09:00:00 20/03/2022,47.655,37.63,0.0
09:00:00 21/03/2022,47.665,37.769,0.0
09:00:00 22/03/2022,47.65,37.532,0.0
09:00:00 23/03/2022,47.63,37.277,0.1
09:00:00 24/03/2022,47.63,37.277,0.0
09:00:00 25/03/2022,47.635,37.352,0.0
09:00:00 26/03/2022,47.65,37.567,0.0
09:00:00 27/03/2022,47.67,37.844,0.0
09:00:00 28/03/2022,47.665,37.746,0.0
09:00:00 29/03/2022,47.64,37.405,0.0
09:00:00 30/03/2022,47.635,37.352,0.0
09:00:00 31/03/2022,47.635,37.34,0.0
09:00:00 01/04/2022,47.615,37.052,0.0
09:00:00 02/04/2022,47.605,36.935,0.0
09:00:00 03/04/2022,47.61,36.999,0.0
09:00:00 04/04/2022,47.615,37.074,0.0
09:00:00 05/04/2022,47.62,37.138,0.0
09:00:00 06/04/2022,47.62,37.138,0.0
09:00:00 07/04/2022,47.61,36.988,0.0
09:00:00 08/04/2022,47.615,37.086,0.0
09:00:00 09/04/2022,47.63,37.277,0.8
09:00:00 10/04/2022,47.63,37.277,0.0
09:00:00 11/04/2022,47.61,36.979,0.0
09:00:00 12/04/2022,47.605,36.948,0.0
09:00:00 13/04/2022,47.62,37.138,0.0
09:00:00 14/04/2022,47.625,37.213,0.0
09:00:00 15/04/2022,47.625,37.202,0.0
09:00:00 16/04/2022,47.61,36.987,0.0
09:00:00 17/04/2022,47.59,36.714,0.0
09:00:00 18/04/2022,47.575,36.517,0.1
09:00:00 19/04/2022,47.57,36.455,25.6
09:00:00 20/04/2022,47.58,36.601,3.0
09:00:00 21/04/2022,47.595,36.798,0.2
09:00:00 22/04/2022,47.62,37.161,0.0
09:00:00 23/04/2022,47.64,37.416,0.0
09:00:00 24/04/2022,47.645,37.491,0.0
09:00:00 25/04/2022,47.65,37.555,0.0
09:00:00 26/04/2022,47.65,37.555,0.0
09:00:00 27/04/2022,47.665,37.78,4.3
09:00:00 28/04/2022,47.665,37.746,0.1
09:00:00 29/04/2022,47.645,37.48,0.0
09:00:00 30/04/2022,47.64,37.416,5.4
09:00:00 01/05/2022,47.64,37.416,0.0
09:00:00 02/05/2022,47.635,37.341,0.0
09:00:00 03/05/2022,47.63,37.277,0.0
09:00:00 04/05/2022,47.625,37.202,1.4
09:00:00 05/05/2022,47.61,36.988,0.0
09:00:00 06/05/2022,47.595,36.787,1.1
09:00:00 07/05/2022,47.585,36.652,0.0
09:00:00 08/05/2022,47.595,36.811,0.0
09:00:00 09/05/2022,47.61,36.999,0.1
09:00:00 10/05/2022,47.6,36.851,0.0
09:00:00 11/05/2022,47.585,36.652,0.4
09:00:00 12/05/2022,47.58,36.59,9.9
09:00:00 13/05/2022,47.57,36.444,1.3
09:00:00 14/05/2022,47.56,36.32,0.1
09:00:00 15/05/2022,47.565,36.393,0.1
09:00:00 16/05/2022,47.585,36.675,0.0
09:00:00 17/05/2022,47.62,37.161,0.1
09:00:00 18/05/2022,47.665,37.792,0.0
09:00:00 19/05/2022,47.68,37.96,0.0
09:00:00 20/05/2022,47.63,37.234,0.0
09:00:00 21/05/2022,47.595,36.798,0.0
09:00:00 22/05/2022,47.61,37.01,0.0
09:00:00 23/05/2022,47.61,36.988,0.0
09:00:00 24/05/2022,47.605,36.935,0.0
09:00:00 25/05/2022,47.61,36.999,0.0
09:00:00 26/05/2022,47.61,36.999,12.3
09:00:00 27/05/2022,47.605,36.924,5.8
09:00:00 28/05/2022,47.595,36.787,0.0
09:00:00 29/05/2022,47.59,36.725,0.1
09:00:00 30/05/2022,47.595,36.798,15.9
09:00:00 31/05/2022,47.6,36.859,13.8
09:00:00 01/06/2022,47.575,36.494,0.7
09:00:00 02/06/2022,47.525,35.82,0.1
09:00:00 03/06/2022,47.485,35.293,0.0
09:00:00 04/06/2022,47.47,35.108,0.0
09:00:00 05/06/2022,47.47,35.108,0.4
09:00:00 06/06/2022,47.475,35.183,7.6
09:00:00 07/06/2022,47.475,35.17,1.8
09:00:00 08/06/2022,47.47,35.107,0.0
09:00:00 09/06/2022,47.445,34.745,0.0
09:00:00 10/06/2022,47.385,33.941,0.6
09:00:00 11/06/2022,47.33,33.239,0.6
09:00:00 12/06/2022,47.31,33.0,0.0
09:00:00 13/06/2022,47.315,33.07,0.0
09:00:00 14/06/2022,47.325,33.2,0.0
09:00:00 15/06/2022,47.325,33.19,0.2
09:00:00 16/06/2022,47.32,33.13,4.1
09:00:00 17/06/2022,47.325,33.2,0.0
09:00:00 18/06/2022,47.305,32.91,0.0
09:00:00 19/06/2022,47.28,32.612,0.0
09:00:00 20/06/2022,47.285,32.681,0.1
09:00:00 21/06/2022,47.265,32.392,3.1
09:00:00 22/06/2022,47.24,32.096,0.0
09:00:00 23/06/2022,47.225,31.887,0.0
09:00:00 24/06/2022,47.21,31.709,0.2
09:00:00 25/06/2022,47.215,31.779,0.5
09:00:00 26/06/2022,47.23,31.978,0.0
09:00:00 27/06/2022,47.245,32.166,0.5
09:00:00 28/06/2022,47.24,32.086,0.0
09:00:00 29/06/2022,47.235,32.037,0.0
09:00:00 30/06/2022,47.23,31.956,0.0
09:00:00 01/07/2022,47.2,31.563,0.0
09:00:00 02/07/2022,47.18,31.33,0.0
09:00:00 03/07/2022,47.19,31.465,0.0
09:00:00 04/07/2022,47.21,31.72,0.2
09:00:00 05/07/2022,47.23,31.977,0.0
09:00:00 06/07/2022,47.23,31.956,0.0
09:00:00 07/07/2022,47.21,31.699,0.0
09:00:00 08/07/2022,47.215,31.789,0.0
09:00:00 09/07/2022,47.21,31.69,0.0
09:00:00 10/07/2022,47.2,31.593,0.0
09:00:00 11/07/2022,47.225,31.918,0.0
09:00:00 12/07/2022,47.225,31.887,0.6
09:00:00 13/07/2022,47.215,31.779,1.5
09:00:00 14/07/2022,47.21,31.698,0.0
09:00:00 15/07/2022,47.195,31.513,0.0
09:00:00 16/07/2022,47.2,31.593,0.0
09:00:00 17/07/2022,47.22,31.849,0.0
09:00:00 18/07/2022,47.25,32.245,4.8
09:00:00 19/07/2022,47.245,32.134,0.0
09:00:00 20/07/2022,47.23,31.978,0.0
09:00:00 21/07/2022,47.25,32.235,0.0
09:00:00 22/07/2022,47.25,32.214,0.2
09:00:00 23/07/2022,47.24,32.096,1.2
09:00:00 24/07/2022,47.245,32.166,0.1
09:00:00 25/07/2022,47.255,32.295,0.5
09:00:00 26/07/2022,47.26,32.354,0.0
09:00:00 27/07/2022,47.255,32.284,0.0
09:00:00 28/07/2022,47.24,32.085,0.0
09:00:00 29/07/2022,47.215,31.757,1.4
09:00:00 30/07/2022,47.19,31.445,0.0
09:00:00 31/07/2022,47.19,31.465,0.0
09:00:00 01/08/2022,47.205,31.65,1.5
09:00:00 02/08/2022,47.21,31.709,0.0
09:00:00 03/08/2022,47.215,31.779,1.1
09:00:00 04/08/2022,47.23,31.977,0.1
09:00:00 05/08/2022,47.235,32.026,0.0
09:00:00 06/08/2022,47.235,32.037,4.8
09:00:00 07/08/2022,47.25,32.236,0.1
09:00:00 08/08/2022,47.27,32.494,0.0
09:00:00 09/08/2022,47.28,32.612,0.0
09:00:00 10/08/2022,47.285,32.682,0.0
09:00:00 11/08/2022,47.28,32.601,0.7
09:00:00 12/08/2022,47.26,32.343,0.4
09:00:00 13/08/2022,47.23,31.946,0.7
09:00:00 14/08/2022,47.225,31.918,0.3
09:00:00 15/08/2022,47.23,31.956,0.3
09:00:00 16/08/2022,47.205,31.631,4.4
09:00:00 17/08/2022,47.195,31.523,0.0
09:00:00 18/08/2022,47.2,31.58,0.0
09:00:00 19/08/2022,47.215,31.789,3.6
09:00:00 20/08/2022,47.225,31.897,0.0
09:00:00 21/08/2022,47.215,31.768,0.1
09:00:00 22/08/2022,47.205,31.639,0.0
09:00:00 23/08/2022,47.2,31.58,9.1
09:00:00 24/08/2022,47.205,31.649,0.1
09:00:00 25/08/2022,47.185,31.369,0.0
09:00:00 26/08/2022,47.175,31.282,0.0
09:00:00 27/08/2022,47.17,31.185,0.0
09:00:00 28/08/2022,47.155,31.023,0.0
09:00:00 29/08/2022,47.165,31.148,0.1
09:00:00 30/08/2022,47.185,31.407,5.2
09:00:00 31/08/2022,47.175,31.242,0.0
09:00:00 01/09/2022,47.16,31.091,0.0
09:00:00 02/09/2022,47.185,31.408,0.0
09:00:00 03/09/2022,47.21,31.72,0.0
09:00:00 04/09/2022,47.225,31.908,0.0
09:00:00 05/09/2022,47.255,32.315,0.0
09:00:00 06/09/2022,47.265,32.403,0.0
09:00:00 07/09/2022,47.245,32.155,0.0
09:00:00 08/09/2022,47.25,32.235,16.4
09:00:00 09/09/2022,47.23,31.936,8.4
09:00:00 10/09/2022,47.22,31.86,1.5
09:00:00 11/09/2022,47.26,32.375,0.0
09:00:00 12/09/2022,47.295,32.823,0.0
09:00:00 13/09/2022,47.34,33.422,0.0
09:00:00 14/09/2022,47.385,33.992,0.1
09:00:00 15/09/2022,47.43,34.605,2.9
09:00:00 16/09/2022,47.485,35.338,0.0
09:00:00 17/09/2022,47.54,36.084,1.4
09:00:00 18/09/2022,47.59,36.75,1.9
09:00:00 19/09/2022,47.63,37.3,0.4
09:00:00 20/09/2022,47.68,38.008,0.0
09:00:00 21/09/2022,47.745,38.926,13.7
09:00:00 22/09/2022,47.815,39.918,0.3
09:00:00 23/09/2022,47.88,40.841,0.1
09:00:00 24/09/2022,47.935,41.631,0.9
09:00:00 25/09/2022,47.985,42.36,0.0
09:00:00 26/09/2022,48.04,43.162,5.0
09:00:00 27/09/2022,48.105,44.105,4.7
09:00:00 28/09/2022,48.18,45.194,4.6
09:00:00 29/09/2022,48.255,46.272,0.0
09:00:00 30/09/2022,48.33,47.361,0.1
09:00:00 01/10/2022,48.4,48.361,0.0
09:00:00 02/10/2022,48.455,49.15,0.0
09:00:00 03/10/2022,48.525,50.185,0.0
09:00:00 04/10/2022,48.595,51.174,0.0
09:00:00 05/10/2022,48.675,52.364,19.2
09:00:00 06/10/2022,48.77,53.72,8.0
09:00:00 07/10/2022,48.85,54.876,1.1
09:00:00 08/10/2022,48.925,,0.0
09:00:00 09/10/2022,48.99,,0.0
09:00:00 10/10/2022,49.05,,0.0
09:00:00 11/10/2022,49.11,,0.0
09:00:00 12/10/2022,49.165,,0.0
09:00:00 13/10/2022,49.235,,50.2
09:00:00 14/10/2022,49.325,,21.9
09:00:00 15/10/2022,49.395,,0.0
09:00:00 16/10/2022,49.445,,0.0
09:00:00 17/10/2022,49.49,,0.0
09:00:00 18/10/2022,49.53,,0.0
09:00:00 19/10/2022,49.575,,0.0
09:00:00 20/10/2022,49.62,,0.6
09:00:00 21/10/2022,49.67,,2.5
09:00:00 22/10/2022,49.72,,1.5
09:00:00 23/10/2022,49.78,,3.2
09:00:00 24/10/2022,49.86,,10.2
09:00:00 25/10/2022,49.94,,15.3
09:00:00 26/10/2022,50.02,,0.5
09:00:00 27/10/2022,50.1,,0.0
09:00:00 28/10/2022,50.17,,0.0
09:00:00 29/10/2022,50.24,,0.1
09:00:00 30/10/2022,50.31,,0.1
09:00:00 31/10/2022,50.385,,3.3
09:00:00 01/11/2022,50.47,,12.6
09:00:00 02/11/2022,50.55,,2.7
09:00:00 03/11/2022,50.635,,0.0
09:00:00 04/11/2022,50.725,,0.0
09:00:00 05/11/2022,50.815,,0.0
09:00:00 06/11/2022,50.905,,0.0
09:00:00 07/11/2022,50.995,,1.5
09:00:00 08/11/2022,51.09,,8.0
09:00:00 09/11/2022,51.19,,0.0
09:00:00 10/11/2022,51.29,,5.2
09:00:00 11/11/2022,51.39,,4.2
09:00:00 12/11/2022,51.48,,8.9
09:00:00 13/11/2022,51.575,,23.8
09:00:00 14/11/2022,51.665,,1.0
09:00:00 15/11/2022,51.725,,0.4
09:00:00 16/11/2022,51.775,,0.0
09:00:00 17/11/2022,51.82,,0.0
09:00:00 18/11/2022,51.86,,0.0
09:00:00 19/11/2022,51.89,,7.4
09:00:00 20/11/2022,51.92,,11.8
09:00:00 21/11/2022,51.95,,4.5
09:00:00 22/11/2022,51.97,,0.1
09:00:00 23/11/2022,51.985,,0.0
09:00:00 24/11/2022,52.0,,0.0
09:00:00 25/11/2022,52.015,,0.0
09:00:00 26/11/2022,52.025,,0.0
09:00:00 27/11/2022,51.955,,0.0
09:00:00 28/11/2022,51.89,,0.0
09:00:00 29/11/2022,51.91,,0.0
09:00:00 30/11/2022,51.95,,0.0
09:00:00 01/12/2022,52.005,,0.0
09:00:00 02/12/2022,52.045,,0.0
09:00:00 03/12/2022,52.075,,0.0
09:00:00 04/12/2022,52.1,,0.0
09:00:00 05/12/2022,52.115,,0.0
09:00:00 06/12/2022,52.125,,0.0
09:00:00 07/12/2022,52.135,,0.0
09:00:00 08/12/2022,52.14,,0.1
09:00:00 09/12/2022,52.14,,0.0
09:00:00 10/12/2022,52.14,,0.0
09:00:00 11/12/2022,52.14,,0.0
09:00:00 12/12/2022,52.135,,0.2
09:00:00 13/12/2022,52.115,,0.0
09:00:00 14/12/2022,52.09,,0.0
09:00:00 15/12/2022,52.06,,0.0
09:00:00 16/12/2022,52.025,,0.0
09:00:00 17/12/2022,51.995,,0.0
09:00:00 18/12/2022,51.97,,0.0
09:00:00 19/12/2022,51.94,,0.0
09:00:00 20/12/2022,51.9,,0.0
09:00:00 21/12/2022,51.86,,0.0
09:00:00 22/12/2022,51.82,,6.8
09:00:00 23/12/2022,51.785,,0.0
09:00:00 24/12/2022,51.75,,0.0
09:00:00 25/12/2022,51.715,,0.0
09:00:00 26/12/2022,51.68,,0.0
09:00:00 27/12/2022,51.625,,1.9
09:00:00 28/12/2022,51.565,,0.0
09:00:00 29/12/2022,51.51,,1.8
09:00:00 30/12/2022,51.445,,0.0
09:00:00 31/12/2022,51.38,,0.0
09:00:00 01/01/2023,51.32,,0.0
09:00:00 02/01/2023,51.245,,3.3
09:00:00 03/01/2023,51.165,,0.0
09:00:00 04/01/2023,51.085,,0.0
09:00:00 05/01/2023,50.995,,0.0
09:00:00 06/01/2023,50.91,,0.0
09:00:00 07/01/2023,50.815,,0.0
09:00:00 08/01/2023,50.715,,0.0
09:00:00 09/01/2023,50.615,,0.0
09:00:00 10/01/2023,50.495,,0.0
09:00:00 11/01/2023,50.415,,0.0
09:00:00 12/01/2023,50.34,,0.0
09:00:00 13/01/2023,50.14,,0.0
09:00:00 14/01/2023,49.9,,0.0
09:00:00 15/01/2023,49.69,,0.1
09:00:00 16/01/2023,49.43,,0.0
09:00:00 17/01/2023,49.18,,1.1
09:00:00 18/01/2023,48.915,,3.3
09:00:00 19/01/2023,48.575,50.643,0.2
09:00:00 20/01/2023,48.2,45.197,0.0
09:00:00 21/01/2023,47.79,39.322,0.0
09:00:00 22/01/2023,47.39,33.878,2.9
09:00:00 23/01/2023,47.075,29.91,0.4
09:00:00 24/01/2023,46.85,27.221,5.9
09:00:00 25/01/2023,46.72,25.765,0.0
09:00:00 26/01/2023,46.67,25.203,0.0
09:00:00 27/01/2023,46.69,25.49,0.0
09:00:00 28/01/2023,46.8,26.79,0.0
09:00:00 29/01/2023,46.885,27.728,1.0
09:00:00 30/01/2023,46.875,27.575,3.1
09:00:00 31/01/2023,46.895,27.884,0.0
09:00:00 01/02/2023,46.96,28.636,0.0
09:00:00 02/02/2023,46.97,28.727,0.0
09:00:00 03/02/2023,46.975,28.812,1.1
09:00:00 04/02/2023,46.985,28.913,0.9
09:00:00 05/02/2023,46.975,28.792,0.0
09:00:00 06/02/2023,46.96,28.604,0.0
09:00:00 07/02/2023,46.825,26.908,0.0
09:00:00 08/02/2023,46.71,25.685,0.0
09:00:00 09/02/2023,46.71,25.666,0.0
09:00:00 10/02/2023,46.68,25.32,0.0
09:00:00 11/02/2023,46.855,27.599,0.0
09:00:00 12/02/2023,47.045,29.648,0.0
09:00:00 13/02/2023,47.035,29.525,0.0
09:00:00 14/02/2023,47.025,29.402,0.0
09:00:00 15/02/2023,47.02,29.346,0.0
09:00:00 16/02/2023,47.015,29.28,0.0
09:00:00 17/02/2023,47.02,29.356,0.0
09:00:00 18/02/2023,47.025,29.402,0.0
09:00:00 19/02/2023,47.015,29.279,0.0
09:00:00 20/02/2023,47.005,29.156,0.0
09:00:00 21/02/2023,46.985,28.904,0.0
09:00:00 22/02/2023,46.995,29.067,0.0
09:00:00 23/02/2023,47.07,30.014,0.0
09:00:00 24/02/2023,47.17,31.261,0.0
09:00:00 25/02/2023,47.25,32.257,0.0
09:00:00 26/02/2023,47.3,32.892,0.0
09:00:00 27/02/2023,47.32,33.13,0.0
09:00:00 28/02/2023,47.315,33.059,0.0
09:00:00 01/03/2023,47.295,32.791,0.0
09:00:00 02/03/2023,47.3,32.892,0.0
09:00:00 03/03/2023,47.32,33.13,0.0
09:00:00 04/03/2023,47.315,33.06,0.0
09:00:00 05/03/2023,47.305,32.929,0.0
09:00:00 06/03/2023,47.29,32.73,0.0
09:00:00 07/03/2023,47.275,32.542,0.0
09:00:00 08/03/2023,47.28,32.623,0.0
09:00:00 09/03/2023,47.29,32.741,0.0
09:00:00 10/03/2023,47.305,32.951,0.0
09:00:00 11/03/2023,47.32,33.13,0.0
09:00:00 12/03/2023,47.32,33.13,0.0
09:00:00 13/03/2023,47.32,33.13,0.0
09:00:00 14/03/2023,47.32,33.13,0.0
09:00:00 15/03/2023,47.315,33.06,0.0
09:00:00 16/03/2023,47.305,32.93,0.0
09:00:00 17/03/2023,47.3,32.87,0.0
09:00:00 18/03/2023,47.3,32.87,0.0
09:00:00 19/03/2023,47.3,32.87,0.0
09:00:00 20/03/2023,47.3,32.87,0.0
09:00:00 21/03/2023,47.295,32.801,0.0
09:00:00 22/03/2023,47.305,32.952,0.1
09:00:00 23/03/2023,47.33,33.271,3.4
09:00:00 24/03/2023,47.345,33.46,0.0
09:00:00 25/03/2023,47.33,33.239,0.0
09:00:00 26/03/2023,47.31,33.0,0.0
09:00:00 27/03/2023,47.31,33.0,1.2
09:00:00 28/03/2023,47.315,33.07,2.1
09:00:00 29/03/2023,47.325,33.2,6.2
09:00:00 30/03/2023,47.33,33.259,0.0
09:00:00 31/03/2023,47.305,32.91,0.0
09:00:00 01/04/2023,47.28,32.612,0.0
09:00:00 02/04/2023,47.285,32.682,0.0
09:00:00 03/04/2023,47.295,32.811,0.0
09:00:00 04/04/2023,47.305,32.941,0.0
09:00:00 05/04/2023,47.32,33.14,0.0
09:00:00 06/04/2023,47.31,32.979,0.0
09:00:00 07/04/2023,47.28,32.602,0.8
09:00:00 08/04/2023,47.28,32.623,0.7
09:00:00 09/04/2023,47.295,32.811,0.4
09:00:00 10/04/2023,47.305,32.94,0.0
09:00:00 11/04/2023,47.315,33.07,0.0
09:00:00 12/04/2023,47.32,33.13,2.6
09:00:00 13/04/2023,47.32,33.13,0.9
09:00:00 14/04/2023,47.32,33.13,0.0
09:00:00 15/04/2023,47.32,33.13,0.4
09:00:00 16/04/2023,47.32,33.13,13.8
09:00:00 17/04/2023,47.32,33.13,0.0
09:00:00 18/04/2023,47.32,33.13,0.0
09:00:00 19/04/2023,47.31,32.989,0.0
09:00:00 20/04/2023,47.3,32.87,0.0
09:00:00 21/04/2023,47.3,32.87,0.0
09:00:00 22/04/2023,47.3,32.87,0.0
09:00:00 23/04/2023,47.3,32.87,0.0
09:00:00 24/04/2023,47.3,32.87,0.0
09:00:00 25/04/2023,47.305,32.94,0.0
09:00:00 26/04/2023,47.315,33.07,0.0
09:00:00 27/04/2023,47.32,33.13,0.0
09:00:00 28/04/2023,47.32,33.13,0.0
09:00:00 29/04/2023,47.325,33.2,0.1
09:00:00 30/04/2023,47.33,33.26,0.0
09:00:00 01/05/2023,47.325,33.189,0.0
09:00:00 02/05/2023,47.31,32.989,0.0
09:00:00 03/05/2023,47.285,32.662,0.3
09:00:00 04/05/2023,47.315,33.114,0.0
09:00:00 05/05/2023,47.36,33.65,0.0
09:00:00 06/05/2023,47.345,33.439,0.1
09:00:00 07/05/2023,47.32,33.119,0.0
09:00:00 08/05/2023,47.3,32.859,0.0
09:00:00 09/05/2023,47.27,32.462,0.0
09:00:00 10/05/2023,47.235,32.016,0.0
09:00:00 11/05/2023,47.235,32.048,0.0
09:00:00 12/05/2023,47.26,32.365,0.0
09:00:00 13/05/2023,47.27,32.483,0.0
09:00:00 14/05/2023,47.265,32.413,0.0
09:00:00 15/05/2023,47.25,32.215,0.0
09:00:00 16/05/2023,47.25,32.236,0.0
09:00:00 17/05/2023,47.265,32.424,0.0
09:00:00 18/05/2023,47.275,32.553,0.0
09:00:00 19/05/2023,47.285,32.682,0.0
09:00:00 20/05/2023,47.295,32.811,0.0
09:00:00 21/05/2023,47.31,33.011,0.1
09:00:00 22/05/2023,47.335,33.34,0.0
09:00:00 23/05/2023,47.33,33.239,0.0
09:00:00 24/05/2023,47.31,33.0,0.0
09:00:00 25/05/2023,47.31,33.0,0.0
09:00:00 26/05/2023,47.315,33.07,10.7
09:00:00 27/05/2023,47.325,33.2,0.0
09:00:00 28/05/2023,47.335,33.33,0.0
09:00:00 29/05/2023,47.34,33.39,0.0
09:00:00 30/05/2023,47.32,33.108,2.1
09:00:00 31/05/2023,47.275,32.52,0.0
09:00:00 01/06/2023,47.215,31.74,0.0
09:00:00 02/06/2023,47.135,30.722,0.0
09:00:00 03/06/2023,47.065,29.874,0.1
09:00:00 04/06/2023,47.035,29.524,0.0
09:00:00 05/06/2023,46.975,28.746,3.8
09:00:00 06/06/2023,46.91,28.0,6.1
09:00:00 07/06/2023,46.86,27.383,1.0
09:00:00 08/06/2023,46.77,26.324,28.2
09:00:00 09/06/2023,46.63,24.698,0.0
09:00:00 10/06/2023,46.505,23.358,0.0
09:00:00 11/06/2023,46.425,22.489,0.0
09:00:00 12/06/2023,46.325,21.429,0.0
09:00:00 13/06/2023,46.275,20.956,0.0
09:00:00 14/06/2023,46.265,20.837,0.0
09:00:00 15/06/2023,46.26,20.806,0.0
09:00:00 16/06/2023,46.245,20.623,0.0
09:00:00 17/06/2023,46.23,20.498,0.0
09:00:00 18/06/2023,46.265,20.871,1.9
09:00:00 19/06/2023,46.33,21.561,0.3
09:00:00 20/06/2023,46.42,22.521,0.0
09:00:00 21/06/2023,46.515,23.54,0.0
09:00:00 22/06/2023,46.605,24.533,0.0
09:00:00 23/06/2023,46.62,24.629,9.2
09:00:00 24/06/2023,46.555,23.904,0.0
09:00:00 25/06/2023,46.53,23.669,0.0
09:00:00 26/06/2023,46.555,23.949,0.0
09:00:00 27/06/2023,46.585,24.279,0.0
09:00:00 28/06/2023,46.625,24.735,5.1
09:00:00 29/06/2023,46.615,24.57,0.0
09:00:00 30/06/2023,46.575,24.151,0.0
09:00:00 01/07/2023,46.585,24.279,0.0
09:00:00 02/07/2023,46.61,24.552,0.0
09:00:00 03/07/2023,46.63,24.779,0.0
09:00:00 04/07/2023,46.66,25.125,13.2
09:00:00 05/07/2023,46.615,24.548,5.2
09:00:00 06/07/2023,46.565,24.059,0.6
09:00:00 07/07/2023,46.61,24.573,5.5
09:00:00 08/07/2023,46.64,24.882,0.0
09:00:00 09/07/2023,46.66,25.127,0.1
09:00:00 10/07/2023,46.72,25.833,0.0
09:00:00 11/07/2023,46.76,26.256,0.0
09:00:00 12/07/2023,46.765,26.318,0.0
09:00:00 13/07/2023,46.72,25.75,0.0
09:00:00 14/07/2023,46.7,25.593,0.0
09:00:00 15/07/2023,46.745,26.097,0.0
09:00:00 16/07/2023,46.78,26.507,0.0
09:00:00 17/07/2023,46.82,26.974,0.0
09:00:00 18/07/2023,46.87,27.568,0.0
09:00:00 19/07/2023,46.92,28.152,0.0
09:00:00 20/07/2023,46.97,28.767,0.0
09:00:00 21/07/2023,47.04,29.633,0.3
09:00:00 22/07/2023,47.115,30.555,0.0
09:00:00 23/07/2023,47.165,31.159,0.0
09:00:00 24/07/2023,47.215,31.815,0.0
09:00:00 25/07/2023,47.275,32.575,0.0
09:00:00 26/07/2023,47.335,33.363,0.0
09:00:00 27/07/2023,47.395,34.137,0.0
09:00:00 28/07/2023,47.45,34.874,1.8
09:00:00 29/07/2023,47.515,35.753,0.0
09:00:00 30/07/2023,47.575,36.551,0.0
09:00:00 31/07/2023,47.625,37.236,0.0
09:00:00 01/08/2023,47.675,37.931,0.0
09:00:00 02/08/2023,47.725,38.632,0.0
09:00:00 03/08/2023,47.77,39.261,0.0
09:00:00 04/08/2023,47.82,39.983,4.3
09:00:00 05/08/2023,47.875,40.762,1.9
09:00:00 06/08/2023,47.925,41.485,0.0
09:00:00 07/08/2023,47.975,42.215,0.0
09:00:00 08/08/2023,48.02,42.862,0.1
09:00:00 09/08/2023,48.065,43.516,0.0
09:00:00 10/08/2023,48.11,44.159,0.3
09:00:00 11/08/2023,48.15,44.737,0.0
09:00:00 12/08/2023,48.2,45.47,0.1
09:00:00 13/08/2023,48.25,46.182,4.2
09:00:00 14/08/2023,48.295,46.838,1.4
09:00:00 15/08/2023,48.345,47.56,0.0
09:00:00 16/08/2023,48.39,48.204,0.0
09:00:00 17/08/2023,48.42,48.626,3.5
09:00:00 18/08/2023,48.46,49.228,2.7
09:00:00 19/08/2023,48.51,49.938,0.3
09:00:00 20/08/2023,48.545,50.438,0.0
09:00:00 21/08/2023,48.565,50.716,0.0
09:00:00 22/08/2023,48.58,50.938,7.2
09:00:00 23/08/2023,48.595,51.15,6.5
09:00:00 24/08/2023,48.64,51.84,0.0
09:00:00 25/08/2023,48.67,52.215,0.0
09:00:00 26/08/2023,48.655,52.004,0.0
09:00:00 27/08/2023,48.64,51.781,0.0
09:00:00 28/08/2023,48.61,51.336,0.0
09:00:00 29/08/2023,48.565,50.679,0.1
09:00:00 30/08/2023,48.505,49.8,0.0
09:00:00 31/08/2023,48.405,48.319,0.0
09:00:00 01/09/2023,48.275,46.44,0.0
09:00:00 02/09/2023,48.145,44.562,0.0
09:00:00 03/09/2023,47.995,42.366,0.0
09:00:00 04/09/2023,47.82,39.848,0.0
09:00:00 05/09/2023,47.63,37.18,0.0
09:00:00 06/09/2023,47.465,34.97,0.0
09:00:00 07/09/2023,47.325,33.117,1.5
09:00:00 08/09/2023,47.19,31.402,2.6
09:00:00 09/09/2023,47.065,29.836,0.6
09:00:00 10/09/2023,46.94,28.318,0.1
09:00:00 11/09/2023,46.84,27.16,0.0
09:00:00 12/09/2023,46.77,33.248,0.0
09:00:00 13/09/2023,46.675,25.214,0.0
09:00:00 14/09/2023,46.69,25.531,0.0
09:00:00 15/09/2023,46.715,25.688,0.0
09:00:00 16/09/2023,46.615,24.562,0.0
09:00:00 17/09/2023,46.525,23.567,0.0
09:00:00 18/09/2023,46.445,22.71,0.0
09:00:00 19/09/2023,46.38,22.027,0.0
09:00:00 20/09/2023,46.455,22.955,0.0
09:00:00 21/09/2023,46.61,24.596,0.0
09:00:00 22/09/2023,46.74,26.107,0.0
09:00:00 23/09/2023,46.84,27.208,0.0
09:00:00 24/09/2023,46.92,28.199,0.0
09:00:00 25/09/2023,47.005,29.189,0.0
09:00:00 26/09/2023,47.065,29.936,0.1
09:00:00 27/09/2023,47.15,31.007,0.0
09:00:00 28/09/2023,47.255,32.349,0.0
09:00:00 29/09/2023,47.37,33.851,0.0
09:00:00 30/09/2023,47.475,35.225,0.0
09:00:00 01/10/2023,47.52,35.781,0.0
09:00:00 02/10/2023,47.55,36.218,0.0
09:00:00 03/10/2023,47.58,36.59,0.1
09:00:00 04/10/2023,47.59,36.736,37.9
09:00:00 05/10/2023,47.6,36.86,0.0
09:00:00 06/10/2023,47.6,36.86,0.1
09:00:00 07/10/2023,47.6,36.86,0.0
09:00:00 08/10/2023,47.59,36.714,0.0
09:00:00 09/10/2023,47.58,36.59,0.0
09:00:00 10/10/2023,47.58,36.59,0.0
09:00:00 11/10/2023,47.58,36.59,0.0
09:00:00 12/10/2023,47.575,36.517,0.0
09:00:00 13/10/2023,47.58,36.601,0.6
09:00:00 14/10/2023,47.595,36.799,0.0
09:00:00 15/10/2023,47.63,37.312,0.0
09:00:00 16/10/2023,47.685,38.07,0.1
09:00:00 17/10/2023,47.655,37.562,0.0
09:00:00 18/10/2023,47.57,36.421,0.0
09:00:00 19/10/2023,47.515,35.683,0.0
09:00:00 20/10/2023,47.395,34.021,0.0
09:00:00 21/10/2023,47.3,32.87,0.0
09:00:00 22/10/2023,47.3,32.87,0.0
09:00:00 23/10/2023,47.3,32.87,0.0
09:00:00 24/10/2023,47.3,32.87,0.0
09:00:00 25/10/2023,47.305,32.94,0.0
09:00:00 26/10/2023,47.305,32.93,0.0
09:00:00 27/10/2023,47.33,33.292,0.0
09:00:00 28/10/2023,47.36,33.65,0.0
09:00:00 29/10/2023,47.37,33.791,0.0
09:00:00 30/10/2023,47.39,34.051,0.0
09:00:00 31/10/2023,47.415,34.388,0.0
09:00:00 01/11/2023,47.45,34.862,0.0
09:00:00 02/11/2023,47.485,35.326,0.0
09:00:00 03/11/2023,47.515,35.729,0.0
09:00:00 04/11/2023,47.54,36.061,0.0
09:00:00 05/11/2023,47.56,36.331,0.0
09:00:00 06/11/2023,47.575,36.528,0.0
09:00:00 07/11/2023,47.58,36.59,0.0
09:00:00 08/11/2023,47.57,36.444,0.8
09:00:00 09/11/2023,47.545,36.1,1.5
09:00:00 10/11/2023,47.5,35.479,0.0
09:00:00 11/11/2023,47.475,35.181,0.0
09:00:00 12/11/2023,47.5,35.534,0.0
09:00:00 13/11/2023,47.55,36.219,0.0
09:00:00 14/11/2023,47.605,36.961,0.1
09:00:00 15/11/2023,47.615,37.051,0.0
09:00:00 16/11/2023,47.58,36.569,0.0
09:00:00 17/11/2023,47.6,36.912,0.1
09:00:00 18/11/2023,47.63,37.265,0.0
09:00:00 19/11/2023,47.61,36.987,0.0
09:00:00 20/11/2023,47.585,36.642,0.0
09:00:00 21/11/2023,47.595,36.824,0.0
09:00:00 22/11/2023,47.62,37.138,0.3
09:00:00 23/11/2023,47.605,36.915,2.1
09:00:00 24/11/2023,47.6,36.873,12.2
09:00:00 25/11/2023,47.61,36.999,16.6
09:00:00 26/11/2023,47.615,37.074,0.0
09:00:00 27/11/2023,47.625,37.213,0.0
09:00:00 28/11/2023,47.64,37.427,0.1
09:00:00 29/11/2023,47.62,37.106,15.9
09:00:00 30/11/2023,47.585,36.651,0.9
09:00:00 01/12/2023,47.54,36.006,0.0
09:00:00 02/12/2023,47.485,35.292,0.0
09:00:00 03/12/2023,47.46,34.963,0.0
09:00:00 04/12/2023,47.445,34.768,0.0
09:00:00 05/12/2023,47.455,34.923,0.0
09:00:00 06/12/2023,47.465,35.036,0.0
09:00:00 07/12/2023,47.46,34.975,0.0
09:00:00 08/12/2023,47.485,35.337,0.0
09:00:00 09/12/2023,47.515,35.718,0.2
09:00:00 10/12/2023,47.51,35.634,0.0
09:00:00 11/12/2023,47.49,35.365,0.0
09:00:00 12/12/2023,47.485,35.314,0.0
09:00:00 13/12/2023,47.48,35.231,0.1
09:00:00 14/12/2023,47.475,35.182,0.2
09:00:00 15/12/2023,47.56,36.418,0.0
09:00:00 16/12/2023,47.64,37.416,0.0
09:00:00 17/12/2023,47.64,37.416,0.0
09:00:00 18/12/2023,47.63,37.266,0.0
09:00:00 19/12/2023,47.62,37.138,0.0
09:00:00 20/12/2023,47.61,36.987,0.3
09:00:00 21/12/2023,47.59,36.714,0.0
09:00:00 22/12/2023,47.57,36.444,0.0
09:00:00 23/12/2023,47.54,36.028,0.0
09:00:00 24/12/2023,47.5,35.489,0.3
09:00:00 25/12/2023,47.468,35.061,6.8
09:00:00 26/12/2023,47.443,34.727,15.9
09:00:00 27/12/2023,47.48,35.299,0.3
09:00:00 28/12/2023,47.55,36.207,0.0
09:00:00 29/12/2023,47.57,36.455,1.4
09:00:00 30/12/2023,47.565,36.382,0.1
09:00:00 31/12/2023,47.56,36.32,0.0
09:00:00 01/01/2024,47.57,36.466,0.0
09:00:00 02/01/2024,47.59,36.736,0.1
09:00:00 03/01/2024,47.605,36.934,0.0
09:00:00 04/01/2024,47.58,36.559,0.0
09:00:00 05/01/2024,47.56,36.332,0.9
09:00:00 06/01/2024,47.595,36.824,0.0
09:00:00 07/01/2024,47.595,36.769,0.0
09:00:00 08/01/2024,47.59,36.75,12.0
09:00:00 09/01/2024,47.625,37.223,0.0
09:00:00 10/01/2024,47.58,36.531,0.0
09:00:00 11/01/2024,47.495,35.416,0.0
09:00:00 12/01/2024,47.46,34.963,0.0
09:00:00 13/01/2024,47.46,34.986,0.2
09:00:00 14/01/2024,47.495,35.471,1.7
09:00:00 15/01/2024,47.52,35.78,0.0
09:00:00 16/01/2024,47.515,35.707,8.3
09:00:00 17/01/2024,47.505,35.571,16.2
09:00:00 18/01/2024,47.465,35.003,3.3
09:00:00 19/01/2024,47.43,34.572,0.1
09:00:00 20/01/2024,47.45,34.862,0.0
09:00:00 21/01/2024,47.475,35.18,0.0
09:00:00 22/01/2024,47.48,35.242,0.0
09:00:00 23/01/2024,47.48,35.242,0.0
09:00:00 24/01/2024,47.485,35.314,0.0
09:00:00 25/01/2024,47.49,35.376,0.0
09:00:00 26/01/2024,47.495,35.449,0.4
09:00:00 27/01/2024,47.505,35.583,0.0
09:00:00 28/01/2024,47.515,35.718,0.0
09:00:00 29/01/2024,47.53,35.926,0.0
09:00:00 30/01/2024,47.54,36.05,0.0
09:00:00 31/01/2024,47.54,36.05,0.0
09:00:00 01/02/2024,47.54,36.05,0.0
09:00:00 02/02/2024,47.545,36.123,0.0
09:00:00 03/02/2024,47.545,36.112,0.0
09:00:00 04/02/2024,47.53,35.904,0.0
09:00:00 05/02/2024,47.5,35.489,0.0
09:00:00 06/02/2024,47.49,35.387,0.1
09:00:00 07/02/2024,,35.802,0.0
09:00:00 08/02/2024,,36.123,0.0
09:00:00 09/02/2024,47.55,36.185,0.0
09:00:00 10/02/2024,47.565,36.405,0.0
09:00:00 11/02/2024,47.605,36.961,0.0
09:00:00 12/02/2024,47.605,36.906,0.0
09:00:00 13/02/2024,47.59,36.736,0.0
09:00:00 14/02/2024,47.6,36.86,2.5
09:00:00 15/02/2024,47.6,36.86,0.0
09:00:00 16/02/2024,47.585,36.641,1.8
09:00:00 17/02/2024,47.585,36.675,0.0
09:00:00 18/02/2024,47.62,37.161,0.0
09:00:00 19/02/2024,47.635,37.341,0.0
09:00:00 20/02/2024,47.635,37.352,0.0
09:00:00 21/02/2024,47.64,37.416,0.0
09:00:00 22/02/2024,47.635,37.341,0.0
09:00:00 23/02/2024,47.625,37.202,0.0
09:00:00 24/02/2024,47.62,37.138,0.0
09:00:00 25/02/2024,47.615,37.063,0.0
09:00:00 26/02/2024,47.605,36.924,0.0
09:00:00 27/02/2024,47.59,36.714,0.0
09:00:00 28/02/2024,47.57,36.444,0.0
09:00:00 29/02/2024,47.55,36.174,0.2
09:00:00 01/03/2024,47.555,36.269,0.1
09:00:00 02/03/2024,47.565,36.382,0.0
09:00:00 03/03/2024,47.57,36.466,0.0
09:00:00 04/03/2024,47.58,36.59,0.0
09:00:00 05/03/2024,47.565,36.371,0.0
09:00:00 06/03/2024,47.55,36.185,0.0
09:00:00 07/03/2024,47.535,35.966,0.0
09:00:00 08/03/2024,47.515,35.707,0.0
09:00:00 09/03/2024,47.505,35.572,0.0
09:00:00 10/03/2024,47.51,35.656,0.0
09:00:00 11/03/2024,47.52,35.78,0.0
09:00:00 12/03/2024,47.52,35.78,0.0
09:00:00 13/03/2024,47.525,35.853,0.0
09:00:00 14/03/2024,47.545,36.134,0.0
09:00:00 15/03/2024,47.575,36.539,0.0
09:00:00 16/03/2024,47.595,36.798,0.6
09:00:00 17/03/2024,47.615,37.086,3.7
09:00:00 18/03/2024,47.645,37.502,1.6
09:00:00 19/03/2024,47.65,37.544,0.0
09:00:00 20/03/2024,47.635,37.341,0.6
09:00:00 21/03/2024,47.63,37.277,0.0
09:00:00 22/03/2024,47.625,37.202,0.0
09:00:00 23/03/2024,47.62,37.138,0.0
09:00:00 24/03/2024,47.615,37.063,0.0
09:00:00 25/03/2024,47.605,36.924,0.0
09:00:00 26/03/2024,47.595,36.787,0.0
09:00:00 27/03/2024,47.585,36.652,0.0
09:00:00 28/03/2024,47.57,36.444,0.0
09:00:00 29/03/2024,47.555,36.247,0.0
09:00:00 30/03/2024,47.55,36.185,0.0
09:00:00 31/03/2024,47.555,36.258,0.0
09:00:00 01/04/2024,47.565,36.393,2.4
09:00:00 02/04/2024,47.58,36.601,8.0
09:00:00 03/04/2024,47.595,36.798,0.0
09:00:00 04/04/2024,47.595,36.787,0.0
09:00:00 05/04/2024,47.575,36.506,0.0
09:00:00 06/04/2024,47.555,36.247,1.9
09:00:00 07/04/2024,47.555,36.258,4.6
09:00:00 08/04/2024,47.57,36.466,0.0
09:00:00 09/04/2024,47.57,36.444,0.0
09:00:00 10/04/2024,47.56,36.32,0.0
09:00:00 11/04/2024,47.55,36.173,0.0
09:00:00 12/04/2024,47.515,35.686,0.0
09:00:00 13/04/2024,47.49,35.376,0.0
09:00:00 14/04/2024,47.49,35.376,0.0
09:00:00 15/04/2024,47.49,35.376,0.1
09:00:00 16/04/2024,47.48,35.231,0.0
09:00:00 17/04/2024,47.465,35.035,0.0
09:00:00 18/04/2024,47.45,34.829,0.0
09:00:00 19/04/2024,47.435,34.633,0.7
09:00:00 20/04/2024,47.42,34.427,0.0
09:00:00 21/04/2024,47.4,34.161,0.0
09:00:00 22/04/2024,47.385,33.969,0.0
09:00:00 23/04/2024,47.37,33.769,0.0
09:00:00 24/04/2024,47.35,33.455,0.0
09:00:00 25/04/2024,47.341,33.404,0.0
09:00:00 26/04/2024,47.348,33.501,0.0
09:00:00 27/04/2024,47.351,33.534,0.0
09:00:00 28/04/2024,47.36,33.658,0.0
09:00:00 29/04/2024,47.374,33.831,0.0
09:00:00 30/04/2024,47.355,33.577,0.0
09:00:00 01/05/2024,47.35,33.52,0.0
09:00:00 02/05/2024,47.344,33.425,0.0
09:00:00 03/05/2024,47.293,32.759,1.0
09:00:00 04/05/2024,47.288,32.722,5.5
09:00:00 05/05/2024,47.29,32.741,0.1
09:00:00 06/05/2024,47.291,32.755,0.0
09:00:00 07/05/2024,47.299,32.865,0.0
09:00:00 08/05/2024,47.313,33.049,0.0
09:00:00 09/05/2024,47.357,33.637,0.0
09:00:00 10/05/2024,47.412,34.351,0.0
09:00:00 11/05/2024,47.437,34.667,1.4
09:00:00 12/05/2024,47.44,34.706,0.8
09:00:00 13/05/2024,47.439,34.692,0.0
09:00:00 14/05/2024,47.435,34.648,0.0
09:00:00 15/05/2024,47.467,35.086,0.0
09:00:00 16/05/2024,47.508,35.637,0.0
09:00:00 17/05/2024,47.553,36.249,0.0
09:00:00 18/05/2024,47.578,36.579,0.0
09:00:00 19/05/2024,47.597,36.835,0.0
09:00:00 20/05/2024,47.61,37.008,0.2
09:00:00 21/05/2024,47.628,37.265,0.0
09:00:00 22/05/2024,47.644,37.47,0.0
09:00:00 23/05/2024,47.622,37.142,0.0
09:00:00 24/05/2024,47.587,36.67,0.0
09:00:00 25/05/2024,47.58,36.59,0.0
09:00:00 26/05/2024,47.58,36.59,0.0
09:00:00 27/05/2024,47.58,36.59,0.0
09:00:00 28/05/2024,47.58,36.59,0.0
09:00:00 29/05/2024,47.58,36.59,0.0
09:00:00 30/05/2024,47.59,36.736,0.0
09:00:00 31/05/2024,47.605,36.935,9.6
09:00:00 01/06/2024,47.6,36.851,3.3
09:00:00 02/06/2024,47.585,36.652,1.0
09:00:00 03/06/2024,47.575,36.517,0.1
09:00:00 04/06/2024,47.565,36.382,0.0
09:00:00 05/06/2024,47.555,36.247,0.0
09:00:00 06/06/2024,47.56,36.331,0.0
09:00:00 07/06/2024,47.585,36.674,0.0
09:00:00 08/06/2024,47.6,36.86,0.0
09:00:00 09/06/2024,47.6,36.86,0.0
09:00:00 10/06/2024,47.6,36.86,0.1
09:00:00 11/06/2024,47.6,36.86,0.2
09:00:00 12/06/2024,47.6,36.86,3.4
09:00:00 13/06/2024,47.6,36.86,0.0
09:00:00 14/06/2024,47.605,36.935,2.6
09:00:00 15/06/2024,47.61,36.999,2.0
09:00:00 16/06/2024,47.61,36.999,1.2
09:00:00 17/06/2024,47.61,36.999,0.1
09:00:00 18/06/2024,47.61,36.999,0.1
09:00:00 19/06/2024,47.605,36.924,0.0
09:00:00 20/06/2024,47.595,36.787,0.3
09:00:00 21/06/2024,47.595,36.798,4.7
09:00:00 22/06/2024,47.6,36.86,0.0
09:00:00 23/06/2024,47.6,36.86,0.2
09:00:00 24/06/2024,47.6,36.86,0.1
09:00:00 25/06/2024,47.6,36.86,0.0
09:00:00 26/06/2024,47.59,36.714,0.0
09:00:00 27/06/2024,47.6,36.886,0.0
09:00:00 28/06/2024,47.625,37.213,0.0
09:00:00 29/06/2024,47.625,37.202,0.0
09:00:00 30/06/2024,47.62,37.138,5.2
09:00:00 01/07/2024,47.62,37.138,0.5
09:00:00 02/07/2024,47.62,37.138,0.0
09:00:00 03/07/2024,47.625,37.213,0.0
09:00:00 04/07/2024,47.635,37.352,0.0
09:00:00 05/07/2024,47.62,37.115,0.0
09:00:00 06/07/2024,47.6,36.86,0.0
09:00:00 07/07/2024,47.605,36.935,0.0
09:00:00 08/07/2024,47.62,37.149,0.9
09:00:00 09/07/2024,47.63,37.277,0.3
09:00:00 10/07/2024,47.63,37.277,0.0
09:00:00 11/07/2024,47.625,37.201,0.1
09:00:00 12/07/2024,47.59,36.696,3.4
09:00:00 13/07/2024,47.57,36.466,0.2
09:00:00 14/07/2024,47.585,36.663,0.0
09:00:00 15/07/2024,47.6,36.873,0.0
09:00:00 16/07/2024,47.615,37.074,0.7
09:00:00 17/07/2024,47.625,37.213,1.2
09:00:00 18/07/2024,47.635,37.352,0.3
09:00:00 19/07/2024,47.64,37.416,0.0
09:00:00 20/07/2024,47.63,37.266,1.0
09:00:00 21/07/2024,47.62,37.138,0.0
09:00:00 22/07/2024,47.615,37.063,0.0
09:00:00 23/07/2024,47.605,36.924,0.0
09:00:00 24/07/2024,47.59,36.714,0.0
09:00:00 25/07/2024,47.58,36.591,0.0
09:00:00 26/07/2024,47.625,37.262,2.4
09:00:00 27/07/2024,47.675,37.908,0.0
09:00:00 28/07/2024,47.67,37.821,1.3
09:00:00 29/07/2024,47.65,37.543,0.0
09:00:00 30/07/2024,47.625,37.19,0.0
09:00:00 31/07/2024,47.605,36.924,0.0
09:00:00 01/08/2024,47.6,36.86,0.0
09:00:00 02/08/2024,47.62,37.161,0.0
09:00:00 03/08/2024,47.64,37.416,0.0
09:00:00 04/08/2024,47.64,37.416,0.0
09:00:00 05/08/2024,47.64,37.416,2.2
09:00:00 06/08/2024,47.645,37.491,0.4
09:00:00 07/08/2024,47.65,37.555,0.0
09:00:00 08/08/2024,47.655,37.63,0.0
09:00:00 09/08/2024,47.66,37.694,0.1
09:00:00 10/08/2024,47.665,37.769,0.0
09:00:00 11/08/2024,47.67,37.833,0.0
09:00:00 12/08/2024,47.67,37.833,0.0
09:00:00 13/08/2024,47.67,37.833,0.0
09:00:00 14/08/2024,47.67,37.833,0.0
09:00:00 15/08/2024,47.665,37.758,0.0
09:00:00 16/08/2024,47.655,37.619,0.9
09:00:00 17/08/2024,47.645,37.48,0.2
09:00:00 18/08/2024,47.64,37.416,0.7
09:00:00 19/08/2024,47.635,37.341,0.0
09:00:00 20/08/2024,47.625,37.202,0.9
09:00:00 21/08/2024,47.615,37.063,1.8
09:00:00 22/08/2024,47.605,36.924,0.0
09:00:00 23/08/2024,47.605,36.935,0.0
09:00:00 24/08/2024,47.605,36.924,0.1
09:00:00 25/08/2024,47.6,36.86,1.8
09:00:00 26/08/2024,47.59,36.714,1.3
09:00:00 27/08/2024,47.59,36.736,0.0
09:00:00 28/08/2024,47.595,36.787,0.0
09:00:00 29/08/2024,47.59,36.725,0.0
09:00:00 30/08/2024,47.585,36.652,0.0
09:00:00 31/08/2024,47.575,36.517,0.0
09:00:00 01/09/2024,47.57,36.455,0.0
09:00:00 02/09/2024,47.565,36.382,0.1
09:00:00 03/09/2024,47.57,36.466,0.0
09:00:00 04/09/2024,47.6,36.887,0.0
09:00:00 05/09/2024,47.635,37.364,0.0
09:00:00 06/09/2024,47.665,37.781,0.0
09:00:00 07/09/2024,47.7,38.275,1.9
09:00:00 08/09/2024,47.735,38.76,0.0
09:00:00 09/09/2024,47.725,38.574,0.0
09:00:00 10/09/2024,47.7,38.25,0.0
09:00:00 11/09/2024,47.69,38.099,0.0
09:00:00 12/09/2024,47.665,37.747,2.6
09:00:00 13/09/2024,47.66,37.705,0.0
09:00:00 14/09/2024,47.655,37.607,0.0
09:00:00 15/09/2024,47.625,37.191,0.0
09:00:00 16/09/2024,47.615,37.075,0.0
09:00:00 17/09/2024,47.64,37.438,0.0
09:00:00 18/09/2024,47.645,37.469,0.0
09:00:00 19/09/2024,47.65,37.578,0.0
09:00:00 20/09/2024,47.685,38.059,0.0
09:00:00 21/09/2024,47.715,38.479,0.1
09:00:00 22/09/2024,47.725,38.597,0.0
09:00:00 23/09/2024,47.72,38.532,0.0
09:00:00 24/09/2024,47.705,38.304,0.0
09:00:00 25/09/2024,47.69,38.111,1.4
09:00:00 26/09/2024,47.695,38.186,3.6
09:00:00 27/09/2024,47.69,38.1,0.0
09:00:00 28/09/2024,47.68,37.972,0.0
09:00:00 29/09/2024,47.685,38.047,3.3
09:00:00 30/09/2024,47.7,38.262,0.8
09:00:00 01/10/2024,47.7,38.239,0.0
09:00:00 02/10/2024,47.68,37.961,0.0
09:00:00 03/10/2024,47.68,37.982,0.0
09:00:00 04/10/2024,47.645,37.435,0.0
09:00:00 05/10/2024,47.62,37.16,0.0
09:00:00 06/10/2024,47.615,37.043,0.0
09:00:00 07/10/2024,47.6,36.874,0.0
09:00:00 08/10/2024,47.63,37.299,0.0
09:00:00 09/10/2024,47.64,37.405,0.0
09:00:00 10/10/2024,47.625,37.201,0.0
09:00:00 11/10/2024,47.605,36.915,0.0
09:00:00 12/10/2024,47.6,36.873,0.0
09:00:00 13/10/2024,47.615,37.074,0.0
09:00:00 14/10/2024,47.62,37.138,0.0
09:00:00 15/10/2024,47.62,37.138,0.1
09:00:00 16/10/2024,47.625,37.213,0.7
09:00:00 17/10/2024,47.625,37.202,0.4
09:00:00 18/10/2024,47.635,37.364,26.1
09:00:00 19/10/2024,47.655,37.63,0.0
09:00:00 20/10/2024,47.66,37.694,0.0
09:00:00 21/10/2024,47.66,37.694,0.0
09:00:00 22/10/2024,47.64,37.393,0.0
09:00:00 23/10/2024,47.605,36.915,0.2
09:00:00 24/10/2024,47.585,36.652,0.3
09:00:00 25/10/2024,47.58,36.59,0.0
09:00:00 26/10/2024,47.58,36.59,0.0
09:00:00 27/10/2024,47.575,36.517,0.0
09:00:00 28/10/2024,47.565,36.382,0.0
09:00:00 29/10/2024,47.55,36.174,0.0
09:00:00 30/10/2024,47.525,35.831,0.0
09:00:00 31/10/2024,47.51,35.645,0.0
09:00:00 01/11/2024,47.515,35.718,0.0
09:00:00 02/11/2024,47.52,35.78,0.0
09:00:00 03/11/2024,47.525,35.853,0.0
09:00:00 04/11/2024,47.53,35.915,0.0
09:00:00 05/11/2024,47.54,36.061,0.0
09:00:00 06/11/2024,47.55,36.185,0.2
09:00:00 07/11/2024,47.555,36.258,0.0
09:00:00 08/11/2024,47.57,36.466,0.1
09:00:00 09/11/2024,47.58,36.59,0.0
09:00:00 10/11/2024,47.58,36.59,0.0
09:00:00 11/11/2024,47.575,36.517,0.0
09:00:00 12/11/2024,47.57,36.455,0.0
09:00:00 13/11/2024,47.57,36.455,5.7
09:00:00 14/11/2024,47.58,36.601,0.2
09:00:00 15/11/2024,47.595,36.798,0.0
09:00:00 16/11/2024,47.59,36.714,0.0
09:00:00 17/11/2024,47.57,36.444,0.0
09:00:00 18/11/2024,47.555,36.247,0.1
09:00:00 19/11/2024,47.56,36.331,0.0
09:00:00 20/11/2024,47.585,36.674,0.0
09:00:00 21/11/2024,47.6,36.86,0.0
09:00:00 22/11/2024,47.615,37.086,0.0
09:00:00 23/11/2024,47.63,37.277,0.0
09:00:00 24/11/2024,47.625,37.202,1.4
09:00:00 25/11/2024,47.64,37.439,44.2
09:00:00 26/11/2024,47.665,37.769,34.8
09:00:00 27/11/2024,47.675,37.908,7.6
09:00:00 28/11/2024,47.675,37.896,0.0
09:00:00 29/11/2024,47.655,37.607,0.0
09:00:00 30/11/2024,47.625,37.19,2.2
09:00:00 01/12/2024,47.605,36.924,12.3
09:00:00 02/12/2024,47.6,36.86,5.5
09:00:00 03/12/2024,47.62,37.161,12.5
09:00:00 04/12/2024,47.65,37.566,0.0
09:00:00 05/12/2024,47.66,37.694,0.0
09:00:00 06/12/2024,47.66,37.694,0.0
09:00:00 07/12/2024,47.67,37.844,8.6
09:00:00 08/12/2024,47.68,37.972,0.1
09:00:00 09/12/2024,47.69,38.122,0.0
09:00:00 10/12/2024,47.68,37.949,0.0
09:00:00 11/12/2024,47.66,37.694,0.0
09:00:00 12/12/2024,47.66,37.694,0.0
09:00:00 13/12/2024,47.655,37.619,0.0
09:00:00 14/12/2024,47.645,37.48,0.0
09:00:00 15/12/2024,47.635,37.341,0.0
09:00:00 16/12/2024,47.62,37.127,0.0
09:00:00 17/12/2024,47.63,37.299,0.0
09:00:00 18/12/2024,47.64,37.405,0.0
09:00:00 19/12/2024,47.625,37.202,0.0
09:00:00 20/12/2024,47.61,36.987,0.0
09:00:00 21/12/2024,47.59,36.715,0.0
09:00:00 22/12/2024,47.61,37.038,0.0
09:00:00 23/12/2024,47.69,38.173,0.0
09:00:00 24/12/2024,47.765,39.196,0.0
09:00:00 25/12/2024,47.805,39.75,0.0
09:00:00 26/12/2024,47.81,39.791,0.0
09:00:00 27/12/2024,47.78,39.355,0.0
09:00:00 28/12/2024,47.78,39.401,0.0
09:00:00 29/12/2024,47.79,39.507,0.0
09:00:00 30/12/2024,47.775,39.302,0.0
09:00:00 31/12/2024,47.76,39.084,0.0
09:00:00 01/01/2025,47.75,38.955,0.0
09:00:00 02/01/2025,47.76,39.108,0.0
09:00:00 03/01/2025,47.785,39.466,0.0
09:00:00 04/01/2025,47.8,39.66,0.0
09:00:00 05/01/2025,47.805,39.737,0.0
09:00:00 06/01/2025,47.815,39.881,1.8
09:00:00 07/01/2025,47.835,40.178,3.1
09:00:00 08/01/2025,47.845,40.297,0.0
09:00:00 09/01/2025,47.82,39.923,0.0
09:00:00 10/01/2025,47.8,39.66,1.8
09:00:00 11/01/2025,47.795,39.584,0.0
09:00:00 12/01/2025,47.78,39.367,0.0
09:00:00 13/01/2025,47.775,39.313,0.0
09:00:00 14/01/2025,47.775,39.302,0.0
09:00:00 15/01/2025,47.775,39.313,0.0
09:00:00 16/01/2025,47.785,39.454,0.0
09:00:00 17/01/2025,47.78,39.367,0.0
09:00:00 18/01/2025,47.775,39.313,0.0
09:00:00 19/01/2025,47.78,39.378,0.0
09:00:00 20/01/2025,47.78,39.378,0.0
09:00:00 21/01/2025,47.78,39.378,0.0
09:00:00 22/01/2025,47.775,39.302,0.0
09:00:00 23/01/2025,47.77,39.237,0.0
09:00:00 24/01/2025,47.77,39.237,0.0
09:00:00 25/01/2025,47.77,39.237,0.0
09:00:00 26/01/2025,47.765,39.161,0.0
09:00:00 27/01/2025,47.76,39.096,0.0
09:00:00 28/01/2025,47.755,39.02,0.0
09:00:00 29/01/2025,47.75,38.955,0.0
09:00:00 30/01/2025,47.75,38.956,0.0
09:00:00 31/01/2025,47.775,39.336,0.0
09:00:00 01/02/2025,47.8,39.66,0.0
09:00:00 02/02/2025,47.8,39.66,0.0
09:00:00 03/02/2025,47.8,39.66,0.0
09:00:00 04/02/2025,47.8,39.66,0.0
09:00:00 05/02/2025,47.8,39.66,0.0
09:00:00 06/02/2025,47.805,39.737,0.0
09:00:00 07/02/2025,47.805,39.726,0.0
09:00:00 08/02/2025,47.795,39.584,0.0
09:00:00 09/02/2025,47.79,39.519,0.0
09:00:00 10/02/2025,47.785,39.443,0.0
09:00:00 11/02/2025,47.78,39.378,0.0
09:00:00 12/02/2025,47.78,39.378,0.0
09:00:00 13/02/2025,47.78,39.378,0.0
09:00:00 14/02/2025,47.78,39.378,0.0
09:00:00 15/02/2025,47.78,39.378,0.0
09:00:00 16/02/2025,47.78,39.378,0.0
09:00:00 17/02/2025,47.78,39.378,0.0
09:00:00 18/02/2025,47.78,39.378,0.0
09:00:00 19/02/2025,47.78,39.378,0.0
09:00:00 20/02/2025,47.775,39.302,0.0
09:00:00 21/02/2025,47.77,39.237,0.0
09:00:00 22/02/2025,47.77,39.237,0.0
09:00:00 23/02/2025,47.77,39.237,0.1
09:00:00 24/02/2025,47.765,39.161,0.0
09:00:00 25/02/2025,47.76,39.096,0.0
09:00:00 26/02/2025,47.77,39.249,0.0
09:00:00 27/02/2025,47.79,39.53,0.0
09:00:00 28/02/2025,47.785,39.431,0.0
09:00:00 01/03/2025,47.775,39.313,0.0
09:00:00 02/03/2025,47.78,39.378,0.0
09:00:00 03/03/2025,47.78,39.378,0.0
09:00:00 04/03/2025,47.775,39.302,0.0
09:00:00 05/03/2025,47.765,39.161,0.0
09:00:00 06/03/2025,47.765,39.173,0.0
09:00:00 07/03/2025,47.785,39.466,0.0
09:00:00 08/03/2025,47.8,39.66,0.0
09:00:00 09/03/2025,47.795,39.584,0.0
09:00:00 10/03/2025,47.79,39.519,2.0
09:00:00 11/03/2025,47.785,39.442,0.0
09:00:00 12/03/2025,47.765,39.149,0.0
09:00:00 13/03/2025,47.735,38.726,0.0
09:00:00 14/03/2025,47.715,38.456,0.0
09:00:00 15/03/2025,47.7,38.239,0.0
09:00:00 16/03/2025,47.685,38.036,0.0
09:00:00 17/03/2025,47.67,37.822,0.0
09:00:00 18/03/2025,47.67,37.844,0.0
09:00:00 19/03/2025,47.67,37.821,0.0
09:00:00 20/03/2025,47.64,37.393,1.6
09:00:00 21/03/2025,47.595,36.769,7.5
09:00:00 22/03/2025,47.57,36.455,0.0
09:00:00 23/03/2025,47.565,36.382,0.0
09:00:00 24/03/2025,47.565,36.393,0.0
09:00:00 25/03/2025,47.575,36.527,0.0
09:00:00 26/03/2025,47.555,36.225,0.7
09:00:00 27/03/2025,47.53,35.914,0.0
09:00:00 28/03/2025,47.5,35.479,0.0
09:00:00 29/03/2025,47.48,35.253,4.0
09:00:00 30/03/2025,47.505,35.595,0.6
09:00:00 31/03/2025,47.535,35.999,0.0
09:00:00 01/04/2025,47.535,35.965,0.0
09:00:00 02/04/2025,47.49,35.344,0.0
09:00:00 03/04/2025,47.455,34.901,0.0
09:00:00 04/04/2025,47.425,34.478,0.0
09:00:00 05/04/2025,47.395,34.1,0.0
09:00:00 06/04/2025,47.385,33.969,0.0
09:00:00 07/04/2025,47.37,33.769,0.0
09:00:00 08/04/2025,47.355,33.58,0.0
09:00:00 09/04/2025,47.345,33.45,0.0
09:00:00 10/04/2025,47.345,33.46,0.0
09:00:00 11/04/2025,47.35,33.52,0.0
09:00:00 12/04/2025,47.34,33.379,0.0
09:00:00 13/04/2025,47.325,33.19,0.0
09:00:00 14/04/2025,47.315,33.06,0.0
09:00:00 15/04/2025,47.32,33.141,0.0
09:00:00 16/04/2025,47.35,33.541,0.0
09:00:00 17/04/2025,47.37,33.78,0.0
09:00:00 18/04/2025,47.365,33.709,0.0
09:00:00 19/04/2025,47.35,33.51,0.0
09:00:00 20/04/2025,47.345,33.46,0.0
09:00:00 21/04/2025,47.345,33.45,0.3
09:00:00 22/04/2025,47.34,33.39,0.0
09:00:00 23/04/2025,47.34,33.39,0.0
09:00:00 24/04/2025,47.345,33.46,0.0
09:00:00 25/04/2025,47.35,33.52,0.3
09:00:00 26/04/2025,47.365,33.731,20.4
09:00:00 27/04/2025,47.39,34.05,1.3
09:00:00 28/04/2025,47.39,34.03,0.0
09:00:00 29/04/2025,47.385,33.98,0.0
09:00:00 30/04/2025,47.37,33.759,0.0
09:00:00 01/05/2025,47.35,33.52,0.0
09:00:00 02/05/2025,47.36,,
